{
  "run_id": "20250910_073537",
  "timestamp_unix": 1757489741.6109562,
  "timestamp_iso": "2025-09-10T07:35:41+0000",
  "dispatch": {
    "alpha_ms": [
      [
        0.0,
        0.5781269611006511,
        0.027990965482838238,
        0.3920783437758319
      ],
      [
        0.7544895143280832,
        0.0,
        0.7126812476079097,
        -0.19710465907075145
      ],
      [
        -0.5312179490463843,
        0.6871833098624979,
        0.0,
        0.5952108479096138
      ],
      [
        0.5778564648208822,
        0.1342788594372717,
        0.4592623372226655,
        0.0
      ]
    ],
    "beta_ms_per_byte": [
      [
        0.0,
        2.833055817242353e-07,
        1.6247950758009236e-07,
        2.7423587010370145e-07
      ],
      [
        2.71897867546743e-07,
        0.0,
        1.8701487711787828e-07,
        1.9672599365167982e-07
      ],
      [
        2.374650431308869e-07,
        1.870998672175838e-07,
        0.0,
        2.7561355060637567e-07
      ],
      [
        2.622390930337302e-07,
        1.4882097127589465e-07,
        2.8621651964745706e-07,
        0.0
      ]
    ],
    "r_squared": [
      [
        1.0,
        0.9985516334330103,
        0.9965466715982845,
        0.9992362106386461
      ],
      [
        0.9986848480170736,
        1.0,
        0.9986071502057285,
        0.9947662734145563
      ],
      [
        0.9812208551590054,
        0.9985500158116785,
        1.0,
        0.9994338900530615
      ],
      [
        0.9996718920154165,
        0.9948934810790687,
        0.9990819041767472,
        1.0
      ]
    ]
  },
  "combine": {
    "alpha_ms": [
      [
        0.0,
        0.21525768794134423,
        0.887625610463035,
        0.0012447030674376908
      ],
      [
        -0.11750436023521328,
        0.0,
        0.1338973530850979,
        0.28058729147608685
      ],
      [
        1.283914889682172,
        0.13553753544924602,
        0.0,
        -0.34578266532239704
      ],
      [
        0.25315673976040326,
        0.7239987404818437,
        -0.08875213776716614,
        0.0
      ]
    ],
    "beta_ms_per_byte": [
      [
        0.0,
        2.5972527981317427e-07,
        2.0864951160525973e-07,
        2.963191712102186e-07
      ],
      [
        2.722957663322984e-07,
        0.0,
        1.8536278253968624e-07,
        3.7687352381035296e-07
      ],
      [
        2.919850988058487e-07,
        1.852121431114837e-07,
        0.0,
        2.945306773294261e-07
      ],
      [
        2.7751510147685486e-07,
        2.2438208346189195e-07,
        2.825118171694678e-07,
        0.0
      ]
    ],
    "r_squared": [
      [
        1.0,
        0.9997507031306926,
        0.9961724798966165,
        0.9974628440814857
      ],
      [
        0.9962618342931628,
        1.0,
        0.9988139011297971,
        0.9946402836510541
      ],
      [
        0.9989569419869835,
        0.9990102195764238,
        1.0,
        0.9922405346289921
      ],
      [
        0.998150153302802,
        0.9974851473887771,
        0.997753555218002,
        1.0
      ]
    ]
  },
  "preprocess": {
    "latency_ms": [
      [
        0.2542452084055791,
        0.32123052508104594,
        0.3692018084383259,
        0.24941375834556911
      ]
    ]
  }
}