{
  "run_id": "20250909_045638",
  "timestamp_unix": 1757395255.3336854,
  "timestamp_iso": "2025-09-09T05:20:55+0000",
  "preprocess_ms_per_rank": {
    "2": [
      0.44642438888549807,
      0.2641639709472656,
      0.24088516235351562,
      0.21589555740356445,
      0.21605157852172852,
      0.22902469635009765,
      0.23224334716796874,
      0.23149709701538085,
      0.2515118598937988,
      0.2188871383666992,
      0.2272493362426758,
      0.21582889556884766,
      0.2226734161376953,
      0.22847061157226561,
      0.23193063735961914,
      0.22050628662109376,
      0.2558321952819824,
      0.23521203994750978,
      0.3197981834411621,
      0.21548566818237305
    ]
  },
  "dispatch_ms_per_edge": {
    "2-0": [
      [
        3275900,
        1.9105422019958496
      ],
      [
        6674800,
        2.7813857078552244
      ],
      [
        9311100,
        3.6360871315002443
      ],
      [
        13517700,
        4.664411544799805
      ],
      [
        16219600,
        5.870456123352051
      ],
      [
        19798900,
        6.761319255828857
      ],
      [
        23218300,
        7.710220146179199
      ],
      [
        26010400,
        8.792882442474365
      ]
    ],
    "2-1": [
      [
        3189800,
        1.5782220840454102
      ],
      [
        6699400,
        2.201211929321289
      ],
      [
        10258200,
        2.9977593421936035
      ],
      [
        12947800,
        3.82946720123291
      ],
      [
        15965400,
        4.621827507019043
      ],
      [
        20422100,
        5.345269393920899
      ],
      [
        23550400,
        6.01887092590332
      ],
      [
        25514300,
        7.078519725799561
      ]
    ],
    "2-3": [
      [
        1664600,
        2.321551036834717
      ],
      [
        2123800,
        2.684809684753418
      ],
      [
        2460000,
        3.1309276580810548
      ],
      [
        2656800,
        3.3493255615234374
      ]
    ]
  },
  "combine_ms_per_edge": {
    "2-0": [
      [
        3272704,
        1.0936793327331542
      ],
      [
        6668288,
        2.2568207740783692
      ],
      [
        9302016,
        3.165098285675049
      ],
      [
        13504512,
        4.237933254241943
      ],
      [
        16203776,
        5.238477993011474
      ],
      [
        19779584,
        6.277471446990967
      ],
      [
        23195648,
        7.243364906311035
      ],
      [
        25985024,
        8.242097187042237
      ]
    ],
    "2-1": [
      [
        3186688,
        1.054042911529541
      ],
      [
        6692864,
        1.8156920433044434
      ],
      [
        10248192,
        2.6261874198913575
      ],
      [
        12935168,
        3.342615032196045
      ],
      [
        15949824,
        4.049391651153565
      ],
      [
        20402176,
        4.952633380889893
      ],
      [
        23527424,
        5.608165836334228
      ],
      [
        25489408,
        6.397364902496338
      ]
    ],
    "2-3": [
      [
        1662976,
        1.8743574142456054
      ],
      [
        2121728,
        2.2499176979064943
      ],
      [
        2457600,
        2.6031005859375
      ],
      [
        2654208,
        2.894381618499756
      ]
    ]
  }
}