{
  "run_id": "20250909_045638",
  "timestamp_unix": 1757395255.3336368,
  "timestamp_iso": "2025-09-09T05:20:55+0000",
  "preprocess_ms_per_rank": {
    "1": [
      0.31398897171020507,
      0.23660678863525392,
      0.21474571228027345,
      0.23583765029907228,
      0.23486242294311524,
      0.24725427627563476,
      0.23069372177124023,
      0.22986040115356446,
      0.21631908416748047,
      0.2420222282409668,
      0.2326435089111328,
      0.2684329032897949,
      0.2180272102355957,
      0.23647890090942383,
      0.23263015747070312,
      0.22239913940429687
    ]
  },
  "dispatch_ms_per_edge": {
    "1-0": [
      [
        3275900,
        1.7619672775268556
      ],
      [
        6322200,
        2.811939907073975
      ],
      [
        9999900,
        3.6054813385009767
      ],
      [
        12648500,
        4.746413516998291
      ],
      [
        17039600,
        5.83539571762085
      ],
      [
        19327400,
        6.798067474365235
      ],
      [
        23406900,
        7.7106067657470705
      ],
      [
        26600800,
        8.747605800628662
      ]
    ],
    "1-2": [
      [
        1586700,
        2.0632872581481934
      ],
      [
        1832700,
        2.3594228744506838
      ],
      [
        2004900,
        2.7585432052612306
      ],
      [
        2496900,
        3.111674499511719
      ],
      [
        2636300,
        3.3710551261901855
      ]
    ],
    "1-3": [
      [
        2164800,
        2.814845848083496
      ],
      [
        2410800,
        3.080173397064209
      ],
      [
        2693700,
        3.3173262596130373
      ]
    ]
  },
  "combine_ms_per_edge": {
    "1-0": [
      [
        3272704,
        1.2347326278686523
      ],
      [
        6316032,
        2.2495923042297363
      ],
      [
        9990144,
        3.170127105712891
      ],
      [
        12636160,
        4.194303894042969
      ],
      [
        17022976,
        5.216495132446289
      ],
      [
        19308544,
        6.2359014511108395
      ],
      [
        23384064,
        7.208328342437744
      ],
      [
        26574848,
        8.239064979553223
      ]
    ],
    "1-2": [
      [
        1585152,
        1.5984607696533204
      ],
      [
        1830912,
        1.8774412155151368
      ],
      [
        2002944,
        2.279237079620361
      ],
      [
        2494464,
        2.645187568664551
      ],
      [
        2633728,
        2.8667821884155273
      ]
    ],
    "1-3": [
      [
        2162688,
        2.204335594177246
      ],
      [
        2408448,
        2.5669556617736817
      ],
      [
        2691072,
        2.763790988922119
      ]
    ]
  }
}