{
  "run_id": "20250909_045638",
  "timestamp_unix": 1757395255.3336568,
  "timestamp_iso": "2025-09-09T05:20:55+0000",
  "preprocess_ms_per_rank": {
    "0": [
      0.2819098472595215,
      0.23855648040771485,
      0.2168292999267578,
      0.23448457717895507,
      0.2500920295715332,
      0.21939926147460936,
      0.23444757461547852,
      0.2334284782409668
    ]
  },
  "dispatch_ms_per_edge": {
    "0-1": [
      [
        278800,
        1.8768033027648925
      ],
      [
        602700,
        2.823133373260498
      ],
      [
        943000,
        3.6952912330627443
      ],
      [
        1299700,
        4.782069873809815
      ],
      [
        1558000,
        5.987899971008301
      ],
      [
        2058200,
        6.887282657623291
      ],
      [
        2209900,
        7.920612812042236
      ],
      [
        2447700,
        9.00660219192505
      ]
    ]
  },
  "combine_ms_per_edge": {
    "0-1": [
      [
        278528,
        1.2896892547607421
      ],
      [
        602112,
        2.242218589782715
      ],
      [
        942080,
        3.084727573394775
      ],
      [
        1298432,
        4.148981666564941
      ],
      [
        1556480,
        5.0963109016418455
      ],
      [
        2056192,
        6.106486034393311
      ],
      [
        2207744,
        7.036483955383301
      ],
      [
        2445312,
        8.039879703521729
      ]
    ]
  }
}