{
  "run_id": "20250909_045638",
  "timestamp_unix": 1757395255.3336725,
  "timestamp_iso": "2025-09-09T05:20:55+0000",
  "preprocess_ms_per_rank": {
    "3": [
      0.2748278617858887,
      0.2619780540466309,
      0.22758283615112304,
      0.23701019287109376,
      0.21416425704956055,
      0.21459836959838868,
      0.21420831680297853,
      0.22693204879760742,
      0.23150205612182617,
      0.22897977828979493,
      0.22731428146362304,
      0.23643941879272462,
      0.3800938606262207,
      0.21437416076660157,
      0.2205571174621582,
      0.2204594612121582,
      0.22581863403320312,
      0.23802175521850585,
      0.2340399742126465,
      0.2767531394958496,
      0.26569671630859376,
      0.22662458419799805,
      0.23891925811767578,
      0.2275115966796875
    ]
  },
  "dispatch_ms_per_edge": {
    "3-0": [
      [
        3349700,
        1.8881587028503417
      ],
      [
        6674800,
        2.764570140838623
      ],
      [
        9708800,
        3.6182814598083497
      ],
      [
        13468500,
        4.673509120941162
      ],
      [
        16051500,
        5.74943208694458
      ],
      [
        20311400,
        6.71472053527832
      ],
      [
        22308100,
        7.773433971405029
      ],
      [
        26576200,
        8.733629322052002
      ]
    ],
    "3-1": [
      [
        3198000,
        1.5841489791870118
      ],
      [
        6350900,
        2.239617443084717
      ],
      [
        9881000,
        3.0161871910095215
      ],
      [
        13595600,
        3.7738859176635744
      ],
      [
        17060100,
        4.537523555755615
      ],
      [
        19060900,
        5.429424858093261
      ],
      [
        21447100,
        6.1109624862670895
      ],
      [
        27486400,
        6.97787389755249
      ]
    ],
    "3-2": [
      [
        3304600,
        1.2583739280700683
      ],
      [
        6277100,
        1.7411805152893067
      ],
      [
        9958900,
        2.3522037506103515
      ],
      [
        12775600,
        2.945091438293457
      ],
      [
        16974000,
        3.510888671875
      ],
      [
        19675900,
        4.126308441162109
      ],
      [
        23083000,
        4.710332870483398
      ],
      [
        27347000,
        5.282962989807129
      ]
    ]
  },
  "combine_ms_per_edge": {
    "3-0": [
      [
        3346432,
        1.2672042846679688
      ],
      [
        6668288,
        2.276821422576904
      ],
      [
        9699328,
        3.1520193099975584
      ],
      [
        13455360,
        4.227141857147217
      ],
      [
        16035840,
        5.213710308074951
      ],
      [
        20291584,
        6.266884803771973
      ],
      [
        22286336,
        7.158668327331543
      ],
      [
        26550272,
        8.209564399719238
      ]
    ],
    "3-1": [
      [
        3194880,
        1.0441719055175782
      ],
      [
        6344704,
        1.7816060066223145
      ],
      [
        9871360,
        2.621135139465332
      ],
      [
        13582336,
        3.377280044555664
      ],
      [
        17043456,
        4.106265640258789
      ],
      [
        19042304,
        4.8735960006713865
      ],
      [
        21426176,
        5.518321132659912
      ],
      [
        27459584,
        6.457507133483887
      ]
    ],
    "3-2": [
      [
        3301376,
        0.8295795440673828
      ],
      [
        6270976,
        1.372270679473877
      ],
      [
        9949184,
        1.9607255935668946
      ],
      [
        12763136,
        2.513485050201416
      ],
      [
        16957440,
        3.1175748825073244
      ],
      [
        19656704,
        3.7509437561035157
      ],
      [
        23060480,
        4.266678810119629
      ],
      [
        27320320,
        4.807604694366455
      ]
    ]
  }
}