{
  "run_id": "20250915_055717",
  "timestamp_unix": 1757915871.3080485,
  "timestamp_iso": "2025-09-15T05:57:51+0000",
  "dispatch": {
    "alpha_ms": [
      [
        0.0,
        1.9174991218104787,
        2.6495480977170023,
        1.4261809207167262
      ],
      [
        1.3884652924119796,
        0.0,
        2.0212847849940134,
        1.8415544991390365
      ],
      [
        1.3604406856654228,
        0.7857963334774575,
        0.0,
        0.6198046277006769
      ],
      [
        2.3901311257992495,
        2.465963427306224,
        0.6088685879823289,
        0.0
      ]
    ],
    "beta_ms_per_byte": [
      [
        0.0,
        5.586044771169225e-06,
        5.545189051978792e-06,
        5.583930785702006e-06
      ],
      [
        5.587385177437641e-06,
        0.0,
        5.58122423962854e-06,
        5.580546918821256e-06
      ],
      [
        5.579685599703298e-06,
        5.579450548036145e-06,
        0.0,
        5.587151997537623e-06
      ],
      [
        5.584672156765775e-06,
        5.560326393233127e-06,
        5.604654682212417e-06,
        0.0
      ]
    ],
    "r_squared": [
      [
        1.0,
        0.9999990034355485,
        0.9999988963639352,
        0.9999982369269763
      ],
      [
        0.9999987992305089,
        1.0,
        0.9999996957700911,
        0.9999999953376748
      ],
      [
        0.999999639852268,
        0.9999998732297959,
        1.0,
        0.9999992531296586
      ],
      [
        0.9999995110711256,
        0.9999973445889659,
        0.999998744238537,
        1.0
      ]
    ]
  },
  "combine": {
    "alpha_ms": [
      [
        0.0,
        -37.94152677579613,
        1.1756830148127346,
        0.6807153368526939
      ],
      [
        0.5997288481265914,
        0.0,
        2.2628356981373856,
        0.5447831126922789
      ],
      [
        -0.21194703057714975,
        3.5169897898005984,
        0.0,
        0.7138894581440853
      ],
      [
        -0.12485428426754104,
        3.4583125337013043,
        0.7504853584344724,
        0.0
      ]
    ],
    "beta_ms_per_byte": [
      [
        0.0,
        5.580649022521462e-06,
        1.068940917651358e-06,
        1.5797841109880873e-06
      ],
      [
        5.595500594042717e-06,
        0.0,
        1.0803959398173672e-06,
        1.5831123414929917e-06
      ],
      [
        5.597307374154957e-06,
        1.0614455130564928e-06,
        0.0,
        1.5733880378840002e-06
      ],
      [
        5.600815685520395e-06,
        1.0696316644402007e-06,
        1.5844453089080965e-06,
        0.0
      ]
    ],
    "r_squared": [
      [
        1.0,
        0.9987007233456381,
        0.999900300902036,
        0.9999103455098024
      ],
      [
        0.9999997767654328,
        1.0,
        0.9992736976033453,
        0.9998951864131936
      ],
      [
        0.9999998091713317,
        0.9990410852861752,
        1.0,
        0.9999064720509604
      ],
      [
        0.9999998109563927,
        0.9990606565715595,
        0.9999193211528962,
        1.0
      ]
    ]
  },
  "preprocess": {
    "latency_ms": [
      [
        14.96698954651753,
        1.5999245658516887,
        2.4001631990075114,
        1.3150992905100185
      ]
    ]
  }
}