{
  "run_id": "20250908_121708",
  "timestamp_unix": 1757333832.0198865,
  "timestamp_iso": "2025-09-08T12:17:12+0000",
  "dispatch": {
    "alpha_ms": [
      [
        0.0,
        0.9019952286914656,
        0.789898498306071,
        0.7757554446154785
      ],
      [
        0.8401312862813255,
        0.0,
        0.8615288585786436,
        0.6425472699035414
      ],
      [
        0.7006386908764176,
        0.8416801244141126,
        0.0,
        0.7782484895626387
      ],
      [
        0.6378235420556564,
        0.7932367715436611,
        0.8062073762278468,
        0.0
      ]
    ],
    "beta_ms_per_byte": [
      [
        0.0,
        2.672524822634007e-06,
        2.5039698368383034e-06,
        2.5089164685368235e-06
      ],
      [
        2.646134546158937e-06,
        0.0,
        2.6443102861772836e-06,
        2.5865298318760434e-06
      ],
      [
        2.552182578179306e-06,
        2.6444173032063773e-06,
        0.0,
        2.674739530497317e-06
      ],
      [
        2.5616056950757436e-06,
        2.501219279527279e-06,
        2.7110320076888658e-06,
        0.0
      ]
    ],
    "r_squared": [
      [
        1.0,
        0.9999064895168175,
        0.9995554273839817,
        0.9999256729632671
      ],
      [
        0.9999464598955122,
        1.0,
        0.9996950686591202,
        0.9999955933030591
      ],
      [
        0.9998557586153511,
        0.9997476229555142,
        1.0,
        0.9999599934347592
      ],
      [
        0.9996292484739965,
        0.9998273692419593,
        0.9999508067891913,
        1.0
      ]
    ]
  },
  "combine": {
    "alpha_ms": [
      [
        0.0,
        0.27601118461001456,
        0.3427091785127131,
        0.20312432045878637
      ],
      [
        0.1703560156056432,
        0.0,
        0.27885844968108586,
        0.440779494209647
      ],
      [
        0.449255137823207,
        0.2696965223381873,
        0.0,
        0.24969418013465539
      ],
      [
        0.5389963567659075,
        0.34895167730436744,
        0.23401014537785625,
        0.0
      ]
    ],
    "beta_ms_per_byte": [
      [
        0.0,
        2.6482157621003278e-06,
        2.762431023011845e-06,
        2.945395283634786e-06
      ],
      [
        2.7055714353095798e-06,
        0.0,
        2.6132552426331555e-06,
        2.8231553366675383e-06
      ],
      [
        2.777118140597997e-06,
        2.6333026171083143e-06,
        0.0,
        2.7700312379484146e-06
      ],
      [
        2.7678238591337717e-06,
        2.7757221831132064e-06,
        2.738965846350954e-06,
        0.0
      ]
    ],
    "r_squared": [
      [
        1.0,
        0.9999086907037218,
        0.9999766018216829,
        0.9999235456680383
      ],
      [
        0.9999580655844386,
        1.0,
        0.9999319737054646,
        0.9995128842760042
      ],
      [
        0.9993645246095981,
        0.9999356341946256,
        1.0,
        0.9998535781365354
      ],
      [
        0.9992916575458243,
        0.999830806708404,
        0.9998349746735862,
        1.0
      ]
    ]
  },
  "preprocess": {
    "latency_ms": [
      [
        0.2641016403834025,
        0.25328534046808876,
        0.26099644899368285,
        0.2627137104670207
      ]
    ]
  }
}