{
  "run_id": "20250908_121144",
  "timestamp_unix": 1757333514.1572607,
  "timestamp_iso": "2025-09-08T12:11:54+0000",
  "dispatch": {
    "alpha_ms": [
      [
        0.0,
        0.7761471790774231,
        0.6851152470280373,
        0.6545535502029896
      ],
      [
        0.7510143561854832,
        0.0,
        0.7407576659151371,
        0.680461979214819
      ],
      [
        0.7566578576076473,
        0.768468756840573,
        0.0,
        0.7100638487105975
      ],
      [
        0.7468014345028632,
        0.7591887909376653,
        0.7052564739931587,
        0.0
      ]
    ],
    "beta_ms_per_byte": [
      [
        0.0,
        2.718049429036168e-06,
        2.5599191714615678e-06,
        2.5607163595177235e-06
      ],
      [
        2.6730076605223037e-06,
        0.0,
        2.6932374008138526e-06,
        2.563132525305987e-06
      ],
      [
        2.5385414959210477e-06,
        2.6914007852533878e-06,
        0.0,
        2.684248029168168e-06
      ],
      [
        2.565120950474459e-06,
        2.519009034977547e-06,
        2.7307149386640727e-06,
        0.0
      ]
    ],
    "r_squared": [
      [
        1.0,
        0.9998604351822951,
        0.9999683381648462,
        0.9999852864580089
      ],
      [
        0.9998874068060909,
        1.0,
        0.9999672052901665,
        0.9999844065220178
      ],
      [
        0.9999067430243439,
        0.9999638545904215,
        1.0,
        0.9999866380715773
      ],
      [
        0.999898135543423,
        0.9999704463906277,
        0.9999827798865667,
        1.0
      ]
    ]
  },
  "combine": {
    "alpha_ms": [
      [
        0.0,
        0.11062671527203888,
        0.33638972942952705,
        0.2110166120165954
      ],
      [
        0.1186129385527687,
        0.0,
        0.24269813839783927,
        0.1722521991372133
      ],
      [
        0.13873286541088,
        0.2385770909098888,
        0.0,
        0.14433041533588742
      ],
      [
        0.14131953132445282,
        0.26262777306826235,
        0.14564850149639577,
        0.0
      ]
    ],
    "beta_ms_per_byte": [
      [
        0.0,
        2.7037429028960525e-06,
        2.7600405032502647e-06,
        2.936929500402294e-06
      ],
      [
        2.7634066309490883e-06,
        0.0,
        2.64814161724728e-06,
        2.949955115594857e-06
      ],
      [
        2.8821156461918615e-06,
        2.635004698657098e-06,
        0.0,
        2.8176122158445434e-06
      ],
      [
        2.8712893319889045e-06,
        2.816302626510144e-06,
        2.7846420211912133e-06,
        0.0
      ]
    ],
    "r_squared": [
      [
        1.0,
        0.9999362940189486,
        0.9999643954644678,
        0.9999585798587852
      ],
      [
        0.999934183743559,
        1.0,
        0.9999871086468071,
        0.9999551951114921
      ],
      [
        0.9998976176516692,
        0.9999833631508085,
        1.0,
        0.999962943489211
      ],
      [
        0.9999009518674232,
        0.9999641892851062,
        0.9999729411636267,
        1.0
      ]
    ]
  },
  "preprocess": {
    "latency_ms": [
      [
        0.23714273770650227,
        0.242321785291036,
        0.2406365744272868,
        0.24504870255788166
      ]
    ]
  }
}