{
  "run_id": "20250910_064244",
  "timestamp_unix": 1757486567.7340543,
  "timestamp_iso": "2025-09-10T06:42:47+0000",
  "dispatch": {
    "alpha_ms": [
      [
        0.0,
        0.5268579670711647,
        -0.009196353619716297,
        0.5559140217989794
      ],
      [
        0.6962241008721909,
        0.0,
        0.7015869896554795,
        -0.18165107536580188
      ],
      [
        -0.6217568425013877,
        0.7019444211778273,
        0.0,
        0.7056905948291469
      ],
      [
        0.5996114007424509,
        0.14241631828121704,
        0.5553448990241588,
        0.0
      ]
    ],
    "beta_ms_per_byte": [
      [
        0.0,
        2.847899599930285e-07,
        1.6219834725073332e-07,
        2.6459569351203265e-07
      ],
      [
        2.7358139269146366e-07,
        0.0,
        1.8771204104305206e-07,
        1.9577422930204793e-07
      ],
      [
        2.3874962209929566e-07,
        1.8752142922558268e-07,
        0.0,
        2.7053310247197343e-07
      ],
      [
        2.611951657064201e-07,
        1.4846841419491133e-07,
        2.815150249959059e-07,
        0.0
      ]
    ],
    "r_squared": [
      [
        1.0,
        0.9984883857683221,
        0.9953909492227786,
        0.9996103183568066
      ],
      [
        0.9987753077497172,
        1.0,
        0.9986986235251071,
        0.9938928527347054
      ],
      [
        0.9820178527122246,
        0.9984220708938824,
        1.0,
        0.9995053819363823
      ],
      [
        0.9995889055611772,
        0.9979043817441026,
        0.999072143229802,
        1.0
      ]
    ]
  },
  "combine": {
    "alpha_ms": [
      [
        0.0,
        0.21792681913765413,
        0.9040735641796637,
        -0.060621245308653725
      ],
      [
        -0.13322204478498806,
        0.0,
        0.15432673250538634,
        0.3672640893306989
      ],
      [
        1.282501440139754,
        0.11251594300319642,
        0.0,
        -0.41802728707844233
      ],
      [
        0.14130868927393955,
        0.6579580370505475,
        -0.07087801447208744,
        0.0
      ]
    ],
    "beta_ms_per_byte": [
      [
        0.0,
        2.5114777989651954e-07,
        2.0468669374066235e-07,
        2.9357921033297316e-07
      ],
      [
        2.7152649280112983e-07,
        0.0,
        1.8502845017761254e-07,
        3.744898842600704e-07
      ],
      [
        2.900257518052243e-07,
        1.8390011435567262e-07,
        0.0,
        2.941862301586166e-07
      ],
      [
        2.74944350946648e-07,
        2.2006397427095646e-07,
        2.761795181125476e-07,
        0.0
      ]
    ],
    "r_squared": [
      [
        1.0,
        0.9996847481149408,
        0.9960746666073619,
        0.9975598350573588
      ],
      [
        0.9963079958525211,
        1.0,
        0.9992291960827342,
        0.9968678263941231
      ],
      [
        0.9985321513759128,
        0.9988078451007917,
        1.0,
        0.993751115833986
      ],
      [
        0.9987936569202476,
        0.9962074408728561,
        0.9984058315496875,
        1.0
      ]
    ]
  },
  "preprocess": {
    "latency_ms": [
      [
        0.24519418334433185,
        0.3090438833518419,
        0.35722935000085276,
        0.2523877166502643
      ]
    ]
  }
}