{
  "run_id": "20250908_132733",
  "timestamp_unix": 1757338059.6047657,
  "timestamp_iso": "2025-09-08T13:27:39+0000",
  "preprocess_ms_per_rank": {
    "0": [
      0.2787513256072998,
      0.24597461223602296,
      0.28035888671875,
      0.23202698230743407,
      0.2224878787994385,
      0.23233377933502197,
      0.24206464290618895,
      0.21974949836730956,
      0.24289195537567138,
      0.23356108665466307,
      0.23066260814666747,
      0.24175281524658204,
      0.22445015907287597,
      0.22495269775390625,
      0.2216190814971924,
      0.23152801990509034
    ]
  },
  "dispatch_ms_per_edge": {
    "0-0": [
      [
        2144300,
        2.874511981010437
      ],
      [
        4432100,
        4.795266127586364
      ],
      [
        6416500,
        7.0840373039245605
      ],
      [
        8351700,
        8.788491129875183
      ]
    ],
    "0-1": [
      [
        1951600,
        2.7547572374343874
      ],
      [
        4136900,
        4.7707984209060665
      ],
      [
        6687100,
        7.094697666168213
      ],
      [
        8413200,
        9.019629740715027
      ]
    ],
    "0-2": [
      [
        2357500,
        2.8647589445114137
      ],
      [
        4432100,
        4.830187225341797
      ],
      [
        6244300,
        6.981147360801697
      ],
      [
        7863800,
        8.852935862541198
      ]
    ],
    "0-3": [
      [
        2058200,
        2.7771115779876707
      ],
      [
        4370600,
        4.8506804466247555
      ],
      [
        6568200,
        7.091292047500611
      ],
      [
        7843300,
        8.920546722412109
      ]
    ]
  },
  "combine_ms_per_edge": {
    "0-0": [
      [
        2142208,
        2.2967971324920655
      ],
      [
        4427776,
        4.236818480491638
      ],
      [
        6410240,
        6.46149435043335
      ],
      [
        8343552,
        8.190873908996583
      ]
    ],
    "0-1": [
      [
        1949696,
        2.229293942451477
      ],
      [
        4132864,
        4.204453754425049
      ],
      [
        6680576,
        6.513609862327575
      ],
      [
        8404992,
        8.408328080177307
      ]
    ],
    "0-2": [
      [
        2355200,
        2.301419901847839
      ],
      [
        4427776,
        4.281135702133179
      ],
      [
        6238208,
        6.395378494262696
      ],
      [
        7856128,
        8.241335821151733
      ]
    ],
    "0-3": [
      [
        2056192,
        2.256720519065857
      ],
      [
        4366336,
        4.3168981075286865
      ],
      [
        6561792,
        6.482469511032105
      ],
      [
        7835648,
        8.337067127227783
      ]
    ]
  }
}