{
  "run_id": "20250908_132733",
  "timestamp_unix": 1757338059.6048462,
  "timestamp_iso": "2025-09-08T13:27:39+0000",
  "preprocess_ms_per_rank": {
    "3": [
      0.2667684555053711,
      0.23691210746765137,
      0.3255018949508667,
      0.2337563991546631,
      0.2257927179336548,
      0.23337974548339843,
      0.24635708332061768,
      0.21910536289215088,
      0.23867475986480713,
      0.23409733772277833,
      0.23144474029541015,
      0.24276254177093506,
      0.22521796226501464,
      0.23161909580230713,
      0.22850208282470702,
      0.23803751468658446
    ]
  },
  "dispatch_ms_per_edge": {
    "3-0": [
      [
        2218100,
        2.8705314874649046
      ],
      [
        4296800,
        4.775130820274353
      ],
      [
        6601000,
        7.0713437557220455
      ],
      [
        8417300,
        8.766445994377136
      ]
    ],
    "3-1": [
      [
        1927000,
        2.7658985376358034
      ],
      [
        3989300,
        4.7411463260650635
      ],
      [
        6490300,
        7.087887167930603
      ],
      [
        8741200,
        8.977251052856445
      ]
    ],
    "3-2": [
      [
        2201700,
        2.8715341329574584
      ],
      [
        4374700,
        4.870582509040832
      ],
      [
        6449300,
        6.974744772911071
      ],
      [
        8364000,
        8.807269811630249
      ]
    ],
    "3-3": [
      [
        2099200,
        2.7709957361221313
      ],
      [
        4083600,
        4.845670390129089
      ],
      [
        6834700,
        7.080496716499328
      ],
      [
        8679700,
        8.867891097068787
      ]
    ]
  },
  "combine_ms_per_edge": {
    "3-0": [
      [
        2215936,
        2.3204068899154664
      ],
      [
        4292608,
        4.291687726974487
      ],
      [
        6594560,
        6.495421934127807
      ],
      [
        8409088,
        8.204838848114013
      ]
    ],
    "3-1": [
      [
        1925120,
        2.246434783935547
      ],
      [
        3985408,
        4.244321823120117
      ],
      [
        6483968,
        6.526067328453064
      ],
      [
        8732672,
        8.407337975502013
      ]
    ],
    "3-2": [
      [
        2199552,
        2.3227928638458253
      ],
      [
        4370432,
        4.261726570129395
      ],
      [
        6443008,
        6.417871689796447
      ],
      [
        8355840,
        8.21630425453186
      ]
    ],
    "3-3": [
      [
        2097152,
        2.284510850906372
      ],
      [
        4079616,
        4.374113440513611
      ],
      [
        6828032,
        6.480806946754456
      ],
      [
        8671232,
        8.309861636161804
      ]
    ]
  }
}