{
  "run_id": "20250908_132733",
  "timestamp_unix": 1757338059.604795,
  "timestamp_iso": "2025-09-08T13:27:39+0000",
  "preprocess_ms_per_rank": {
    "1": [
      0.2884795904159546,
      0.24853167533874512,
      0.28275940418243406,
      0.23328251838684083,
      0.2241438388824463,
      0.23113706111907958,
      0.24344899654388427,
      0.21934106349945068,
      0.24076828956604004,
      0.2342545986175537,
      0.231595778465271,
      0.2431290864944458,
      0.23274598121643067,
      0.2346346616744995,
      0.2225966215133667,
      0.23800530433654785
    ]
  },
  "dispatch_ms_per_edge": {
    "1-0": [
      [
        2041800,
        2.872402048110962
      ],
      [
        4038500,
        4.800756311416626
      ],
      [
        6465700,
        7.084549379348755
      ],
      [
        8601800,
        8.738853120803833
      ]
    ],
    "1-1": [
      [
        2193500,
        2.730768394470215
      ],
      [
        4268100,
        4.755717730522155
      ],
      [
        6322200,
        7.120751857757568
      ],
      [
        7995000,
        8.996559619903564
      ]
    ],
    "1-2": [
      [
        2271400,
        2.8457215070724486
      ],
      [
        4182000,
        4.842853665351868
      ],
      [
        6719900,
        6.979109382629394
      ],
      [
        8409100,
        8.863149738311767
      ]
    ],
    "1-3": [
      [
        1996700,
        2.7616912364959716
      ],
      [
        4633000,
        4.837452626228332
      ],
      [
        6428800,
        7.089878749847412
      ],
      [
        8745300,
        8.891448473930359
      ]
    ]
  },
  "combine_ms_per_edge": {
    "1-0": [
      [
        2039808,
        2.332285737991333
      ],
      [
        4034560,
        4.290283894538879
      ],
      [
        6459392,
        6.529142141342163
      ],
      [
        8593408,
        8.215220546722412
      ]
    ],
    "1-1": [
      [
        2191360,
        2.2461883544921877
      ],
      [
        4263936,
        4.209477639198303
      ],
      [
        6316032,
        6.571627283096314
      ],
      [
        7987200,
        8.460302901268005
      ]
    ],
    "1-2": [
      [
        2269184,
        2.3319210767745973
      ],
      [
        4177920,
        4.300980043411255
      ],
      [
        6713344,
        6.444731140136719
      ],
      [
        8400896,
        8.286224508285523
      ]
    ],
    "1-3": [
      [
        1994752,
        2.2872922658920287
      ],
      [
        4628480,
        4.354879260063171
      ],
      [
        6422528,
        6.534968113899231
      ],
      [
        8736768,
        8.360417151451111
      ]
    ]
  }
}