{
  "run_id": "20250908_132733",
  "timestamp_unix": 1757338059.60478,
  "timestamp_iso": "2025-09-08T13:27:39+0000",
  "preprocess_ms_per_rank": {
    "2": [
      0.28222999572753904,
      0.248041033744812,
      0.32915143966674804,
      0.2340975284576416,
      0.22634415626525878,
      0.2325590133666992,
      0.2429518699645996,
      0.22025663852691652,
      0.24667208194732665,
      0.2365496873855591,
      0.23426287174224852,
      0.24468493461608887,
      0.22637927532196045,
      0.22816848754882812,
      0.2316204786300659,
      0.23333635330200195
    ]
  },
  "dispatch_ms_per_edge": {
    "2-0": [
      [
        2341100,
        2.889122986793518
      ],
      [
        4366500,
        4.764458632469177
      ],
      [
        6654300,
        7.045878863334655
      ],
      [
        8269700,
        8.763288974761963
      ]
    ],
    "2-1": [
      [
        2017200,
        2.7527907848358155
      ],
      [
        4247600,
        4.727034616470337
      ],
      [
        6461600,
        7.098795533180237
      ],
      [
        8487000,
        9.006446957588196
      ]
    ],
    "2-2": [
      [
        1968000,
        2.8675366163253786
      ],
      [
        4161500,
        4.821072840690613
      ],
      [
        6211500,
        6.974841022491455
      ],
      [
        8167200,
        8.794021105766296
      ]
    ],
    "2-3": [
      [
        2054100,
        2.7681606292724608
      ],
      [
        4444400,
        4.833462905883789
      ],
      [
        6564100,
        7.082122874259949
      ],
      [
        8519800,
        8.893843722343444
      ]
    ]
  },
  "combine_ms_per_edge": {
    "2-0": [
      [
        2338816,
        2.311502981185913
      ],
      [
        4362240,
        4.293622231483459
      ],
      [
        6647808,
        6.5015706539154055
      ],
      [
        8261632,
        8.226567697525024
      ]
    ],
    "2-1": [
      [
        2015232,
        2.2381396770477293
      ],
      [
        4243456,
        4.244998359680176
      ],
      [
        6455296,
        6.5577627420425415
      ],
      [
        8478720,
        8.430136036872863
      ]
    ],
    "2-2": [
      [
        1966080,
        2.339139533042908
      ],
      [
        4157440,
        4.357558393478394
      ],
      [
        6205440,
        6.4567543268203735
      ],
      [
        8159232,
        8.2616361618042
      ]
    ],
    "2-3": [
      [
        2052096,
        2.286454367637634
      ],
      [
        4440064,
        4.361676597595215
      ],
      [
        6557696,
        6.526219058036804
      ],
      [
        8511488,
        8.367028069496154
      ]
    ]
  }
}