{
  "run_id": "20250915_051752",
  "timestamp_unix": 1757913542.0556755,
  "timestamp_iso": "2025-09-15T05:19:02+0000",
  "dispatch": {
    "alpha_ms": [
      [
        0.0,
        2.2453551131469127,
        2.2579011671625304,
        2.2627457272015143
      ],
      [
        3.0242933041838,
        0.0,
        3.0366309030441005,
        3.041377386832769
      ],
      [
        2.3927082256409995,
        2.4050129812868417,
        0.0,
        2.4097497699292227
      ],
      [
        2.675091081093715,
        2.6876731686284283,
        2.6925600779199863,
        0.0
      ]
    ],
    "beta_ms_per_byte": [
      [
        0.0,
        5.6457358710647576e-06,
        5.645122028471735e-06,
        5.645731109953973e-06
      ],
      [
        5.553113420266371e-06,
        0.0,
        5.552510065500016e-06,
        5.5531121085129315e-06
      ],
      [
        5.543267084634339e-06,
        5.542666541172833e-06,
        0.0,
        5.543267720269236e-06
      ],
      [
        5.668788961787399e-06,
        5.668175025604419e-06,
        5.6687830103266615e-06,
        0.0
      ]
    ],
    "r_squared": [
      [
        1.0,
        0.999834896289311,
        0.999826713936573,
        0.9998332099466227
      ],
      [
        0.9998767999452371,
        1.0,
        0.9998687675356636,
        0.9998763275645809
      ],
      [
        0.9998684610724534,
        0.9998610570347776,
        1.0,
        0.9998686903781361
      ],
      [
        0.9998495309652342,
        0.9998421997426389,
        0.9998474315531221,
        1.0
      ]
    ]
  },
  "combine": {
    "alpha_ms": [
      [
        0.0,
        6.500175730616002,
        6.507826767677304,
        6.509773438774549
      ],
      [
        0.15755472137216034,
        0.0,
        0.16997194832749446,
        0.17471124035701385
      ],
      [
        0.009255663042195425,
        0.021671614833373792,
        0.0,
        0.026433396350888382
      ],
      [
        0.1790092245896966,
        0.19139324024115015,
        0.196134345918106,
        0.0
      ]
    ],
    "beta_ms_per_byte": [
      [
        0.0,
        3.3850215405122957e-06,
        3.3846318621969605e-06,
        3.3851488995270184e-06
      ],
      [
        5.6110579161798765e-06,
        0.0,
        5.61045413829506e-06,
        5.6110707384309745e-06
      ],
      [
        5.630172188267276e-06,
        5.629573279634677e-06,
        0.0,
        5.630190973188807e-06
      ],
      [
        5.614761329972161e-06,
        5.6141637350356895e-06,
        5.6147809527141415e-06,
        0.0
      ]
    ],
    "r_squared": [
      [
        1.0,
        0.9662747461089637,
        0.9662544850180698,
        0.9663474582694265
      ],
      [
        0.9998875550237258,
        1.0,
        0.9998816157438891,
        0.999892124865686
      ],
      [
        0.9999010766203674,
        0.9998975975994286,
        1.0,
        0.9999077489188237
      ],
      [
        0.9998846028972942,
        0.9998810079439578,
        0.9998915918005473,
        1.0
      ]
    ]
  },
  "preprocess": {
    "latency_ms": [
      [
        10.411590044697125,
        1.5969056683282057,
        3.272565034528573,
        1.2230708949267863
      ]
    ]
  }
}