{
  "run_id": "20250915_125146",
  "timestamp_unix": 1757941127.6627834,
  "timestamp_iso": "2025-09-15T12:58:47+0000",
  "rank": 2,
  "dispatch": {
    "alpha_ms": [
      [
        0.0,
        0.0,
        0.0,
        0.0
      ],
      [
        0.0,
        0.0,
        0.0,
        0.0
      ],
      [
        2.4932075409662544,
        2.8854162182126717,
        0.0,
        1.8778319381532245
      ]
    ],
    "beta_ms_per_byte": [
      [
        0.0,
        0.0,
        0.0,
        0.0
      ],
      [
        0.0,
        0.0,
        0.0,
        0.0
      ],
      [
        5.576724812108624e-06,
        8.432851332530778e-07,
        0.0,
        8.425499394877105e-07
      ]
    ],
    "r_squared": [
      [
        1.0,
        1.0,
        1.0,
        1.0
      ],
      [
        1.0,
        1.0,
        1.0,
        1.0
      ],
      [
        0.9999996746419618,
        0.9999844764083996,
        1.0,
        0.9999389771916566
      ]
    ]
  },
  "combine": {
    "alpha_ms": [
      [
        0.0,
        0.0,
        0.0,
        0.0
      ],
      [
        0.0,
        0.0,
        0.0,
        0.0
      ],
      [
        -0.9180686496553208,
        -0.3749912324405809,
        0.0,
        -0.21036248888287745
      ]
    ],
    "beta_ms_per_byte": [
      [
        0.0,
        0.0,
        0.0,
        0.0
      ],
      [
        0.0,
        0.0,
        0.0,
        0.0
      ],
      [
        5.551665883342051e-06,
        8.052123039730091e-07,
        0.0,
        8.034990568852486e-07
      ]
    ],
    "r_squared": [
      [
        1.0,
        1.0,
        1.0,
        1.0
      ],
      [
        1.0,
        1.0,
        1.0,
        1.0
      ],
      [
        0.9999997822020977,
        0.9994527375564857,
        1.0,
        0.9970039054907481
      ]
    ]
  },
  "preprocess": {
    "latency_ms": [
      [
        43.15340118532378
      ]
    ]
  }
}