{
  "run_id": "20250915_125146",
  "timestamp_unix": 1757941127.6587918,
  "timestamp_iso": "2025-09-15T12:58:47+0000",
  "dispatch": {
    "alpha_ms": [
      [
        0.0,
        2.5479502587091027,
        2.342833959488649,
        2.419734191894547
      ],
      [
        2.622328799111525,
        0.0,
        2.914188122749331,
        2.878221403984795
      ],
      [
        2.4932075409662544,
        2.8854162182126717,
        0.0,
        1.8778319381532245
      ],
      [
        2.4201621055603253,
        2.924554995128087,
        1.8635398399262233,
        0.0
      ]
    ],
    "beta_ms_per_byte": [
      [
        0.0,
        5.58227329506628e-06,
        5.582264519613516e-06,
        5.580750861909331e-06
      ],
      [
        5.578044409843096e-06,
        0.0,
        8.409205391286266e-07,
        8.428768886515001e-07
      ],
      [
        5.576724812108624e-06,
        8.432851332530778e-07,
        0.0,
        8.425499394877105e-07
      ],
      [
        5.580234977348547e-06,
        8.413388485401186e-07,
        8.430374565235387e-07,
        0.0
      ]
    ],
    "r_squared": [
      [
        1.0,
        0.9999995504845348,
        0.9999996616219718,
        0.9999993822447382
      ],
      [
        0.9999997017239232,
        1.0,
        0.999995101361388,
        0.9999752311623465
      ],
      [
        0.9999996746419618,
        0.9999844764083996,
        1.0,
        0.9999389771916566
      ],
      [
        0.9999988502374512,
        0.999942524157145,
        0.9999651518085461,
        1.0
      ]
    ]
  },
  "combine": {
    "alpha_ms": [
      [
        0.0,
        -0.9744183494931055,
        -0.9757148742675693,
        -0.9454079627990916
      ],
      [
        -0.9504513876778625,
        0.0,
        -0.5279146415846746,
        -0.18114807776042668
      ],
      [
        -0.9180686496553208,
        -0.3749912324405809,
        0.0,
        -0.21036248888287745
      ],
      [
        -0.9732533591133887,
        -0.5536402639888585,
        -0.34585112673895346,
        0.0
      ]
    ],
    "beta_ms_per_byte": [
      [
        0.0,
        5.5531969478362855e-06,
        5.554314317477189e-06,
        5.554862462354827e-06
      ],
      [
        5.554736338898878e-06,
        0.0,
        8.097601982810722e-07,
        8.100727406314496e-07
      ],
      [
        5.551665883342051e-06,
        8.052123039730091e-07,
        0.0,
        8.034990568852486e-07
      ],
      [
        5.553672566105567e-06,
        8.108724945340585e-07,
        8.095582987807786e-07,
        0.0
      ]
    ],
    "r_squared": [
      [
        1.0,
        0.9999997642918548,
        0.9999995825296338,
        0.9999997316936676
      ],
      [
        0.9999996330441498,
        1.0,
        0.9999309279681082,
        0.9940758885302853
      ],
      [
        0.9999997822020977,
        0.9994527375564857,
        1.0,
        0.9970039054907481
      ],
      [
        0.9999994937171222,
        0.9999635259343262,
        0.9993470479617248,
        1.0
      ]
    ]
  },
  "preprocess": {
    "latency_ms": [
      [
        20.609140015972987,
        43.15845579513243,
        43.15340118532378,
        42.83399334758934
      ]
    ]
  }
}