{
  "run_id": "20250915_125146",
  "timestamp_unix": 1757941127.661628,
  "timestamp_iso": "2025-09-15T12:58:47+0000",
  "rank": 1,
  "dispatch": {
    "alpha_ms": [
      [
        0.0,
        0.0,
        0.0,
        0.0
      ],
      [
        2.622328799111525,
        0.0,
        2.914188122749331,
        2.878221403984795
      ]
    ],
    "beta_ms_per_byte": [
      [
        0.0,
        0.0,
        0.0,
        0.0
      ],
      [
        5.578044409843096e-06,
        0.0,
        8.409205391286266e-07,
        8.428768886515001e-07
      ]
    ],
    "r_squared": [
      [
        1.0,
        1.0,
        1.0,
        1.0
      ],
      [
        0.9999997017239232,
        1.0,
        0.999995101361388,
        0.9999752311623465
      ]
    ]
  },
  "combine": {
    "alpha_ms": [
      [
        0.0,
        0.0,
        0.0,
        0.0
      ],
      [
        -0.9504513876778625,
        0.0,
        -0.5279146415846746,
        -0.18114807776042668
      ]
    ],
    "beta_ms_per_byte": [
      [
        0.0,
        0.0,
        0.0,
        0.0
      ],
      [
        5.554736338898878e-06,
        0.0,
        8.097601982810722e-07,
        8.100727406314496e-07
      ]
    ],
    "r_squared": [
      [
        1.0,
        1.0,
        1.0,
        1.0
      ],
      [
        0.9999996330441498,
        1.0,
        0.9999309279681082,
        0.9940758885302853
      ]
    ]
  },
  "preprocess": {
    "latency_ms": [
      [
        43.15845579513243
      ]
    ]
  }
}