{
  "run_id": "20250915_125146",
  "timestamp_unix": 1757941127.663743,
  "timestamp_iso": "2025-09-15T12:58:47+0000",
  "rank": 3,
  "dispatch": {
    "alpha_ms": [
      [
        0.0,
        0.0,
        0.0
      ],
      [
        0.0,
        0.0,
        0.0
      ],
      [
        0.0,
        0.0,
        0.0
      ],
      [
        2.4201621055603253,
        2.924554995128087,
        1.8635398399262233
      ]
    ],
    "beta_ms_per_byte": [
      [
        0.0,
        0.0,
        0.0
      ],
      [
        0.0,
        0.0,
        0.0
      ],
      [
        0.0,
        0.0,
        0.0
      ],
      [
        5.580234977348547e-06,
        8.413388485401186e-07,
        8.430374565235387e-07
      ]
    ],
    "r_squared": [
      [
        1.0,
        1.0,
        1.0
      ],
      [
        1.0,
        1.0,
        1.0
      ],
      [
        1.0,
        1.0,
        1.0
      ],
      [
        0.9999988502374512,
        0.999942524157145,
        0.9999651518085461
      ]
    ]
  },
  "combine": {
    "alpha_ms": [
      [
        0.0,
        0.0,
        0.0
      ],
      [
        0.0,
        0.0,
        0.0
      ],
      [
        0.0,
        0.0,
        0.0
      ],
      [
        -0.9732533591133887,
        -0.5536402639888585,
        -0.34585112673895346
      ]
    ],
    "beta_ms_per_byte": [
      [
        0.0,
        0.0,
        0.0
      ],
      [
        0.0,
        0.0,
        0.0
      ],
      [
        0.0,
        0.0,
        0.0
      ],
      [
        5.553672566105567e-06,
        8.108724945340585e-07,
        8.095582987807786e-07
      ]
    ],
    "r_squared": [
      [
        1.0,
        1.0,
        1.0
      ],
      [
        1.0,
        1.0,
        1.0
      ],
      [
        1.0,
        1.0,
        1.0
      ],
      [
        0.9999994937171222,
        0.9999635259343262,
        0.9993470479617248
      ]
    ]
  },
  "preprocess": {
    "latency_ms": [
      [
        42.83399334758934
      ]
    ]
  }
}