{
  "run_id": "20250915_125146",
  "timestamp_unix": 1757941127.6596189,
  "timestamp_iso": "2025-09-15T12:58:47+0000",
  "rank": 0,
  "dispatch": {
    "alpha_ms": [
      [
        0.0,
        2.5479502587091027,
        2.342833959488649,
        2.419734191894547
      ]
    ],
    "beta_ms_per_byte": [
      [
        0.0,
        5.58227329506628e-06,
        5.582264519613516e-06,
        5.580750861909331e-06
      ]
    ],
    "r_squared": [
      [
        1.0,
        0.9999995504845348,
        0.9999996616219718,
        0.9999993822447382
      ]
    ]
  },
  "combine": {
    "alpha_ms": [
      [
        0.0,
        -0.9744183494931055,
        -0.9757148742675693,
        -0.9454079627990916
      ]
    ],
    "beta_ms_per_byte": [
      [
        0.0,
        5.5531969478362855e-06,
        5.554314317477189e-06,
        5.554862462354827e-06
      ]
    ],
    "r_squared": [
      [
        1.0,
        0.9999997642918548,
        0.9999995825296338,
        0.9999997316936676
      ]
    ]
  },
  "preprocess": {
    "latency_ms": [
      [
        20.609140015972987
      ]
    ]
  }
}