{
  "run_id": "20250908_144711",
  "timestamp_unix": 1757343391.234636,
  "timestamp_iso": "2025-09-08T14:56:31+0000",
  "dispatch": {
    "alpha_ms": [
      [
        0.0,
        0.8995482445329495,
        0.0,
        0.0
      ],
      [
        0.8028988199136413,
        0.0,
        0.32166302448343975,
        0.0
      ],
      [
        0.6750262967942525,
        0.31992489549282166,
        0.0,
        0.45690103851514424
      ],
      [
        0.7057979434003583,
        0.0,
        0.6118817436943996,
        0.0
      ]
    ],
    "beta_ms_per_byte": [
      [
        0.0,
        9.398956544395172e-07,
        0.0,
        0.0
      ],
      [
        9.470644629161083e-07,
        0.0,
        1.002867332119708e-06,
        0.0
      ],
      [
        9.677367166089547e-07,
        1.0263613322893868e-06,
        0.0,
        1.004092281390233e-06
      ],
      [
        9.598251211558438e-07,
        0.0,
        9.997713522342482e-07,
        0.0
      ]
    ],
    "r_squared": [
      [
        1.0,
        0.9991420036241587,
        1.0,
        1.0
      ],
      [
        0.9989993776405983,
        1.0,
        0.9975645686183712,
        0.0
      ],
      [
        0.9965051575773853,
        0.9991085951427382,
        1.0,
        0.9989523377242145
      ],
      [
        0.9978643629715986,
        0.0,
        0.9987167728071265,
        1.0
      ]
    ]
  },
  "combine": {
    "alpha_ms": [
      [
        0.0,
        0.40629060029772424,
        0.0,
        0.0
      ],
      [
        0.3155144428358662,
        0.0,
        -0.038685519048018396,
        0.0
      ],
      [
        0.18898261382316156,
        -0.057143310698388565,
        0.0,
        0.05424424356000746
      ],
      [
        0.21587901323977235,
        0.0,
        0.09868035557924922,
        0.0
      ]
    ],
    "beta_ms_per_byte": [
      [
        0.0,
        9.375444003512472e-07,
        0.0,
        0.0
      ],
      [
        9.279903002735885e-07,
        0.0,
        9.62768682160025e-07,
        0.0
      ],
      [
        9.645463543897487e-07,
        1.00580411400222e-06,
        0.0,
        9.851313100276666e-07
      ],
      [
        9.554637644825695e-07,
        0.0,
        9.998585179314497e-07,
        0.0
      ]
    ],
    "r_squared": [
      [
        1.0,
        0.9995086448398695,
        1.0,
        1.0
      ],
      [
        0.9991420210437656,
        1.0,
        0.9981707193941263,
        0.0
      ],
      [
        0.997565503383512,
        0.9991181434346522,
        1.0,
        0.998545652367003
      ],
      [
        0.9983618855277661,
        0.0,
        0.9987218821616717,
        1.0
      ]
    ]
  },
  "preprocess": {
    "latency_ms": [
      [
        0.22891181707382202,
        0.23404423395792642,
        0.23099982521750712,
        0.23886385805466598
      ]
    ]
  }
}