{
  "run_id": "20250909_025119",
  "timestamp_unix": 1757389067.648308,
  "timestamp_iso": "2025-09-09T03:37:47+0000",
  "dispatch": {
    "alpha_ms": [
      [
        0.0,
        0.9227279258766391,
        0.0,
        0.0
      ],
      [
        0.8381192161573123,
        0.0,
        0.4339770417665837,
        0.6885391347515076
      ],
      [
        0.6549276281013321,
        0.3579496304263749,
        0.0,
        0.48062814728165415
      ],
      [
        0.7437095244155295,
        0.0,
        0.5361914905982152,
        0.0
      ]
    ],
    "beta_ms_per_byte": [
      [
        0.0,
        9.398794111082231e-07,
        0.0,
        0.0
      ],
      [
        9.45012015308878e-07,
        0.0,
        9.863534359536686e-07,
        9.078484277660546e-07
      ],
      [
        9.699041556207834e-07,
        1.022639165279144e-06,
        0.0,
        1.00039052831697e-06
      ],
      [
        9.529815753480902e-07,
        0.0,
        1.0156724158772524e-06,
        0.0
      ]
    ],
    "r_squared": [
      [
        1.0,
        0.999359143340665,
        1.0,
        1.0
      ],
      [
        0.9982251578146931,
        1.0,
        0.9980395615928228,
        0.9989197681671328
      ],
      [
        0.998054412628263,
        0.9988723745976377,
        1.0,
        0.9985970767419492
      ],
      [
        0.9980842528065561,
        0.0,
        0.9984476659981899,
        1.0
      ]
    ]
  },
  "combine": {
    "alpha_ms": [
      [
        0.0,
        0.396343068881787,
        0.0,
        0.0
      ],
      [
        0.32277932767785383,
        0.0,
        0.05227917725032419,
        0.20846147213683566
      ],
      [
        0.1748705961200261,
        -0.043657889069238245,
        0.0,
        0.06098293689392704
      ],
      [
        0.23061120156332499,
        0.0,
        0.05543273039493583,
        0.0
      ]
    ],
    "beta_ms_per_byte": [
      [
        0.0,
        9.399503251701186e-07,
        0.0,
        0.0
      ],
      [
        9.442788901967863e-07,
        0.0,
        9.667083908473884e-07,
        9.058070200908986e-07
      ],
      [
        9.657736316559534e-07,
        1.002650472620032e-06,
        0.0,
        9.829441988432767e-07
      ],
      [
        9.529402069722876e-07,
        0.0,
        1.0083139668359116e-06,
        0.0
      ]
    ],
    "r_squared": [
      [
        1.0,
        0.9995894020430217,
        1.0,
        1.0
      ],
      [
        0.9990289108450224,
        1.0,
        0.9985149914245035,
        0.9991789120139636
      ],
      [
        0.9980292209074567,
        0.9993030044820094,
        1.0,
        0.9984404531015735
      ],
      [
        0.9987726204086526,
        0.0,
        0.9987741447728895,
        1.0
      ]
    ]
  },
  "preprocess": {
    "latency_ms": [
      [
        0.24095765352249146,
        0.23389558358625928,
        0.2418492620641535,
        0.23794652714448816
      ]
    ]
  }
}