{
  "run_id": "20250910_075106",
  "timestamp_unix": 1757490711.8699658,
  "timestamp_iso": "2025-09-10T07:51:51+0000",
  "dispatch": {
    "alpha_ms": [
      [
        0.0,
        0.6694665187532692,
        0.6710064026026511,
        0.6716192962137857
      ],
      [
        0.7704611100553634,
        0.0,
        0.7719995074880375,
        0.7726117315086696
      ],
      [
        0.77040995093006,
        0.7719488140100732,
        0.0,
        0.7725611167686399
      ],
      [
        0.767932309468957,
        0.769470635202698,
        0.7700832269945456,
        0.0
      ]
    ],
    "beta_ms_per_byte": [
      [
        0.0,
        6.972570712325272e-07,
        6.971827808516903e-07,
        6.972556875158827e-07
      ],
      [
        6.968797577378573e-07,
        0.0,
        6.968056112685439e-07,
        6.968785321785079e-07
      ],
      [
        6.969156318169943e-07,
        6.968414201655573e-07,
        0.0,
        6.969143373141615e-07
      ],
      [
        6.971038348057283e-07,
        6.970297544278507e-07,
        6.971026716607375e-07,
        0.0
      ]
    ],
    "r_squared": [
      [
        1.0,
        0.999945676791152,
        0.9999418540362914,
        0.9999417079820551
      ],
      [
        0.9999474699258903,
        1.0,
        0.9999439448202917,
        0.9999439528373832
      ],
      [
        0.9999438966324071,
        0.9999401954260692,
        1.0,
        0.9999401818958
      ],
      [
        0.9999536880139119,
        0.9999504209192142,
        0.9999503510930824,
        1.0
      ]
    ]
  },
  "combine": {
    "alpha_ms": [
      [
        0.0,
        0.30892227924696614,
        0.31039481791237,
        0.3109915916629518
      ],
      [
        0.3180015245964297,
        0.0,
        0.31947069503743264,
        0.32006017581347757
      ],
      [
        0.31047559719420886,
        0.31194836158922906,
        0.0,
        0.3125394014285568
      ],
      [
        0.3128284260887899,
        0.3143115332413798,
        0.314908437043254,
        0.0
      ]
    ],
    "beta_ms_per_byte": [
      [
        0.0,
        6.730953204182758e-07,
        6.730255966129686e-07,
        6.730950718313838e-07
      ],
      [
        6.698190020394295e-07,
        0.0,
        6.69749013716556e-07,
        6.698188482627859e-07
      ],
      [
        6.717029803915677e-07,
        6.716328807807397e-07,
        0.0,
        6.717029275008174e-07
      ],
      [
        6.76957084245596e-07,
        6.768866234379245e-07,
        6.769570208438892e-07,
        0.0
      ]
    ],
    "r_squared": [
      [
        1.0,
        0.9999863745718853,
        0.9999884717835248,
        0.9999856359440835
      ],
      [
        0.9999940622014206,
        1.0,
        0.9999943560735158,
        0.9999936030454044
      ],
      [
        0.9999924254042724,
        0.999992974073842,
        1.0,
        0.9999922679229191
      ],
      [
        0.9999946686950488,
        0.999995770267887,
        0.9999944813822418,
        1.0
      ]
    ]
  },
  "preprocess": {
    "latency_ms": [
      [
        0.2503150875098072,
        3.3452331291511657,
        5.443984895824299,
        2.2919226791049976
      ]
    ]
  }
}