{
  "run_id": "20250909_025119",
  "timestamp_unix": 1757389067.6455555,
  "timestamp_iso": "2025-09-09T03:37:47+0000",
  "preprocess_ms_per_rank": {
    "1": [
      0.2862235069274902,
      0.254592227935791,
      0.23054094314575196,
      0.22967910766601562,
      0.2455657958984375,
      0.22342891693115235,
      0.21989593505859376,
      0.2341832160949707,
      0.21903400421142577,
      0.2268832206726074,
      0.21947851181030273,
      0.23044223785400392,
      0.21863136291503907,
      0.25620365142822266,
      0.21936073303222656,
      0.23094511032104492,
      0.22348718643188475,
      0.2375185012817383,
      0.21861753463745118,
      0.2508479118347168,
      0.24271793365478517,
      0.22742528915405275
    ]
  },
  "dispatch_ms_per_edge": {
    "1-0": [
      [
        963500,
        1.8689214706420898
      ],
      [
        2066400,
        2.788394546508789
      ],
      [
        3239000,
        3.7401010513305666
      ],
      [
        4104100,
        4.7984415054321286
      ],
      [
        5448900,
        5.835053157806397
      ],
      [
        6539500,
        7.052486705780029
      ],
      [
        7494800,
        7.907690715789795
      ],
      [
        8544400,
        9.002892971038818
      ]
    ],
    "1-3": [
      [
        2283700,
        2.751957416534424
      ],
      [
        3444000,
        3.7349881172180175
      ],
      [
        4526400,
        4.7980962753295895
      ],
      [
        5543200,
        5.823331642150879
      ],
      [
        6883900,
        6.991234397888183
      ],
      [
        7880200,
        7.878770923614502
      ],
      [
        9032300,
        8.78647346496582
      ]
    ],
    "1-2": [
      [
        2234500,
        2.724579906463623
      ],
      [
        3386600,
        3.7219264030456545
      ],
      [
        4346000,
        4.764939308166504
      ],
      [
        5608800,
        5.864124011993408
      ],
      [
        6711700,
        7.015818500518799
      ],
      [
        7699800,
        7.9262364387512205
      ],
      [
        8577200,
        9.058540439605713
      ]
    ]
  },
  "combine_ms_per_edge": {
    "1-0": [
      [
        962560,
        1.3016815185546875
      ],
      [
        2064384,
        2.283375358581543
      ],
      [
        3235840,
        3.2519628524780275
      ],
      [
        4100096,
        4.279103088378906
      ],
      [
        5443584,
        5.354182720184326
      ],
      [
        6533120,
        6.50454158782959
      ],
      [
        7487488,
        7.395480060577393
      ],
      [
        8536064,
        8.437406921386719
      ]
    ],
    "1-3": [
      [
        2281472,
        2.251097011566162
      ],
      [
        3440640,
        3.2650818824768066
      ],
      [
        4521984,
        4.308650016784668
      ],
      [
        5537792,
        5.345436954498291
      ],
      [
        6877184,
        6.472676086425781
      ],
      [
        7872512,
        7.323398876190185
      ],
      [
        9023488,
        8.322151374816894
      ]
    ],
    "1-2": [
      [
        2232320,
        2.2802852630615233
      ],
      [
        3383296,
        3.2727862358093263
      ],
      [
        4341760,
        4.299367237091064
      ],
      [
        5603328,
        5.379332447052002
      ],
      [
        6705152,
        6.506707191467285
      ],
      [
        7692288,
        7.40066442489624
      ],
      [
        8568832,
        8.471162414550781
      ]
    ]
  }
}