{
  "run_id": "20250909_025119",
  "timestamp_unix": 1757389067.6455555,
  "timestamp_iso": "2025-09-09T03:37:47+0000",
  "preprocess_ms_per_rank": {
    "0": [
      0.29715642929077146,
      0.25072460174560546,
      0.23790569305419923,
      0.23103294372558594,
      0.21486740112304686,
      0.22802333831787108,
      0.22898530960083008,
      0.23896551132202148
    ]
  },
  "dispatch_ms_per_edge": {
    "0-1": [
      [
        971700,
        1.8713595390319824
      ],
      [
        1976200,
        2.8019004821777345
      ],
      [
        3017600,
        3.7623433113098144
      ],
      [
        4194300,
        4.782896709442139
      ],
      [
        5219300,
        5.86092586517334
      ],
      [
        6568200,
        7.031419277191162
      ],
      [
        7515300,
        7.930529594421387
      ],
      [
        8515700,
        9.035470867156983
      ]
    ]
  },
  "combine_ms_per_edge": {
    "0-1": [
      [
        970752,
        1.291776180267334
      ],
      [
        1974272,
        2.280852127075195
      ],
      [
        3014656,
        3.2492236137390136
      ],
      [
        4190208,
        4.297303295135498
      ],
      [
        5214208,
        5.354312324523926
      ],
      [
        6561792,
        6.487756729125977
      ],
      [
        7507968,
        7.411585521697998
      ],
      [
        8507392,
        8.460823154449463
      ]
    ]
  }
}