{
  "run_id": "20250909_025119",
  "timestamp_unix": 1757389067.6455605,
  "timestamp_iso": "2025-09-09T03:37:47+0000",
  "preprocess_ms_per_rank": {
    "3": [
      0.2887143135070801,
      0.2178823471069336,
      0.25008201599121094,
      0.25251016616821287,
      0.24096879959106446,
      0.23094520568847657,
      0.23222770690917968,
      0.22198028564453126,
      0.21699056625366211,
      0.25318107604980467,
      0.2549612998962402,
      0.2173473358154297,
      0.2338613510131836,
      0.2253955841064453,
      0.24910917282104492,
      0.2339780807495117,
      0.22495565414428711
    ]
  },
  "dispatch_ms_per_edge": {
    "3-0": [
      [
        1070100,
        1.8702157020568848
      ],
      [
        2189400,
        2.7930671691894533
      ],
      [
        3062700,
        3.7607525825500487
      ],
      [
        4296800,
        4.6717994689941404
      ],
      [
        5543200,
        5.902321434020996
      ],
      [
        6580500,
        7.00582103729248
      ],
      [
        7482500,
        7.867503261566162
      ],
      [
        8515700,
        8.997559452056885
      ]
    ],
    "3-2": [
      [
        1131600,
        1.7105489730834962
      ],
      [
        2177100,
        2.8583053588867187
      ],
      [
        3193900,
        3.778037166595459
      ],
      [
        4313200,
        4.803099632263184
      ],
      [
        5403800,
        5.847734642028809
      ],
      [
        6408300,
        7.047017765045166
      ],
      [
        7183200,
        7.934276866912842
      ],
      [
        8286100,
        9.004786682128906
      ]
    ],
    "3-1": [
      [
        8753500,
        8.962508201599121
      ]
    ]
  },
  "combine_ms_per_edge": {
    "3-0": [
      [
        1069056,
        1.30106840133667
      ],
      [
        2187264,
        2.2845563888549805
      ],
      [
        3059712,
        3.2520473480224608
      ],
      [
        4292608,
        4.2383650779724125
      ],
      [
        5537792,
        5.35902099609375
      ],
      [
        6574080,
        6.51451358795166
      ],
      [
        7475200,
        7.339858627319336
      ],
      [
        8507392,
        8.437203121185302
      ]
    ],
    "3-2": [
      [
        1130496,
        1.2712732315063477
      ],
      [
        2174976,
        2.2720709800720216
      ],
      [
        3190784,
        3.292523670196533
      ],
      [
        4308992,
        4.269338512420655
      ],
      [
        5398528,
        5.369830322265625
      ],
      [
        6402048,
        6.50014820098877
      ],
      [
        7176192,
        7.403411388397217
      ],
      [
        8278016,
        8.441327381134034
      ]
    ],
    "3-1": [
      [
        8744960,
        8.415570926666259
      ]
    ]
  }
}