{
  "run_id": "20250909_025119",
  "timestamp_unix": 1757389067.6455615,
  "timestamp_iso": "2025-09-09T03:37:47+0000",
  "preprocess_ms_per_rank": {
    "2": [
      0.3156848907470703,
      0.2573428153991699,
      0.24399633407592775,
      0.23881855010986328,
      0.24936389923095703,
      0.24213266372680664,
      0.24075469970703126,
      0.2359921455383301,
      0.2435556411743164,
      0.24244108200073242,
      0.21942338943481446,
      0.2272942543029785,
      0.2280280113220215,
      0.25539379119873046,
      0.2593663215637207,
      0.22221174240112304,
      0.23112573623657226,
      0.2380446434020996,
      0.2182170867919922,
      0.2434793472290039,
      0.2191908836364746,
      0.24882583618164061
    ]
  },
  "dispatch_ms_per_edge": {
    "2-0": [
      [
        1016800,
        1.742818832397461
      ],
      [
        2316500,
        2.788514995574951
      ],
      [
        3124200,
        3.736584949493408
      ],
      [
        4288600,
        4.754734516143799
      ],
      [
        5321800,
        5.84901180267334
      ],
      [
        6629700,
        7.037484073638916
      ],
      [
        7630100,
        7.908118152618409
      ],
      [
        8347600,
        8.933487892150879
      ]
    ],
    "2-3": [
      [
        2332900,
        2.7265225410461427
      ],
      [
        3185700,
        3.7858352661132812
      ],
      [
        4419800,
        4.836944675445556
      ],
      [
        5219300,
        5.8061244010925295
      ],
      [
        6605100,
        7.0123851776123045
      ],
      [
        7527600,
        7.992880249023438
      ],
      [
        8511600,
        9.020467472076415
      ]
    ],
    "2-1": [
      [
        2386200,
        2.7305947303771974
      ],
      [
        3300500,
        3.7662367820739746
      ],
      [
        4239400,
        4.788955974578857
      ],
      [
        5358700,
        5.791759300231933
      ],
      [
        6494400,
        7.044393920898438
      ],
      [
        7503000,
        7.916155242919922
      ],
      [
        8446000,
        9.049886417388915
      ]
    ]
  },
  "combine_ms_per_edge": {
    "2-0": [
      [
        1015808,
        1.262490463256836
      ],
      [
        2314240,
        2.261898326873779
      ],
      [
        3121152,
        3.2332707405090333
      ],
      [
        4284416,
        4.297762489318847
      ],
      [
        5316608,
        5.352136707305908
      ],
      [
        6623232,
        6.523354816436767
      ],
      [
        7622656,
        7.390425109863282
      ],
      [
        8339456,
        8.392770481109618
      ]
    ],
    "2-3": [
      [
        2330624,
        2.2779908180236816
      ],
      [
        3182592,
        3.2939239501953126
      ],
      [
        4415488,
        4.298305988311768
      ],
      [
        5214208,
        5.315371036529541
      ],
      [
        6598656,
        6.511691093444824
      ],
      [
        7520256,
        7.414784526824951
      ],
      [
        8503296,
        8.435818767547607
      ]
    ],
    "2-1": [
      [
        2383872,
        2.2760808944702147
      ],
      [
        3297280,
        3.295931816101074
      ],
      [
        4235264,
        4.272819900512696
      ],
      [
        5353472,
        5.315621757507325
      ],
      [
        6488064,
        6.496731853485107
      ],
      [
        7495680,
        7.383969306945801
      ],
      [
        8437760,
        8.44453125
      ]
    ]
  }
}