{
  "run_id": "20250908_123750",
  "timestamp_unix": 1757335074.9607325,
  "timestamp_iso": "2025-09-08T12:37:54+0000",
  "preprocess_ms_per_rank": {
    "1": [
      0.5794398784637451,
      0.27997474670410155,
      0.24703569412231446,
      0.21701250076293946,
      0.22586069107055665,
      0.2170650005340576,
      0.2364591598510742,
      0.21503586769104005,
      0.22730793952941894,
      0.24562158584594726,
      0.23173069953918457,
      0.23667211532592775
    ]
  },
  "dispatch_ms_per_edge": {
    "1-0": [
      [
        8396800,
        3.7157495975494386
      ],
      [
        16793600,
        6.321413373947143
      ],
      [
        25715200,
        9.329909229278565
      ],
      [
        33587200,
        11.988613176345826
      ]
    ],
    "1-2": [
      [
        8396800,
        3.6105722904205324
      ],
      [
        16793600,
        6.334237861633301
      ],
      [
        25715200,
        9.3322838306427
      ],
      [
        33587200,
        12.005680465698243
      ]
    ],
    "1-3": [
      [
        8396800,
        3.26432409286499
      ],
      [
        16793600,
        5.963840436935425
      ],
      [
        25715200,
        8.848422527313232
      ],
      [
        33587200,
        11.39135775566101
      ]
    ]
  },
  "combine_ms_per_edge": {
    "1-0": [
      [
        8388608,
        3.113381290435791
      ],
      [
        16777216,
        5.828006172180176
      ],
      [
        25690112,
        8.832678270339965
      ],
      [
        33554432,
        11.558920860290527
      ]
    ],
    "1-2": [
      [
        8388608,
        3.079128074645996
      ],
      [
        16777216,
        5.776331043243408
      ],
      [
        25690112,
        8.7341703414917
      ],
      [
        33554432,
        11.345066499710082
      ]
    ],
    "1-3": [
      [
        8388608,
        3.5303491592407226
      ],
      [
        16777216,
        6.511315727233887
      ],
      [
        25690112,
        9.792209243774414
      ],
      [
        33554432,
        12.66522650718689
      ]
    ]
  }
}