{
  "run_id": "20250908_123750",
  "timestamp_unix": 1757335074.9607298,
  "timestamp_iso": "2025-09-08T12:37:54+0000",
  "preprocess_ms_per_rank": {
    "3": [
      0.4207350730895996,
      0.29907751083374023,
      0.252642822265625,
      0.223563814163208,
      0.27808575630187987,
      0.22249889373779297,
      0.24692182540893554,
      0.3342848300933838,
      0.2356921672821045,
      0.2482175350189209,
      0.4169311046600342,
      0.24541149139404297
    ]
  },
  "dispatch_ms_per_edge": {
    "3-0": [
      [
        8396800,
        3.3816067695617678
      ],
      [
        16793600,
        6.0312299728393555
      ],
      [
        25715200,
        8.913698387145995
      ],
      [
        33587200,
        11.418348836898804
      ]
    ],
    "3-1": [
      [
        8396800,
        3.241308259963989
      ],
      [
        16793600,
        5.87158055305481
      ],
      [
        25715200,
        8.663975620269776
      ],
      [
        33587200,
        11.163090705871582
      ]
    ],
    "3-2": [
      [
        8396800,
        3.5855615615844725
      ],
      [
        16793600,
        6.39184889793396
      ],
      [
        25715200,
        9.442591190338135
      ],
      [
        33587200,
        12.117473030090332
      ]
    ]
  },
  "combine_ms_per_edge": {
    "3-0": [
      [
        8388608,
        3.086745357513428
      ],
      [
        16777216,
        6.119546699523926
      ],
      [
        25690112,
        9.282516431808471
      ],
      [
        33554432,
        12.100849962234497
      ]
    ],
    "3-1": [
      [
        8388608,
        3.454246425628662
      ],
      [
        16777216,
        6.186925268173217
      ],
      [
        25690112,
        9.282839632034301
      ],
      [
        33554432,
        12.034791707992554
      ]
    ],
    "3-2": [
      [
        8388608,
        3.1718427658081056
      ],
      [
        16777216,
        6.073779964447022
      ],
      [
        25690112,
        9.149906396865845
      ],
      [
        33554432,
        11.92411003112793
      ]
    ]
  }
}