{
  "run_id": "20250908_123750",
  "timestamp_unix": 1757335074.960731,
  "timestamp_iso": "2025-09-08T12:37:54+0000",
  "preprocess_ms_per_rank": {
    "0": [
      0.5817636966705322,
      0.2843449115753174,
      0.252024507522583,
      0.22148661613464354,
      0.2312690258026123,
      0.2224886894226074,
      0.24176106452941895,
      0.2209303379058838,
      0.2347898006439209,
      0.2490307331085205,
      0.23602447509765626,
      0.2458963394165039
    ]
  },
  "dispatch_ms_per_edge": {
    "0-1": [
      [
        8396800,
        3.753924751281738
      ],
      [
        16793600,
        6.399314117431641
      ],
      [
        25715200,
        9.45714774131775
      ],
      [
        33587200,
        12.156751680374146
      ]
    ],
    "0-2": [
      [
        8396800,
        3.423963022232056
      ],
      [
        16793600,
        6.035810327529907
      ],
      [
        25715200,
        8.892927026748657
      ],
      [
        33587200,
        11.41214199066162
      ]
    ],
    "0-3": [
      [
        8396800,
        3.36123104095459
      ],
      [
        16793600,
        5.948158884048462
      ],
      [
        25715200,
        8.777192306518554
      ],
      [
        33587200,
        11.28277382850647
      ]
    ]
  },
  "combine_ms_per_edge": {
    "0-1": [
      [
        8388608,
        3.0793809413909914
      ],
      [
        16777216,
        5.757145261764526
      ],
      [
        25690112,
        8.780036306381225
      ],
      [
        33554432,
        11.432757043838501
      ]
    ],
    "0-2": [
      [
        8388608,
        3.2333887100219725
      ],
      [
        16777216,
        6.066973447799683
      ],
      [
        25690112,
        9.198538208007813
      ],
      [
        33554432,
        11.993396425247193
      ]
    ],
    "0-3": [
      [
        8388608,
        3.408314418792725
      ],
      [
        16777216,
        6.536391687393189
      ],
      [
        25690112,
        9.886673069000244
      ],
      [
        33554432,
        12.830747699737548
      ]
    ]
  }
}