{
  "run_id": "20250908_123750",
  "timestamp_unix": 1757335074.9607363,
  "timestamp_iso": "2025-09-08T12:37:54+0000",
  "preprocess_ms_per_rank": {
    "2": [
      0.5766924858093262,
      0.288714075088501,
      0.24992470741271972,
      0.2199263572692871,
      0.23012681007385255,
      0.22093658447265624,
      0.24078192710876464,
      0.21871023178100585,
      0.2336850643157959,
      0.2486025333404541,
      0.2347421646118164,
      0.24165310859680175
    ]
  },
  "dispatch_ms_per_edge": {
    "2-0": [
      [
        8396800,
        3.3262542724609374
      ],
      [
        16793600,
        6.011717510223389
      ],
      [
        25715200,
        8.88899531364441
      ],
      [
        33587200,
        11.403279495239257
      ]
    ],
    "2-1": [
      [
        8396800,
        3.6022098541259764
      ],
      [
        16793600,
        6.338515853881836
      ],
      [
        25715200,
        9.334679555892944
      ],
      [
        33587200,
        12.004346084594726
      ]
    ],
    "2-3": [
      [
        8396800,
        3.5469309806823732
      ],
      [
        16793600,
        6.307578802108765
      ],
      [
        25715200,
        9.30788550376892
      ],
      [
        33587200,
        11.95210666656494
      ]
    ]
  },
  "combine_ms_per_edge": {
    "2-0": [
      [
        8388608,
        3.4140310287475586
      ],
      [
        16777216,
        5.9865025043487545
      ],
      [
        25690112,
        9.043333816528321
      ],
      [
        33554432,
        11.838353538513184
      ]
    ],
    "2-1": [
      [
        8388608,
        2.9735820293426514
      ],
      [
        16777216,
        5.592351055145263
      ],
      [
        25690112,
        8.499541330337525
      ],
      [
        33554432,
        11.041522550582886
      ]
    ],
    "2-3": [
      [
        8388608,
        3.1377725124359133
      ],
      [
        16777216,
        6.0075890064239506
      ],
      [
        25690112,
        9.046442556381226
      ],
      [
        33554432,
        11.782610321044922
      ]
    ]
  }
}