{
  "run_id": "20250915_055717",
  "timestamp_unix": 1757915871.3035307,
  "timestamp_iso": "2025-09-15T05:57:51+0000",
  "preprocess_ms_per_rank": {
    "1": [
      1.4181315124034881,
      2.024884802103043,
      1.258720600605011,
      1.4586811125278474,
      1.8958971083164216,
      1.2340375900268554,
      1.5402169704437256,
      1.7231339991092682,
      1.4923014879226684,
      1.4794126987457275,
      1.7766087055206299,
      1.897068202495575
    ]
  },
  "dispatch_ms_per_edge": {
    "1-0": [
      [
        8396800,
        48.36676430106163
      ],
      [
        16793600,
        95.14334580302238
      ],
      [
        25715200,
        145.03552109599113
      ],
      [
        33587200,
        189.10204828977584
      ]
    ],
    "1-2": [
      [
        8396800,
        48.87304740548134
      ],
      [
        16793600,
        95.78779239654541
      ],
      [
        25715200,
        145.50375598669052
      ],
      [
        33587200,
        189.49380678534507
      ]
    ],
    "1-3": [
      [
        8396800,
        48.70043999552727
      ],
      [
        16793600,
        95.55607158541679
      ],
      [
        25715200,
        145.35226280093192
      ],
      [
        33587200,
        189.27347831726075
      ]
    ]
  },
  "combine_ms_per_edge": {
    "1-0": [
      [
        8388608,
        47.55222427845001
      ],
      [
        16777216,
        94.44116660356522
      ],
      [
        25690112,
        144.37955570220947
      ],
      [
        33554432,
        188.3442330956459
      ]
    ],
    "1-2": [
      [
        8388608,
        11.044178992509842
      ],
      [
        16777216,
        20.844303780794142
      ],
      [
        25690112,
        29.948099189996718
      ],
      [
        33554432,
        38.41137969493866
      ]
    ],
    "1-3": [
      [
        8388608,
        13.874836891889572
      ],
      [
        16777216,
        27.148567110300064
      ],
      [
        25690112,
        40.962351286411284
      ],
      [
        33554432,
        53.824472492933275
      ]
    ]
  }
}