{
  "run_id": "20250915_055717",
  "timestamp_unix": 1757915871.3032796,
  "timestamp_iso": "2025-09-15T05:57:51+0000",
  "preprocess_ms_per_rank": {
    "0": [
      37.843615889549255,
      2.7803960919380186,
      1.5527795076370239,
      43.13392637968063,
      3.3116025984287263,
      1.6188520073890686,
      39.54420239329338,
      3.2165370106697084,
      1.6258521974086761,
      38.961485588550566,
      3.819567495584488,
      2.195057398080826
    ]
  },
  "dispatch_ms_per_edge": {
    "0-1": [
      [
        8396800,
        48.8398618876934
      ],
      [
        16793600,
        95.74188842773438
      ],
      [
        25715200,
        145.47675840258597
      ],
      [
        33587200,
        189.59205141067505
      ]
    ],
    "0-2": [
      [
        8396800,
        49.15531361103058
      ],
      [
        16793600,
        95.86457841396332
      ],
      [
        25715200,
        145.22977691292763
      ],
      [
        33587200,
        188.87707298398018
      ]
    ],
    "0-3": [
      [
        8396800,
        48.32073380947113
      ],
      [
        16793600,
        95.13704699873924
      ],
      [
        25715200,
        145.12971447706224
      ],
      [
        33587200,
        188.91917548775672
      ]
    ]
  },
  "combine_ms_per_edge": {
    "0-1": [
      [
        8388608,
        10.935773688554765
      ],
      [
        16777216,
        52.762816393375395
      ],
      [
        25690112,
        105.05962659716606
      ],
      [
        33554432,
        150.54031388759614
      ]
    ],
    "0-2": [
      [
        8388608,
        10.03411849141121
      ],
      [
        16777216,
        19.245891803503035
      ],
      [
        25690112,
        28.693172591924668
      ],
      [
        33554432,
        36.95924540162086
      ]
    ],
    "0-3": [
      [
        8388608,
        13.95050269961357
      ],
      [
        16777216,
        27.268413800001145
      ],
      [
        25690112,
        41.031485718488696
      ],
      [
        33554432,
        53.82261729836464
      ]
    ]
  }
}