{
  "run_id": "20250915_055717",
  "timestamp_unix": 1757915871.303249,
  "timestamp_iso": "2025-09-15T05:57:51+0000",
  "preprocess_ms_per_rank": {
    "3": [
      1.1965585052967072,
      0.6723960995674133,
      2.053644907474518,
      1.095967298746109,
      0.6712787806987762,
      1.9189239859580993,
      1.040305596590042,
      1.0297241032123565,
      1.851957803964615,
      1.1865729093551636,
      1.0962875843048097,
      1.9675739109516144
    ]
  },
  "dispatch_ms_per_edge": {
    "3-0": [
      [
        8396800,
        49.298601913452146
      ],
      [
        16793600,
        96.13014008998871
      ],
      [
        25715200,
        146.05250149965286
      ],
      [
        33587200,
        189.94386860728264
      ]
    ],
    "3-1": [
      [
        8396800,
        49.11764839887619
      ],
      [
        16793600,
        95.95470460653306
      ],
      [
        25715200,
        145.33364558815956
      ],
      [
        33587200,
        189.26540099382402
      ]
    ],
    "3-2": [
      [
        8396800,
        47.73031390309334
      ],
      [
        16793600,
        94.66538171172142
      ],
      [
        25715200,
        144.68119278550148
      ],
      [
        33587200,
        188.9115530848503
      ]
    ]
  },
  "combine_ms_per_edge": {
    "3-0": [
      [
        8388608,
        46.88316169977188
      ],
      [
        16777216,
        93.8059160888195
      ],
      [
        25690112,
        143.75618627667427
      ],
      [
        33554432,
        187.82223191261292
      ]
    ],
    "3-1": [
      [
        8388608,
        12.142619597911835
      ],
      [
        16777216,
        21.919688600301743
      ],
      [
        25690112,
        30.759533083438875
      ],
      [
        33554432,
        39.299411273002626
      ]
    ],
    "3-2": [
      [
        8388608,
        14.052813309431077
      ],
      [
        16777216,
        27.420499318838118
      ],
      [
        25690112,
        41.233220010995865
      ],
      [
        33554432,
        54.03902039527893
      ]
    ]
  }
}