{
  "run_id": "20250915_055717",
  "timestamp_unix": 1757915871.3029475,
  "timestamp_iso": "2025-09-15T05:57:51+0000",
  "preprocess_ms_per_rank": {
    "2": [
      2.4127443194389344,
      2.142048215866089,
      2.3165655970573424,
      2.330296206474304,
      2.1878078043460847,
      2.3928167045116426,
      2.4478945076465606,
      2.2419271886348726,
      2.6094847083091737,
      2.5152053117752073,
      2.31584689617157,
      2.8893209278583525
    ]
  },
  "dispatch_ms_per_edge": {
    "2-0": [
      [
        8396800,
        48.246378189325334
      ],
      [
        16793600,
        95.01558379530907
      ],
      [
        25715200,
        144.8350966989994
      ],
      [
        33587200,
        188.7879634976387
      ]
    ],
    "2-1": [
      [
        8396800,
        47.635061484575274
      ],
      [
        16793600,
        94.49957681298255
      ],
      [
        25715200,
        144.23192959427834
      ],
      [
        33587200,
        188.20001670718193
      ]
    ],
    "2-3": [
      [
        8396800,
        47.572997093200684
      ],
      [
        16793600,
        94.41666409969329
      ],
      [
        25715200,
        144.2370305120945
      ],
      [
        33587200,
        188.32664310336114
      ]
    ]
  },
  "combine_ms_per_edge": {
    "2-0": [
      [
        8388608,
        46.7666011095047
      ],
      [
        16777216,
        93.66355492472648
      ],
      [
        25690112,
        143.57142480611802
      ],
      [
        33554432,
        187.6214062988758
      ]
    ],
    "2-1": [
      [
        8388608,
        12.134128415584565
      ],
      [
        16777216,
        21.84188910126686
      ],
      [
        25690112,
        30.60125750899315
      ],
      [
        33554432,
        39.08769050240517
      ]
    ],
    "2-3": [
      [
        8388608,
        13.931940692663193
      ],
      [
        16777216,
        27.193377989530564
      ],
      [
        25690112,
        40.896129816770554
      ],
      [
        33554432,
        53.644372618198396
      ]
    ]
  }
}