{
  "run_id": "20250908_150200",
  "timestamp_unix": 1757344847.544131,
  "timestamp_iso": "2025-09-08T15:20:47+0000",
  "dispatch": {
    "alpha_ms": [
      [
        0.0,
        0.8956086008859065,
        0.0,
        0.0
      ],
      [
        0.8333274926019494,
        0.0,
        0.4257356519054717,
        0.6796129503632632
      ],
      [
        0.6852922157262705,
        0.30547034544014123,
        0.0,
        0.5346746943533577
      ],
      [
        0.720903720698243,
        0.0,
        0.5191628811202862,
        0.0
      ]
    ],
    "beta_ms_per_byte": [
      [
        0.0,
        9.392036402486223e-07,
        0.0,
        0.0
      ],
      [
        9.424100646325392e-07,
        0.0,
        9.911059376011649e-07,
        9.117820165409938e-07
      ],
      [
        9.668343413200694e-07,
        1.029382214147863e-06,
        0.0,
        9.9288043805934e-07
      ],
      [
        9.568692611600006e-07,
        0.0,
        1.0159097675566915e-06,
        0.0
      ]
    ],
    "r_squared": [
      [
        1.0,
        0.9993757131398977,
        1.0,
        1.0
      ],
      [
        0.9979075254772897,
        1.0,
        0.9977020500206539,
        0.9991763869385574
      ],
      [
        0.9966530489681097,
        0.9991414390208689,
        1.0,
        0.9987492045611919
      ],
      [
        0.9976707090260124,
        0.0,
        0.9987112771318521,
        1.0
      ]
    ]
  },
  "combine": {
    "alpha_ms": [
      [
        0.0,
        0.4009165567451141,
        0.0,
        0.0
      ],
      [
        0.3116942402737878,
        0.0,
        -0.018393036629739533,
        0.1888705316873768
      ],
      [
        0.1751103930543926,
        -0.07179610577841425,
        0.0,
        0.052297520275679264
      ],
      [
        0.21943200163825244,
        0.0,
        0.06978997412082195,
        0.0
      ]
    ],
    "beta_ms_per_byte": [
      [
        0.0,
        9.257478331913616e-07,
        0.0,
        0.0
      ],
      [
        9.471397775364106e-07,
        0.0,
        9.783773331929514e-07,
        9.088604018585645e-07
      ],
      [
        9.68122855024833e-07,
        1.0074317470748582e-06,
        0.0,
        9.874396064431818e-07
      ],
      [
        9.547341468990026e-07,
        0.0,
        1.0044902211586549e-06,
        0.0
      ]
    ],
    "r_squared": [
      [
        1.0,
        0.9996292348545748,
        1.0,
        1.0
      ],
      [
        0.9989554779557522,
        1.0,
        0.9982277920806576,
        0.9996440028584067
      ],
      [
        0.9977126094098356,
        0.9994497837988326,
        1.0,
        0.9985346342101535
      ],
      [
        0.9985564361648415,
        0.0,
        0.9984994540010395,
        1.0
      ]
    ]
  },
  "preprocess": {
    "latency_ms": [
      [
        0.23730255365371705,
        0.2408571290969848,
        0.2357396776025946,
        0.23144283014185288
      ]
    ]
  }
}