{
  "run_id": "20250910_075308",
  "timestamp_unix": 1757490792.2585337,
  "timestamp_iso": "2025-09-10T07:53:12+0000",
  "preprocess_ms_per_rank": {
    "2": [
      0.5790094997733831,
      0.26120519982650875,
      0.3255315000191331,
      0.7874265001155436,
      0.2246596002019942,
      0.4777699000202119,
      0.530991199798882,
      0.23123800018802285,
      0.23179700011387466,
      0.5539273002184928,
      0.224184700101614,
      0.23117819977924228
    ]
  },
  "dispatch_ms_per_edge": {
    "2-0": [
      [
        8396800,
        1.5435892999172212
      ],
      [
        16793600,
        3.0091392000205817
      ],
      [
        25715200,
        5.548696800041943
      ],
      [
        33587200,
        7.5482083999551834
      ]
    ],
    "2-1": [
      [
        8396800,
        2.3423206001520156
      ],
      [
        16793600,
        3.7449400001205504
      ],
      [
        25715200,
        5.543590799998492
      ],
      [
        33587200,
        7.019884499907493
      ]
    ],
    "2-3": [
      [
        8396800,
        3.042622700240463
      ],
      [
        16793600,
        5.190425700042397
      ],
      [
        25715200,
        7.746380799543113
      ],
      [
        33587200,
        9.895832599978894
      ]
    ]
  },
  "combine_ms_per_edge": {
    "2-0": [
      [
        8388608,
        3.727145300153643
      ],
      [
        16777216,
        6.011969899665564
      ],
      [
        25690112,
        8.727530999947339
      ],
      [
        33554432,
        10.866250999737531
      ]
    ],
    "2-1": [
      [
        8388608,
        1.7023198002018034
      ],
      [
        16777216,
        3.059864300116897
      ],
      [
        25690112,
        4.783664100058377
      ],
      [
        33554432,
        6.180658600013703
      ]
    ],
    "2-3": [
      [
        8388608,
        2.277047299966216
      ],
      [
        16777216,
        4.196281400043517
      ],
      [
        25690112,
        7.36459010001272
      ],
      [
        33554432,
        9.56903519993648
      ]
    ]
  }
}