{
  "run_id": "20250910_075308",
  "timestamp_unix": 1757490792.258527,
  "timestamp_iso": "2025-09-10T07:53:12+0000",
  "preprocess_ms_per_rank": {
    "3": [
      0.4118365001864731,
      0.26541260005906225,
      0.2561841999180615,
      0.3615031999535859,
      0.24490369968116282,
      0.2448426998220384,
      0.2435003999620676,
      0.26251049991697073,
      0.23005579998716713,
      0.2507461002096534,
      0.32036100002005696,
      0.22810970032587646
    ]
  },
  "dispatch_ms_per_edge": {
    "3-0": [
      [
        8396800,
        2.554639300238341
      ],
      [
        16793600,
        4.84510619994253
      ],
      [
        25715200,
        7.381043100263923
      ],
      [
        33587200,
        9.472106999810785
      ]
    ],
    "3-1": [
      [
        8396800,
        1.515663399733603
      ],
      [
        16793600,
        2.6568293999880552
      ],
      [
        25715200,
        3.998967199865729
      ],
      [
        33587200,
        5.226255499850959
      ]
    ],
    "3-2": [
      [
        8396800,
        2.9992486999370156
      ],
      [
        16793600,
        5.1754810001701115
      ],
      [
        25715200,
        7.891138699743896
      ],
      [
        33587200,
        10.084190199989825
      ]
    ]
  },
  "combine_ms_per_edge": {
    "3-0": [
      [
        8388608,
        2.897832800075412
      ],
      [
        16777216,
        4.678527300152927
      ],
      [
        25690112,
        7.237092499807477
      ],
      [
        33554432,
        9.368894000258297
      ]
    ],
    "3-1": [
      [
        8388608,
        2.5369237997569143
      ],
      [
        16777216,
        4.154520599823445
      ],
      [
        25690112,
        6.2971325002610685
      ],
      [
        33554432,
        7.943197300191969
      ]
    ],
    "3-2": [
      [
        8388608,
        2.4039700998924673
      ],
      [
        16777216,
        4.461114100087434
      ],
      [
        25690112,
        7.260916899610311
      ],
      [
        33554432,
        9.446205199882389
      ]
    ]
  }
}