{
  "run_id": "20250910_075308",
  "timestamp_unix": 1757490792.2585442,
  "timestamp_iso": "2025-09-10T07:53:12+0000",
  "preprocess_ms_per_rank": {
    "1": [
      0.3990101001225412,
      0.25230390010401604,
      0.4323194996453822,
      0.6847713999450207,
      0.219342399854213,
      0.6935111000202596,
      0.23913739994168282,
      0.22724090004339814,
      0.23612710004672408,
      0.24632480032742024,
      0.22086269985884427,
      0.2454725001938641
    ]
  },
  "dispatch_ms_per_edge": {
    "1-0": [
      [
        8396800,
        2.941362100187689
      ],
      [
        16793600,
        5.133924300130457
      ],
      [
        25715200,
        7.741597700025887
      ],
      [
        33587200,
        9.926421399787069
      ]
    ],
    "1-2": [
      [
        8396800,
        2.3344870999455454
      ],
      [
        16793600,
        3.7423969998024402
      ],
      [
        25715200,
        5.53821340026334
      ],
      [
        33587200,
        7.01275419993326
      ]
    ],
    "1-3": [
      [
        8396800,
        1.6525045999325811
      ],
      [
        16793600,
        2.946906099934131
      ],
      [
        25715200,
        4.85094419978559
      ],
      [
        33587200,
        6.655572700127959
      ]
    ]
  },
  "combine_ms_per_edge": {
    "1-0": [
      [
        8388608,
        2.190644200146198
      ],
      [
        16777216,
        4.107323000114411
      ],
      [
        25690112,
        6.98630649978295
      ],
      [
        33554432,
        9.034826999995857
      ]
    ],
    "1-2": [
      [
        8388608,
        1.724572999868542
      ],
      [
        16777216,
        3.162609399948269
      ],
      [
        25690112,
        4.924882700107991
      ],
      [
        33554432,
        6.369492599833757
      ]
    ],
    "1-3": [
      [
        8388608,
        3.642934300098568
      ],
      [
        16777216,
        6.283812899887562
      ],
      [
        25690112,
        10.365092599764466
      ],
      [
        33554432,
        13.000661899894476
      ]
    ]
  }
}