{
  "run_id": "20250910_075308",
  "timestamp_unix": 1757490792.2585423,
  "timestamp_iso": "2025-09-10T07:53:12+0000",
  "preprocess_ms_per_rank": {
    "0": [
      0.3755345999263227,
      0.27662629997357724,
      0.2643136002123356,
      0.2633167001418769,
      0.22267279997467995,
      0.2443944001570344,
      0.23410209994763137,
      0.23004510002210737,
      0.23033899981528522,
      0.2490137003362179,
      0.22235150020569563,
      0.2268516999669373
    ]
  },
  "dispatch_ms_per_edge": {
    "0-1": [
      [
        8396800,
        3.0418737000785767
      ],
      [
        16793600,
        5.110299099795521
      ],
      [
        25715200,
        7.89860569993034
      ],
      [
        33587200,
        10.10868930015713
      ]
    ],
    "0-2": [
      [
        8396800,
        1.4951442996039987
      ],
      [
        16793600,
        2.6026486000046134
      ],
      [
        25715200,
        4.062899199966341
      ],
      [
        33587200,
        5.391869999654591
      ]
    ],
    "0-3": [
      [
        8396800,
        2.8103127998299895
      ],
      [
        16793600,
        4.86237430004403
      ],
      [
        25715200,
        7.453636500053108
      ],
      [
        33587200,
        9.566988999769091
      ]
    ]
  },
  "combine_ms_per_edge": {
    "0-1": [
      [
        8388608,
        2.4444191998802127
      ],
      [
        16777216,
        4.405110400170088
      ],
      [
        25690112,
        6.799989100173116
      ],
      [
        33554432,
        8.782201799936592
      ]
    ],
    "0-2": [
      [
        8388608,
        2.549926499929279
      ],
      [
        16777216,
        4.2639107998460535
      ],
      [
        25690112,
        6.328394700121135
      ],
      [
        33554432,
        7.922588100191206
      ]
    ],
    "0-3": [
      [
        8388608,
        2.584403900243342
      ],
      [
        16777216,
        4.816074199974537
      ],
      [
        25690112,
        7.761693799961359
      ],
      [
        33554432,
        10.045652600005269
      ]
    ]
  }
}