{
  "run_id": "20250909_120333",
  "timestamp_unix": 1757422198.598373,
  "timestamp_iso": "2025-09-09T12:49:58+0000",
  "dispatch": {
    "alpha_ms": [
      [
        0.0,
        0.7410336749172188,
        1.0940769199349083,
        0.5214880630452997
      ],
      [
        0.7564140176692625,
        0.0,
        0.8463596636617926,
        1.064640795516448
      ],
      [
        0.9521680684435877,
        1.1770157460072992,
        0.0,
        0.8144892731180613
      ],
      [
        0.9087976126434922,
        0.8711853503256375,
        0.8316672489199465,
        0.0
      ]
    ],
    "beta_ms_per_byte": [
      [
        0.0,
        3.451669168572098e-07,
        3.0504583057018225e-07,
        3.4193820774915e-07
      ],
      [
        3.435252146105091e-07,
        0.0,
        3.257837987166282e-07,
        2.858221416065684e-07
      ],
      [
        3.2670141454775797e-07,
        3.1583483750649813e-07,
        0.0,
        3.2284991977518585e-07
      ],
      [
        3.2651289754472615e-07,
        3.2498128098863947e-07,
        3.205651258526362e-07,
        0.0
      ]
    ],
    "r_squared": [
      [
        1.0,
        0.9929888344144668,
        0.9875616260214797,
        0.9893943051202768
      ],
      [
        0.9974278894753946,
        1.0,
        0.9955926334823558,
        0.994686057341836
      ],
      [
        0.9887459418272689,
        0.9879993057678114,
        1.0,
        0.9954826568590779
      ],
      [
        0.9898082665272604,
        0.9908239699922734,
        0.9941052200787472,
        1.0
      ]
    ]
  },
  "combine": {
    "alpha_ms": [
      [
        0.0,
        0.282554746106787,
        0.40939262544847654,
        0.12963398159729161
      ],
      [
        0.31241964650162013,
        0.0,
        0.3288108942584314,
        0.37668214611769274
      ],
      [
        0.2763989334663529,
        0.48916188234383995,
        0.0,
        0.3062867494482929
      ],
      [
        0.4052204547071981,
        0.17255653382083877,
        0.3330414622118762,
        0.0
      ]
    ],
    "beta_ms_per_byte": [
      [
        0.0,
        3.3519479841494324e-07,
        3.1007541147980775e-07,
        3.3791736267852375e-07
      ],
      [
        3.361155186676451e-07,
        0.0,
        3.152047083702459e-07,
        3.042765990639482e-07
      ],
      [
        3.3521116788535276e-07,
        3.1364918028146947e-07,
        0.0,
        3.2303568225239503e-07
      ],
      [
        3.284920572332995e-07,
        3.252273286850068e-07,
        3.198165141943026e-07,
        0.0
      ]
    ],
    "r_squared": [
      [
        1.0,
        0.9920092244169636,
        0.9936856796625251,
        0.9960161165393867
      ],
      [
        0.998059355851885,
        1.0,
        0.9969383060224889,
        0.9940510897669976
      ],
      [
        0.992633168924965,
        0.9854260491060943,
        1.0,
        0.9971535541909183
      ],
      [
        0.9933980938559083,
        0.9959176459709768,
        0.9925208735039296,
        1.0
      ]
    ]
  },
  "preprocess": {
    "latency_ms": [
      [
        0.2868281523386637,
        0.2571212251981099,
        0.28288933436075847,
        0.28214913209279374
      ]
    ]
  }
}