{
  "run_id": "20250908_123750",
  "timestamp_unix": 1757335074.9642227,
  "timestamp_iso": "2025-09-08T12:37:54+0000",
  "dispatch": {
    "alpha_ms": [
      [
        0.0,
        0.8758531224872427,
        0.7359828708303786,
        0.6942480647129586
      ],
      [
        0.8828124991634448,
        0.0,
        0.775475331292303,
        0.5505776715503841
      ],
      [
        0.6302201996930709,
        0.769853653695417,
        0.0,
        0.7247976987146361
      ],
      [
        0.687721950451211,
        0.595999176524752,
        0.7227076303299306,
        0.0
      ]
    ],
    "beta_ms_per_byte": [
      [
        0.0,
        3.3451046480240107e-07,
        3.17434277049059e-07,
        3.1472934736659504e-07
      ],
      [
        3.293113186030904e-07,
        0.0,
        3.3352987619330364e-07,
        3.226977224872784e-07
      ],
      [
        3.208482355040395e-07,
        3.337602344071188e-07,
        0.0,
        3.339374616330203e-07
      ],
      [
        3.1948279811582856e-07,
        3.142984778946981e-07,
        3.390424291611496e-07,
        0.0
      ]
    ],
    "r_squared": [
      [
        1.0,
        0.999595401630927,
        0.9999523400710427,
        0.999943411907995
      ],
      [
        0.9996000836403843,
        1.0,
        0.9998951706461251,
        0.9999984357114926
      ],
      [
        0.9999965909253828,
        0.9999213417593068,
        1.0,
        0.9999721294118097
      ],
      [
        0.9999805660142167,
        0.9999897032023364,
        0.9999777012129226,
        1.0
      ]
    ]
  },
  "combine": {
    "alpha_ms": [
      [
        0.0,
        0.2418402684040535,
        0.27089086859493294,
        0.2610496723700152
      ],
      [
        0.24919207890828243,
        0.0,
        0.29500751527536373,
        0.4534017625286191
      ],
      [
        0.4901815452395489,
        0.24901591286807323,
        0.0,
        0.25093852543798684
      ],
      [
        0.09629516015972561,
        0.5310618476507266,
        0.24742839146561402,
        0.0
      ]
    ],
    "beta_ms_per_byte": [
      [
        0.0,
        3.326837584662471e-07,
        3.484019085984429e-07,
        3.7457398817931525e-07
      ],
      [
        3.3569594528498363e-07,
        0.0,
        3.2880636058818896e-07,
        3.6352754186928133e-07
      ],
      [
        3.3552151682574846e-07,
        3.211801341031476e-07,
        0.0,
        3.4321210748108653e-07
      ],
      [
        3.5782900283578213e-07,
        3.415996912041163e-07,
        3.4746828247907235e-07,
        0.0
      ]
    ],
    "r_squared": [
      [
        1.0,
        0.9998118954197251,
        0.9998716125980318,
        0.9999976927465383
      ],
      [
        0.9997788964515766,
        1.0,
        0.9999413243465862,
        0.9999441151747347
      ],
      [
        0.9989523908632629,
        0.9999129864563926,
        1.0,
        0.9999817084065502
      ],
      [
        0.9999875608344064,
        0.9997288439295532,
        0.9999770138393932,
        1.0
      ]
    ]
  },
  "preprocess": {
    "latency_ms": [
      [
        0.2684841831525167,
        0.263267989953359,
        0.26704133749008174,
        0.28533856868743895
      ]
    ]
  }
}