{
  "run_id": "20250908_120346",
  "timestamp_unix": 1757333091.817558,
  "timestamp_iso": "2025-09-08T12:04:51+0000",
  "dispatch": {
    "alpha_ms": [
      [
        0.5909305820862382,
        0.5121645867824652,
        0.5602367420991197,
        0.5536347428957608
      ],
      [
        0.5875150879224126,
        0.5552392989397179,
        0.5392187873522434,
        0.6071174462636209
      ],
      [
        0.5852464119593163,
        0.5488857666651231,
        0.5347793112198275,
        0.6204564243554875
      ],
      [
        0.6568801254033932,
        0.5863136450449519,
        0.5650128493706271,
        0.5972651431957876
      ]
    ],
    "beta_ms_per_byte": [
      [
        2.14583592879031e-06,
        2.041056586283293e-06,
        2.038954871569518e-06,
        2.084239753708878e-06
      ],
      [
        2.0499506088974156e-06,
        2.1401877379413816e-06,
        2.0351794487819923e-06,
        2.0783180344059436e-06
      ],
      [
        2.048106212620793e-06,
        2.0455907328787545e-06,
        2.142536152338799e-06,
        2.079813049410607e-06
      ],
      [
        2.0430164172284426e-06,
        2.0349253117530134e-06,
        2.0494096441088286e-06,
        2.1789543382770822e-06
      ]
    ],
    "r_squared": [
      [
        0.9999994861896061,
        0.9999986761277532,
        0.9999993587202197,
        0.9999984928077827
      ],
      [
        0.999999713236081,
        0.9999993994166386,
        0.9999988604016603,
        0.9999992561311818
      ],
      [
        0.9999999017838532,
        0.9999994846512363,
        0.9999998836732422,
        0.9999986211675118
      ],
      [
        0.9999987225674671,
        0.9999994852320673,
        0.9999998169855641,
        0.9999985400046044
      ]
    ]
  },
  "combine": {
    "alpha_ms": [
      [
        0.03246627350649715,
        0.35775654713314925,
        0.024592020114292134,
        0.06177371740343096
      ],
      [
        0.024114385247242714,
        0.04377730687460342,
        0.11158838073413259,
        -0.010674215356499206
      ],
      [
        -0.047446003556228036,
        -0.035765114426601505,
        0.058546878894180664,
        0.12334809998671999
      ],
      [
        -0.01177554925278568,
        0.002140288551656631,
        0.10085650682450883,
        0.01326645016672249
      ]
    ],
    "beta_ms_per_byte": [
      [
        2.134650441663722e-06,
        2.2210405109707817e-06,
        2.2428548302182867e-06,
        2.3821456503656576e-06
      ],
      [
        2.231674090645875e-06,
        2.140999469851501e-06,
        2.2495832043294375e-06,
        2.3908205173132555e-06
      ],
      [
        2.223019024820549e-06,
        2.228486292508586e-06,
        2.1317611689114907e-06,
        2.3658935811259292e-06
      ],
      [
        2.23710323744873e-06,
        2.243159357351547e-06,
        2.2279667604152543e-06,
        2.2892493778532543e-06
      ]
    ],
    "r_squared": [
      [
        0.9999992229416099,
        0.9999744360150322,
        0.9999865785618353,
        0.9999976114316623
      ],
      [
        0.9999991746214564,
        0.9999995192088768,
        0.9999922084329436,
        0.9999964159541497
      ],
      [
        0.9999836682323113,
        0.9999978838156253,
        0.9999993875832868,
        0.9999981745921318
      ],
      [
        0.999998214340799,
        0.9999975609175635,
        0.9999969145615627,
        0.9999979729390848
      ]
    ]
  },
  "preprocess": {
    "latency_ms": [
      [
        0.2614312255382537,
        0.2553669679164886,
        0.2502842354774475,
        0.25618945479393007
      ]
    ]
  }
}