{
  "run_id": "20250909_055324",
  "timestamp_unix": 1757398580.7118623,
  "timestamp_iso": "2025-09-09T06:16:20+0000",
  "dispatch": {
    "alpha_ms": [
      [
        0.0,
        0.7160192335986907,
        0.9437987975621424,
        0.8252974677754336
      ],
      [
        0.6557575431678699,
        0.0,
        0.7187043851646682,
        0.46358221076919714
      ],
      [
        0.6796661255767994,
        1.029407572953997,
        0.0,
        0.0
      ],
      [
        0.5407519597387155,
        0.21105275060616369,
        0.47012444140199655,
        0.0
      ]
    ],
    "beta_ms_per_byte": [
      [
        0.0,
        3.115788892584839e-07,
        2.4965491525738785e-07,
        2.6887444121597944e-07
      ],
      [
        3.131654770424419e-07,
        0.0,
        2.7395280220656676e-07,
        3.208641207129377e-07
      ],
      [
        2.986142809155527e-07,
        2.395277577465666e-07,
        0.0,
        0.0
      ],
      [
        3.400619362040866e-07,
        3.9359188034225463e-07,
        3.2361973678065603e-07,
        0.0
      ]
    ],
    "r_squared": [
      [
        1.0,
        1.0,
        1.0,
        1.0
      ],
      [
        0.9946520563662783,
        1.0,
        1.0,
        1.0
      ],
      [
        1.0,
        1.0,
        1.0,
        0.0
      ],
      [
        1.0,
        1.0,
        1.0,
        1.0
      ]
    ]
  },
  "combine": {
    "alpha_ms": [
      [
        0.0,
        0.3385665509461893,
        0.36540778091234366,
        -0.11642727504266748
      ],
      [
        0.19248203898460775,
        0.0,
        0.18498170885786844,
        0.09083125976745209
      ],
      [
        -0.2952276598682702,
        0.4637891376122375,
        0.0,
        0.0
      ],
      [
        0.08965793408845583,
        0.740630548140582,
        0.07113229601711189,
        0.0
      ]
    ],
    "beta_ms_per_byte": [
      [
        0.0,
        2.8742826315034573e-07,
        2.7019017432198206e-07,
        3.2161664931434336e-07
      ],
      [
        3.0623635349121206e-07,
        0.0,
        2.8068740755128914e-07,
        3.019999340920153e-07
      ],
      [
        3.6023307632840116e-07,
        2.535114593133114e-07,
        0.0,
        0.0
      ],
      [
        3.303356239931626e-07,
        1.5878077486858647e-07,
        3.116480854555086e-07,
        0.0
      ]
    ],
    "r_squared": [
      [
        1.0,
        1.0,
        1.0,
        1.0
      ],
      [
        0.9980434091075719,
        1.0,
        1.0,
        1.0
      ],
      [
        1.0,
        1.0,
        1.0,
        0.0
      ],
      [
        1.0,
        1.0,
        1.0,
        1.0
      ]
    ]
  },
  "preprocess": {
    "latency_ms": [
      [
        0.24625325202941895,
        0.23040432248796733,
        0.2740600204467773,
        0.3241585572560628
      ]
    ]
  }
}