{
  "run_id": "20250908_134408",
  "timestamp_unix": 1757339065.032526,
  "timestamp_iso": "2025-09-08T13:44:25+0000",
  "preprocess_ms_per_rank": {
    "1": [
      0.2686105887095133,
      0.2715415954589844,
      0.29600071907043457,
      0.2321744759877523,
      0.2272607962290446,
      0.2736870288848877,
      0.2222957452138265,
      0.2327409585316976,
      0.25544964472452797,
      0.23081684112548828,
      0.22885772387186687,
      0.23355882962544758,
      0.2263354778289795,
      0.2290532906850179,
      0.23299779891967773,
      0.2406201680501302,
      0.23583973248799642,
      0.23111879030863444,
      0.23994688987731932,
      0.22724194526672364,
      0.23145821889241536,
      0.2614762624104818,
      0.22806094487508138,
      0.23515623410542805,
      0.2366308848063151,
      0.24401151339213054,
      0.23126913706461588,
      0.24563256899515787,
      0.23928729693094888,
      0.2577354431152344,
      0.2261110305786133,
      0.24015930493672688
    ]
  },
  "dispatch_ms_per_edge": {
    "1-0": [
      [
        963500,
        1.8613317966461183
      ],
      [
        2066400,
        2.7291707674662273
      ],
      [
        3239000,
        3.7902487913767495
      ],
      [
        4104100,
        4.76099009513855
      ],
      [
        5448900,
        5.865311241149902
      ],
      [
        6539500,
        7.029835987091064
      ],
      [
        7494800,
        7.8811820824941
      ],
      [
        8544400,
        8.798384030659994
      ]
    ],
    "1-1": [
      [
        1025000,
        1.836292298634847
      ],
      [
        2160700,
        2.714005883534749
      ],
      [
        3099600,
        3.7369181632995607
      ],
      [
        4206600,
        4.7411203225453695
      ],
      [
        5239800,
        5.804438829421997
      ],
      [
        6547700,
        7.053453731536865
      ],
      [
        7216000,
        7.976300064722697
      ],
      [
        7995000,
        9.005997959772746
      ]
    ],
    "1-2": [
      [
        1070100,
        1.8278202692667642
      ],
      [
        2250900,
        2.7140820026397705
      ],
      [
        3181600,
        3.765715487798055
      ],
      [
        4136900,
        4.7509138266245525
      ],
      [
        5608800,
        5.863235521316528
      ],
      [
        6711700,
        6.992165152231852
      ],
      [
        7699800,
        7.845635398228963
      ],
      [
        8577200,
        8.870170084635417
      ]
    ],
    "1-3": [
      [
        951200,
        1.7299564520517985
      ],
      [
        1963900,
        2.7239471912384032
      ],
      [
        3210300,
        3.75106307665507
      ],
      [
        4276300,
        4.824400520324707
      ],
      [
        5202900,
        5.766779851913452
      ],
      [
        6883900,
        6.976623328526815
      ],
      [
        7425100,
        7.913517189025879
      ],
      [
        8790400,
        8.871124235788981
      ]
    ]
  },
  "combine_ms_per_edge": {
    "1-0": [
      [
        962560,
        1.2889453570048015
      ],
      [
        2064384,
        2.273060925801595
      ],
      [
        3235840,
        3.256186580657959
      ],
      [
        4100096,
        4.259946235020956
      ],
      [
        5443584,
        5.360695521036784
      ],
      [
        6533120,
        6.533517360687256
      ],
      [
        7487488,
        7.35651265780131
      ],
      [
        8536064,
        8.288507556915283
      ]
    ],
    "1-1": [
      [
        1024000,
        1.3477354367574057
      ],
      [
        2158592,
        2.3230436642964682
      ],
      [
        3096576,
        3.2784504254659015
      ],
      [
        4202496,
        4.216987133026123
      ],
      [
        5234688,
        5.3177358945210775
      ],
      [
        6541312,
        6.506885162989298
      ],
      [
        7208960,
        7.44850788116455
      ],
      [
        7987200,
        8.471592426300049
      ]
    ],
    "1-2": [
      [
        1069056,
        1.3149893919626872
      ],
      [
        2248704,
        2.285337559382121
      ],
      [
        3178496,
        3.3003982067108155
      ],
      [
        4132864,
        4.2911302248636884
      ],
      [
        5603328,
        5.36563990910848
      ],
      [
        6705152,
        6.4826913197835285
      ],
      [
        7692288,
        7.342680676778158
      ],
      [
        8568832,
        8.36162192026774
      ]
    ],
    "1-3": [
      [
        950272,
        1.2759220123291015
      ],
      [
        1961984,
        2.272601048151652
      ],
      [
        3207168,
        3.275221316019694
      ],
      [
        4272128,
        4.296783145268758
      ],
      [
        5197824,
        5.292679802576701
      ],
      [
        6877184,
        6.447956911722819
      ],
      [
        7417856,
        7.394321918487549
      ],
      [
        8781824,
        8.379577175776165
      ]
    ]
  }
}