{
  "run_id": "20250908_134408",
  "timestamp_unix": 1757339065.0325263,
  "timestamp_iso": "2025-09-08T13:44:25+0000",
  "preprocess_ms_per_rank": {
    "2": [
      0.2673903783162435,
      0.26556599934895836,
      0.2920967737833659,
      0.22766884167989096,
      0.2240864912668864,
      0.35613959630330405,
      0.2191541035970052,
      0.22992593447367352,
      0.2493579864501953,
      0.22638235092163086,
      0.22558809916178385,
      0.24070916175842286,
      0.22094443639119465,
      0.22207781473795574,
      0.2293287436167399,
      0.23610520362854004,
      0.2314725716908773,
      0.22482924461364745,
      0.23447454770406087,
      0.22182737986246745,
      0.22724186579386393,
      0.24248228073120118,
      0.2250927766164144,
      0.22952226003011067,
      0.23190387090047201,
      0.23886562983194987,
      0.22653870582580565,
      0.2378698190053304,
      0.23049497604370117,
      0.2499119440714518,
      0.22758849461873373,
      0.22827335993448894
    ]
  },
  "dispatch_ms_per_edge": {
    "2-0": [
      [
        1016800,
        1.859938144683838
      ],
      [
        2316500,
        2.7498703797658286
      ],
      [
        3124200,
        3.8139705340067547
      ],
      [
        4288600,
        4.777682065963745
      ],
      [
        5321800,
        5.892834822336833
      ],
      [
        6629700,
        7.029911661148072
      ],
      [
        7630100,
        7.886481523513794
      ],
      [
        8347600,
        8.831217130025228
      ]
    ],
    "2-1": [
      [
        1049600,
        1.8573057174682617
      ],
      [
        2058200,
        2.74324688911438
      ],
      [
        3300500,
        3.749604082107544
      ],
      [
        4239400,
        4.742591349283854
      ],
      [
        5358700,
        5.828565390904744
      ],
      [
        6494400,
        7.074800984064738
      ],
      [
        7503000,
        7.99373869895935
      ],
      [
        8446000,
        9.043577734629313
      ]
    ],
    "2-2": [
      [
        959400,
        1.8405078728993733
      ],
      [
        2000800,
        2.7360875288645428
      ],
      [
        3075000,
        3.795326582590739
      ],
      [
        4239400,
        4.758350356419881
      ],
      [
        5198800,
        5.8866909344991045
      ],
      [
        6338600,
        7.003999439875285
      ],
      [
        7634200,
        7.868744277954102
      ],
      [
        8126200,
        8.857835229237875
      ]
    ],
    "2-3": [
      [
        1066000,
        1.7513098080952962
      ],
      [
        2078700,
        2.7507766405741374
      ],
      [
        3185700,
        3.775862948099772
      ],
      [
        4419800,
        4.836393880844116
      ],
      [
        5219300,
        5.79674768447876
      ],
      [
        6605100,
        7.004149993260701
      ],
      [
        7527600,
        7.932894849777222
      ],
      [
        8511600,
        8.90986253420512
      ]
    ]
  },
  "combine_ms_per_edge": {
    "2-0": [
      [
        1015808,
        1.2880069255828857
      ],
      [
        2314240,
        2.2541502793629964
      ],
      [
        3121152,
        3.255176893870036
      ],
      [
        4284416,
        4.229333066940308
      ],
      [
        5316608,
        5.368003416061401
      ],
      [
        6623232,
        6.494382937749227
      ],
      [
        7622656,
        7.353002532323202
      ],
      [
        8339456,
        8.283548990885416
      ]
    ],
    "2-1": [
      [
        1048576,
        1.3345603466033935
      ],
      [
        2056192,
        2.242433945337931
      ],
      [
        3297280,
        3.279250240325928
      ],
      [
        4235264,
        4.229592800140381
      ],
      [
        5353472,
        5.303892167409261
      ],
      [
        6488064,
        6.492329533894857
      ],
      [
        7495680,
        7.4408208211263025
      ],
      [
        8437760,
        8.429686864217123
      ]
    ],
    "2-2": [
      [
        958464,
        1.2977406978607178
      ],
      [
        1998848,
        2.2829800605773927
      ],
      [
        3072000,
        3.2937434832255046
      ],
      [
        4235264,
        4.301814270019531
      ],
      [
        5193728,
        5.328486156463623
      ],
      [
        6332416,
        6.460271501541138
      ],
      [
        7626752,
        7.316154607137045
      ],
      [
        8118272,
        8.33038190205892
      ]
    ],
    "2-3": [
      [
        1064960,
        1.2636635144551596
      ],
      [
        2076672,
        2.2645294666290283
      ],
      [
        3182592,
        3.2724313894907633
      ],
      [
        4415488,
        4.291384108861288
      ],
      [
        5214208,
        5.274585151672364
      ],
      [
        6598656,
        6.445417992273966
      ],
      [
        7520256,
        7.36596941947937
      ],
      [
        8503296,
        8.351254717508953
      ]
    ]
  }
}