{
  "run_id": "20250908_134408",
  "timestamp_unix": 1757339065.032438,
  "timestamp_iso": "2025-09-08T13:44:25+0000",
  "preprocess_ms_per_rank": {
    "0": [
      0.26800910631815594,
      0.26830924352010094,
      0.26085039774576824,
      0.2259979724884033,
      0.22227328618367512,
      0.33323044776916505,
      0.21740721066792806,
      0.22828230857849122,
      0.24939692815144857,
      0.22574537595113117,
      0.22371147473653158,
      0.2277533213297526,
      0.220852788289388,
      0.22182267506917316,
      0.22905734380086262,
      0.23692806561787924,
      0.23404005368550618,
      0.22530900637308757,
      0.23455338478088378,
      0.2212118943532308,
      0.22570889790852863,
      0.2570587476094564,
      0.22465368906656902,
      0.2297152042388916,
      0.2295947233835856,
      0.2379116694132487,
      0.2256476084391276,
      0.24042471249898276,
      0.23097208340962727,
      0.2417350133260091,
      0.2202448844909668,
      0.2279503345489502
    ]
  },
  "dispatch_ms_per_edge": {
    "0-0": [
      [
        1098800,
        1.851443592707316
      ],
      [
        2099200,
        2.7439621925354003
      ],
      [
        3042200,
        3.8052966276804607
      ],
      [
        4337800,
        4.758600028355916
      ],
      [
        5260300,
        5.8891063531239825
      ],
      [
        6441100,
        7.054026365280151
      ],
      [
        7224200,
        7.917955827713013
      ],
      [
        8528000,
        8.857651440302531
      ]
    ],
    "0-1": [
      [
        971700,
        1.8595242977142334
      ],
      [
        1976200,
        2.748715861638387
      ],
      [
        3017600,
        3.7626317660013835
      ],
      [
        4194300,
        4.752703142166138
      ],
      [
        5219300,
        5.82732195854187
      ],
      [
        6568200,
        7.069868580500285
      ],
      [
        7515300,
        8.000766928990682
      ],
      [
        8515700,
        9.051720603307087
      ]
    ],
    "0-2": [
      [
        1045500,
        1.8349159081776938
      ],
      [
        2316500,
        2.7494110743204754
      ],
      [
        3189800,
        3.7804298877716063
      ],
      [
        4337800,
        4.766137409210205
      ],
      [
        5239800,
        5.895038350423177
      ],
      [
        6256600,
        7.009320704142253
      ],
      [
        7281600,
        7.896694771448771
      ],
      [
        8113900,
        8.909406344095865
      ]
    ],
    "0-3": [
      [
        1156200,
        1.7553651491800943
      ],
      [
        2041800,
        2.757736078898112
      ],
      [
        3005300,
        3.7640246709187823
      ],
      [
        4272200,
        4.834622081120809
      ],
      [
        5006100,
        5.791591612497966
      ],
      [
        6584600,
        7.004443677266439
      ],
      [
        6867500,
        7.953789361317953
      ],
      [
        8023700,
        8.945922215779623
      ]
    ]
  },
  "combine_ms_per_edge": {
    "0-0": [
      [
        1097728,
        1.2953625361124674
      ],
      [
        2097152,
        2.265494457880656
      ],
      [
        3039232,
        3.2744489192962645
      ],
      [
        4333568,
        4.23292433420817
      ],
      [
        5255168,
        5.361836258570353
      ],
      [
        6434816,
        6.481252272923787
      ],
      [
        7217152,
        7.349164835611979
      ],
      [
        8519680,
        8.302597618103027
      ]
    ],
    "0-1": [
      [
        970752,
        1.334073050816854
      ],
      [
        1974272,
        2.2418273131052655
      ],
      [
        3014656,
        3.269151306152344
      ],
      [
        4190208,
        4.210417572657267
      ],
      [
        5214208,
        5.291270573933919
      ],
      [
        6561792,
        6.484813340504965
      ],
      [
        7507968,
        7.448824119567871
      ],
      [
        8507392,
        8.467716217041016
      ]
    ],
    "0-2": [
      [
        1044480,
        1.295816723505656
      ],
      [
        2314240,
        2.264940945307414
      ],
      [
        3186688,
        3.30288987159729
      ],
      [
        4333568,
        4.2726343154907225
      ],
      [
        5234688,
        5.330602343877157
      ],
      [
        6250496,
        6.455405918757121
      ],
      [
        7274496,
        7.349917650222778
      ],
      [
        8105984,
        8.35423485438029
      ]
    ],
    "0-3": [
      [
        1155072,
        1.26832226117452
      ],
      [
        2039808,
        2.253952964146932
      ],
      [
        3002368,
        3.2833967049916586
      ],
      [
        4268032,
        4.285967063903809
      ],
      [
        5001216,
        5.274650446573893
      ],
      [
        6578176,
        6.434479729334513
      ],
      [
        6860800,
        7.408702834447225
      ],
      [
        8015872,
        8.36829400062561
      ]
    ]
  }
}