{
  "run_id": "20250908_134408",
  "timestamp_unix": 1757339065.0325553,
  "timestamp_iso": "2025-09-08T13:44:25+0000",
  "preprocess_ms_per_rank": {
    "3": [
      0.268206262588501,
      0.2680925210316976,
      0.29129184087117516,
      0.22821466128031412,
      0.22666378021240235,
      0.23760608037312825,
      0.22125959396362305,
      0.23103472391764324,
      0.2535200595855713,
      0.2278371810913086,
      0.22683089574178059,
      0.2354263146718343,
      0.2236720085144043,
      0.2236974875132243,
      0.24422394434611003,
      0.23716298739115396,
      0.23187349637349447,
      0.22595343589782715,
      0.23734901746114095,
      0.223128080368042,
      0.22833383878072103,
      0.25158170064290364,
      0.22489733695983888,
      0.23206599553426108,
      0.23229899406433105,
      0.23988281885782878,
      0.22738294601440429,
      0.24174421628316242,
      0.2291405200958252,
      0.2524346192677816,
      0.2296750545501709,
      0.2368196646372477
    ]
  },
  "dispatch_ms_per_edge": {
    "3-0": [
      [
        1070100,
        1.85049622853597
      ],
      [
        2189400,
        2.7252959569295245
      ],
      [
        3062700,
        3.8188304901123047
      ],
      [
        4296800,
        4.743775987625122
      ],
      [
        5543200,
        5.874424298604329
      ],
      [
        6580500,
        7.0335493087768555
      ],
      [
        7482500,
        7.899777762095133
      ],
      [
        8515700,
        8.819698047637939
      ]
    ],
    "3-1": [
      [
        1078300,
        1.9103646119435629
      ],
      [
        1947500,
        2.7219465414683026
      ],
      [
        3120100,
        3.7522353013356526
      ],
      [
        4059000,
        4.7411559899648035
      ],
      [
        5137300,
        5.818174266815186
      ],
      [
        6063900,
        7.082578547795614
      ],
      [
        7507100,
        7.986615165074666
      ],
      [
        8569000,
        9.011459652582804
      ]
    ],
    "3-2": [
      [
        1131600,
        1.842943541208903
      ],
      [
        2177100,
        2.723392152786255
      ],
      [
        3193900,
        3.7848103046417236
      ],
      [
        4313200,
        4.826608435312907
      ],
      [
        5403800,
        5.872405624389648
      ],
      [
        6408300,
        6.997137832641601
      ],
      [
        7183200,
        7.876306200027466
      ],
      [
        8286100,
        8.848078441619872
      ]
    ],
    "3-3": [
      [
        1131600,
        1.740323050816854
      ],
      [
        2123800,
        2.7393054008483886
      ],
      [
        3165200,
        3.7674359321594237
      ],
      [
        4145100,
        4.831623442967733
      ],
      [
        5346400,
        5.780297342936198
      ],
      [
        6404200,
        6.996740738550822
      ],
      [
        7326700,
        7.926524718602498
      ],
      [
        8552600,
        8.878272883097331
      ]
    ]
  },
  "combine_ms_per_edge": {
    "3-0": [
      [
        1069056,
        1.2985305945078531
      ],
      [
        2187264,
        2.2837762514750164
      ],
      [
        3059712,
        3.2788314978281656
      ],
      [
        4292608,
        4.29017113049825
      ],
      [
        5537792,
        5.385833819707234
      ],
      [
        6574080,
        6.533882729212443
      ],
      [
        7475200,
        7.381369860967
      ],
      [
        8507392,
        8.271545759836833
      ]
    ],
    "3-1": [
      [
        1077248,
        1.2882126967112224
      ],
      [
        1945600,
        2.3840195178985595
      ],
      [
        3117056,
        3.28678518931071
      ],
      [
        4055040,
        4.261745468775431
      ],
      [
        5132288,
        5.325290505091349
      ],
      [
        6057984,
        6.526795196533203
      ],
      [
        7499776,
        7.446196190516154
      ],
      [
        8560640,
        8.412621355056762
      ]
    ],
    "3-2": [
      [
        1130496,
        1.2831732114156087
      ],
      [
        2174976,
        2.2908344745635985
      ],
      [
        3190784,
        3.30887983640035
      ],
      [
        4308992,
        4.223222621281942
      ],
      [
        5398528,
        5.378976329167684
      ],
      [
        6402048,
        6.488037586212158
      ],
      [
        7176192,
        7.308629337946574
      ],
      [
        8278016,
        8.307218249638876
      ]
    ],
    "3-3": [
      [
        1130496,
        1.2801036993662516
      ],
      [
        2121728,
        2.281034517288208
      ],
      [
        3162112,
        3.28376677831014
      ],
      [
        4141056,
        4.329291168848673
      ],
      [
        5341184,
        5.299020131429036
      ],
      [
        6397952,
        6.481762154897054
      ],
      [
        7319552,
        7.363081487019857
      ],
      [
        8544256,
        8.323604011535645
      ]
    ]
  }
}