{
  "run_id": "20250915_073727",
  "timestamp_unix": 1757922030.3907695,
  "timestamp_iso": "2025-09-15T07:40:30+0000",
  "dispatch": {
    "alpha_ms": [
      [
        0.0,
        2.8622373745555096,
        2.4690508697004927,
        2.464300633328314
      ],
      [
        3.5120593154714106,
        0.0,
        1.955407102264144,
        1.8819938617093823
      ],
      [
        2.709811886080656,
        0.6034292060705173,
        0.0,
        0.7124889355330196
      ],
      [
        2.628215077306564,
        0.559860344018257,
        0.515550528608605,
        0.0
      ]
    ],
    "beta_ms_per_byte": [
      [
        0.0,
        5.581076439345253e-06,
        5.5783076165140305e-06,
        5.578810016615523e-06
      ],
      [
        5.58543637955641e-06,
        0.0,
        5.5840751702344316e-06,
        5.5788680470450375e-06
      ],
      [
        5.580721484448785e-06,
        5.583431078647027e-06,
        0.0,
        5.5812262678587835e-06
      ],
      [
        5.587174710764227e-06,
        5.578238221404915e-06,
        5.586299929039337e-06,
        0.0
      ]
    ],
    "r_squared": [
      [
        1.0,
        0.9999832017019146,
        0.9999997913835887,
        0.9999996148293471
      ],
      [
        0.9999922820576161,
        1.0,
        0.9999998766679538,
        0.9999997157817366
      ],
      [
        0.9999931187818561,
        0.9999998781171662,
        1.0,
        0.9999996608331116
      ],
      [
        0.9999931460149719,
        0.9999999346129419,
        0.9999997703244263,
        1.0
      ]
    ]
  },
  "combine": {
    "alpha_ms": [
      [
        0.0,
        0.5571894634337385,
        -0.8835884385165839,
        -0.8140211753192943
      ],
      [
        -0.6672929010930231,
        0.0,
        0.9984635752581347,
        2.7644958542926035
      ],
      [
        -0.8266535175697866,
        -27.012200904956867,
        0.0,
        2.804786989376657
      ],
      [
        -0.594398257065386,
        2.191456812549204,
        -25.06486968972851,
        0.0
      ]
    ],
    "beta_ms_per_byte": [
      [
        0.0,
        5.587674669345101e-06,
        5.590769243970575e-06,
        5.605980530564212e-06
      ],
      [
        5.59658599105739e-06,
        0.0,
        1.1638288878288893e-06,
        1.3726733465926055e-06
      ],
      [
        5.595872739078571e-06,
        4.5362279866397525e-06,
        0.0,
        1.3673365301942774e-06
      ],
      [
        5.592014516926225e-06,
        1.1550567099692983e-06,
        4.520954966034916e-06,
        0.0
      ]
    ],
    "r_squared": [
      [
        1.0,
        0.9999929563873395,
        0.9999999058256324,
        0.9999997104197863
      ],
      [
        0.9999972647116778,
        1.0,
        0.9988556219504806,
        0.997321933015212
      ],
      [
        0.9999985711261553,
        0.9616103305272241,
        1.0,
        0.9972975586758113
      ],
      [
        0.9999975810006341,
        0.9989090805116636,
        0.9623425495124629,
        1.0
      ]
    ]
  },
  "preprocess": {
    "latency_ms": [
      [
        0.5901382892496058,
        53.67618606107103,
        43.016423729476,
        44.011779090017065
      ]
    ]
  }
}