{
  "run_id": "20250915_083907",
  "timestamp_unix": 1757925968.6075523,
  "timestamp_iso": "2025-09-15T08:46:08+0000",
  "dispatch": {
    "alpha_ms": [
      [
        0.0,
        1.3591828416500902,
        0.5924884558434306,
        0.5016075748773345
      ],
      [
        0.6844656826485016,
        0.0,
        2.1686313051553037,
        1.6068750824956695
      ],
      [
        1.2185010467256823,
        0.9698490130759421,
        0.0,
        2.4644630970699506
      ],
      [
        1.373952274592171,
        1.1558185291432275,
        0.006815139168784163,
        0.0
      ]
    ],
    "beta_ms_per_byte": [
      [
        0.0,
        5.580895573275391e-06,
        5.580139344116568e-06,
        5.5805546454561985e-06
      ],
      [
        5.581012891982144e-06,
        0.0,
        8.226242791842815e-07,
        8.408238041932875e-07
      ],
      [
        5.5820738427922656e-06,
        8.428701856945619e-07,
        0.0,
        8.174315304083002e-07
      ],
      [
        5.580775686316162e-06,
        8.399347287299488e-07,
        8.377990276180729e-07,
        0.0
      ]
    ],
    "r_squared": [
      [
        1.0,
        0.9999994866711357,
        0.9999994292923224,
        0.9999997924313513
      ],
      [
        0.9999996930343078,
        1.0,
        0.9985925768319078,
        0.9999979043457269
      ],
      [
        0.9999996738748068,
        0.9999841032203135,
        1.0,
        0.9973616603987823
      ],
      [
        0.9999992845834227,
        0.999986550955603,
        0.9998646561238383,
        1.0
      ]
    ]
  },
  "combine": {
    "alpha_ms": [
      [
        0.0,
        -1.000064188100033,
        -0.9757724169464675,
        -0.9538288696890479
      ],
      [
        -0.9356934728367127,
        0.0,
        0.3155650478743362,
        -0.13338039517402916
      ],
      [
        -0.958062147526484,
        -0.3656956073074063,
        0.0,
        0.6165200031939042
      ],
      [
        -0.9566622341672356,
        0.5168924156399011,
        -0.6536239533906897,
        0.0
      ]
    ],
    "beta_ms_per_byte": [
      [
        0.0,
        5.555496546829345e-06,
        5.554733170188435e-06,
        5.555644504502267e-06
      ],
      [
        5.553945011440997e-06,
        0.0,
        7.776840383997742e-07,
        8.001320707822715e-07
      ],
      [
        5.5528932482522836e-06,
        8.050328150808297e-07,
        0.0,
        7.8245920169665e-07
      ],
      [
        5.553866889387549e-06,
        7.778876150967202e-07,
        8.159217954141151e-07,
        0.0
      ]
    ],
    "r_squared": [
      [
        1.0,
        0.9999998583272676,
        0.9999995356394051,
        0.9999996925892567
      ],
      [
        0.9999999155826552,
        1.0,
        0.9987626582666409,
        0.9973488875513604
      ],
      [
        0.9999999240459152,
        0.9989140088082661,
        1.0,
        0.9938909691244474
      ],
      [
        0.9999999329651992,
        0.9952250799640175,
        0.9999871329894193,
        1.0
      ]
    ]
  },
  "preprocess": {
    "latency_ms": [
      [
        20.65639416552666,
        43.09206424264446,
        43.238624482167246,
        42.791482774313145
      ]
    ]
  }
}