{
  "run_id": "20250909_120333",
  "timestamp_unix": 1757422198.5949976,
  "timestamp_iso": "2025-09-09T12:49:58+0000",
  "preprocess_ms_per_rank": {
    "0": [
      0.26910104751586916,
      0.2680750846862793,
      0.26267204284667967,
      0.22901182174682616,
      0.48630752563476565,
      0.21693181991577148,
      0.23454751968383789,
      0.24995346069335939,
      0.25302982330322266,
      0.22987728118896483,
      0.22479372024536132,
      0.24138031005859376,
      0.21837835311889647,
      0.2327815055847168,
      0.34776735305786133,
      0.2166139602661133,
      0.2360605239868164,
      0.24784393310546876,
      0.21725807189941407,
      0.22452077865600586,
      0.5511479377746582,
      0.22121925354003907,
      0.32091436386108396,
      0.6836881637573242
    ]
  },
  "dispatch_ms_per_edge": {
    "0-1": [
      [
        3792500,
        2.0348419189453124
      ],
      [
        6662500,
        3.2567399978637694
      ],
      [
        10500100,
        4.450395298004151
      ],
      [
        14915800,
        5.64728889465332
      ],
      [
        17876000,
        6.819271373748779
      ],
      [
        22902600,
        8.230072689056396
      ],
      [
        24661500,
        9.344099617004394
      ],
      [
        27494600,
        10.604991436004639
      ]
    ],
    "0-2": [
      [
        3448100,
        2.144051933288574
      ],
      [
        7322600,
        3.436714935302734
      ],
      [
        10938800,
        4.476359748840332
      ],
      [
        14481200,
        5.640116882324219
      ],
      [
        19934200,
        6.752568531036377
      ],
      [
        23722600,
        8.179872226715087
      ],
      [
        27765200,
        9.226381778717041
      ],
      [
        28937800,
        10.550710010528565
      ]
    ],
    "0-3": [
      [
        3993400,
        2.002288341522217
      ],
      [
        7240600,
        3.2494808197021485
      ],
      [
        11742400,
        4.444750881195068
      ],
      [
        16600900,
        5.67030553817749
      ],
      [
        18601700,
        6.976928234100342
      ],
      [
        23948100,
        8.333373641967773
      ],
      [
        25600400,
        9.417520713806152
      ],
      [
        28507300,
        10.661139678955077
      ]
    ]
  },
  "combine_ms_per_edge": {
    "0-1": [
      [
        3788800,
        1.4870360374450684
      ],
      [
        6656000,
        2.813543128967285
      ],
      [
        10489856,
        3.8443222045898438
      ],
      [
        14901248,
        5.0198956489562985
      ],
      [
        17858560,
        6.206140041351318
      ],
      [
        22880256,
        7.5387598991394045
      ],
      [
        24637440,
        8.634874439239502
      ],
      [
        27467776,
        9.8487117767334
      ]
    ],
    "0-2": [
      [
        3444736,
        1.4748024940490723
      ],
      [
        7315456,
        2.687936210632324
      ],
      [
        10928128,
        3.842058849334717
      ],
      [
        14467072,
        5.05995512008667
      ],
      [
        19914752,
        6.297673034667969
      ],
      [
        23699456,
        7.67916898727417
      ],
      [
        27738112,
        8.726566886901855
      ],
      [
        28909568,
        9.806623649597167
      ]
    ],
    "0-3": [
      [
        3989504,
        1.4979220390319825
      ],
      [
        7233536,
        2.7696661949157715
      ],
      [
        11730944,
        4.065352821350098
      ],
      [
        16584704,
        5.355070686340332
      ],
      [
        18583552,
        6.494188499450684
      ],
      [
        23924736,
        8.097085762023926
      ],
      [
        25575424,
        8.780089473724365
      ],
      [
        28479488,
        9.968887424468994
      ]
    ]
  }
}