{
  "run_id": "20250909_120333",
  "timestamp_unix": 1757422198.5950446,
  "timestamp_iso": "2025-09-09T12:49:58+0000",
  "preprocess_ms_per_rank": {
    "1": [
      0.2688121795654297,
      0.26709613800048826,
      0.4427947044372559,
      0.4070237159729004,
      0.23607339859008789,
      0.21763162612915038,
      0.2343271255493164,
      0.26764345169067383,
      0.23810243606567383,
      0.22698535919189453,
      0.21651773452758788,
      0.24373483657836914,
      0.23099031448364257,
      0.2414337158203125,
      0.223654842376709,
      0.2691481590270996,
      0.23596858978271484,
      0.23987283706665039,
      0.2308055877685547,
      0.2844341278076172,
      0.23267183303833008,
      0.2708142280578613,
      0.21721124649047852,
      0.22716121673583983
    ]
  },
  "dispatch_ms_per_edge": {
    "1-0": [
      [
        3284100,
        2.0310342788696287
      ],
      [
        7355400,
        3.2346776008605955
      ],
      [
        11041300,
        4.3717570304870605
      ],
      [
        14337700,
        5.59166955947876
      ],
      [
        17724300,
        6.8125160217285154
      ],
      [
        20848500,
        8.219653034210205
      ],
      [
        25092000,
        9.30459222793579
      ],
      [
        28515500,
        10.524932670593262
      ]
    ],
    "1-2": [
      [
        3952400,
        2.1132742881774904
      ],
      [
        7941700,
        3.430576801300049
      ],
      [
        10569800,
        4.492898654937744
      ],
      [
        14870700,
        5.685648822784424
      ],
      [
        19085500,
        6.887242031097412
      ],
      [
        23935800,
        8.278455924987792
      ],
      [
        25772600,
        9.434511852264404
      ],
      [
        29548700,
        10.649702548980713
      ]
    ],
    "1-3": [
      [
        3657200,
        2.112094211578369
      ],
      [
        7872000,
        3.1983800888061524
      ],
      [
        12271300,
        4.415489387512207
      ],
      [
        15395500,
        5.740004825592041
      ],
      [
        21020700,
        6.883798980712891
      ],
      [
        24030100,
        8.31774959564209
      ],
      [
        28835300,
        9.289663600921632
      ],
      [
        33792200,
        10.539872646331787
      ]
    ]
  },
  "combine_ms_per_edge": {
    "1-0": [
      [
        3280896,
        1.5138894081115724
      ],
      [
        7348224,
        2.708257484436035
      ],
      [
        11030528,
        3.9048068046569826
      ],
      [
        14323712,
        5.108209323883057
      ],
      [
        17707008,
        6.218953037261963
      ],
      [
        20828160,
        7.590083408355713
      ],
      [
        25067520,
        8.654574012756347
      ],
      [
        28487680,
        9.848151206970215
      ]
    ],
    "1-2": [
      [
        3948544,
        1.503064250946045
      ],
      [
        7933952,
        2.848497009277344
      ],
      [
        10559488,
        3.867784023284912
      ],
      [
        14856192,
        5.016178798675537
      ],
      [
        19066880,
        6.209590816497803
      ],
      [
        23912448,
        7.591417407989502
      ],
      [
        25747456,
        8.503390789031982
      ],
      [
        29519872,
        9.81493330001831
      ]
    ],
    "1-3": [
      [
        3653632,
        1.245625877380371
      ],
      [
        7864320,
        2.8047813415527343
      ],
      [
        12259328,
        4.074789905548096
      ],
      [
        15380480,
        5.323585033416748
      ],
      [
        21000192,
        6.619419193267822
      ],
      [
        24006656,
        8.111264514923096
      ],
      [
        28807168,
        9.11500825881958
      ],
      [
        33759232,
        10.365795135498047
      ]
    ]
  }
}