{
  "run_id": "20250909_120333",
  "timestamp_unix": 1757422198.5950084,
  "timestamp_iso": "2025-09-09T12:49:58+0000",
  "preprocess_ms_per_rank": {
    "3": [
      0.2683009147644043,
      0.2648052215576172,
      0.2612483978271484,
      0.4080059051513672,
      0.566795825958252,
      0.2162843704223633,
      0.2415074348449707,
      0.266133975982666,
      0.2511847496032715,
      0.22704010009765624,
      0.21530685424804688,
      0.2386312484741211,
      0.21749706268310548,
      0.4244387626647949,
      0.23447055816650392,
      0.21587858200073243,
      0.37998361587524415,
      0.2469806671142578,
      0.21686944961547852,
      0.4126289367675781,
      0.23209753036499023,
      0.3149741172790527,
      0.22321205139160155,
      0.22730283737182616
    ]
  },
  "dispatch_ms_per_edge": {
    "3-0": [
      [
        3427600,
        2.019430637359619
      ],
      [
        7179100,
        3.2327644348144533
      ],
      [
        10159800,
        4.408608245849609
      ],
      [
        14206500,
        5.573157691955567
      ],
      [
        19081400,
        6.687824630737305
      ],
      [
        21443000,
        8.160572528839111
      ],
      [
        26461400,
        9.159697723388671
      ],
      [
        28003000,
        10.462528896331786
      ]
    ],
    "3-1": [
      [
        3866300,
        2.1132561683654787
      ],
      [
        7146300,
        3.4638784408569334
      ],
      [
        11549700,
        4.436406993865967
      ],
      [
        16026900,
        5.608388996124267
      ],
      [
        17777600,
        6.883456802368164
      ],
      [
        23062500,
        8.276654148101807
      ],
      [
        24805000,
        9.31626501083374
      ],
      [
        30094000,
        10.52535924911499
      ]
    ],
    "3-2": [
      [
        3796600,
        2.0412415504455566
      ],
      [
        8277900,
        3.2509949684143065
      ],
      [
        12062200,
        4.509975242614746
      ],
      [
        14850200,
        5.809939193725586
      ],
      [
        18482800,
        7.0288389205932615
      ],
      [
        23464300,
        8.478921222686768
      ],
      [
        26502400,
        9.505327606201172
      ],
      [
        32168600,
        10.78059368133545
      ]
    ]
  },
  "combine_ms_per_edge": {
    "3-0": [
      [
        3424256,
        1.5198009490966797
      ],
      [
        7172096,
        2.720588779449463
      ],
      [
        10149888,
        3.8714600563049317
      ],
      [
        14192640,
        5.128727626800537
      ],
      [
        19062784,
        6.304447078704834
      ],
      [
        21422080,
        7.689969730377197
      ],
      [
        26435584,
        8.768457698822022
      ],
      [
        27975680,
        9.888080596923828
      ]
    ],
    "3-1": [
      [
        3862528,
        1.5104947090148926
      ],
      [
        7139328,
        2.539459228515625
      ],
      [
        11538432,
        3.8854637145996094
      ],
      [
        16011264,
        5.064855003356934
      ],
      [
        17760256,
        6.085010242462158
      ],
      [
        23040000,
        7.488968276977539
      ],
      [
        24780800,
        8.526011753082276
      ],
      [
        30064640,
        9.92480182647705
      ]
    ],
    "3-2": [
      [
        3792896,
        1.4856006622314453
      ],
      [
        8269824,
        2.7475558280944825
      ],
      [
        12050432,
        4.0032501220703125
      ],
      [
        14835712,
        5.302463531494141
      ],
      [
        18464768,
        6.577420711517334
      ],
      [
        23441408,
        7.98600549697876
      ],
      [
        26476544,
        8.981071662902831
      ],
      [
        32137216,
        10.185389137268066
      ]
    ]
  }
}