{
  "run_id": "20250909_120333",
  "timestamp_unix": 1757422198.594791,
  "timestamp_iso": "2025-09-09T12:49:58+0000",
  "preprocess_ms_per_rank": {
    "2": [
      0.35470008850097656,
      0.2680069923400879,
      0.2634490966796875,
      0.406218433380127,
      0.4738600730895996,
      0.2190183639526367,
      0.23424949645996093,
      0.26733932495117185,
      0.325341796875,
      0.22932348251342774,
      0.22260799407958984,
      0.2529447555541992,
      0.3723809242248535,
      0.2403005599975586,
      0.2832507133483887,
      0.21872234344482422,
      0.23468246459960937,
      0.25263128280639646,
      0.3137676239013672,
      0.22599515914916993,
      0.2342538833618164,
      0.22772684097290039,
      0.22491912841796874,
      0.44365320205688474
    ]
  },
  "dispatch_ms_per_edge": {
    "2-0": [
      [
        3722800,
        2.1284865379333495
      ],
      [
        7527600,
        3.211569595336914
      ],
      [
        11070000,
        4.364510440826416
      ],
      [
        13751400,
        5.583513164520264
      ],
      [
        16510700,
        6.77945384979248
      ],
      [
        22369600,
        8.084058475494384
      ],
      [
        24042400,
        9.249930572509765
      ],
      [
        30036600,
        10.37046480178833
      ]
    ],
    "2-1": [
      [
        3562900,
        2.112527847290039
      ],
      [
        7261100,
        3.548841953277588
      ],
      [
        11348800,
        4.477848052978516
      ],
      [
        14272100,
        5.707054615020752
      ],
      [
        17638200,
        6.883945560455322
      ],
      [
        20483600,
        8.321699333190917
      ],
      [
        26178500,
        9.36601963043213
      ],
      [
        31000100,
        10.60794439315796
      ]
    ],
    "2-3": [
      [
        4124600,
        2.0107922554016113
      ],
      [
        7822800,
        3.2041929244995115
      ],
      [
        10565700,
        4.538577556610107
      ],
      [
        15104400,
        5.786862850189209
      ],
      [
        19229000,
        7.014267444610596
      ],
      [
        23538100,
        8.38418083190918
      ],
      [
        27740600,
        9.450428295135499
      ],
      [
        29962800,
        10.708311748504638
      ]
    ]
  },
  "combine_ms_per_edge": {
    "2-0": [
      [
        3719168,
        1.3158682823181151
      ],
      [
        7520256,
        2.7177796363830566
      ],
      [
        11059200,
        3.873014545440674
      ],
      [
        13737984,
        5.117822360992432
      ],
      [
        16494592,
        6.12482099533081
      ],
      [
        22347776,
        7.683008861541748
      ],
      [
        24018944,
        8.631732654571532
      ],
      [
        30007296,
        9.957612133026123
      ]
    ],
    "2-1": [
      [
        3559424,
        1.5109697341918946
      ],
      [
        7254016,
        2.577165222167969
      ],
      [
        11337728,
        3.8413968086242676
      ],
      [
        14258176,
        4.996267318725586
      ],
      [
        17620992,
        6.2483867645263675
      ],
      [
        20463616,
        7.641603565216064
      ],
      [
        26152960,
        8.616156196594238
      ],
      [
        30969856,
        9.762840843200683
      ]
    ],
    "2-3": [
      [
        4120576,
        1.4862908363342284
      ],
      [
        7815168,
        2.7902829170227053
      ],
      [
        10555392,
        3.9170406341552733
      ],
      [
        15089664,
        5.24872932434082
      ],
      [
        19210240,
        6.480450057983399
      ],
      [
        23515136,
        8.039379405975343
      ],
      [
        27713536,
        8.967297840118409
      ],
      [
        29933568,
        10.084654903411865
      ]
    ]
  }
}