{
  "run_id": "20250908_140438",
  "timestamp_unix": 1757340282.986388,
  "timestamp_iso": "2025-09-08T14:04:42+0000",
  "preprocess_ms_per_rank": {
    "0": [
      0.32082335154215497,
      0.2786799748738607,
      0.24979430834452312,
      0.24723394711812338,
      0.24329519271850586,
      0.23349785804748535,
      0.23285096486409504,
      0.23218164443969727
    ]
  },
  "dispatch_ms_per_edge": {
    "0-1": [
      [
        971700,
        1.8733911673227945
      ],
      [
        1976200,
        2.4717745939890543
      ],
      [
        3017600,
        3.382516543070475
      ],
      [
        4194300,
        3.498058303197225
      ],
      [
        5219300,
        4.517399660746256
      ],
      [
        6568200,
        4.8049344698588055
      ],
      [
        7515300,
        5.602120765050253
      ],
      [
        8515700,
        6.049604066212972
      ]
    ]
  },
  "combine_ms_per_edge": {
    "0-1": [
      [
        970752,
        1.3089406967163086
      ],
      [
        1974272,
        1.8997060298919677
      ],
      [
        3014656,
        2.6716094811757407
      ],
      [
        4190208,
        2.8368494351704916
      ],
      [
        5214208,
        3.728815491994222
      ],
      [
        6561792,
        4.035441064834595
      ],
      [
        7507968,
        4.719148604075114
      ],
      [
        8507392,
        5.186606502532959
      ]
    ]
  }
}