{
  "run_id": "20250910_053643",
  "timestamp_unix": 1757482622.758037,
  "timestamp_iso": "2025-09-10T05:37:02+0000",
  "preprocess_ms_per_rank": {
    "2": [
      0.40310321807861327,
      0.621574935913086,
      1.0298236083984376,
      0.9640813827514648
    ]
  },
  "dispatch_ms_per_edge": {
    "2-0": [
      [
        2800300,
        3.563449516296387
      ],
      [
        5600600,
        6.4317728042602536
      ],
      [
        8396800,
        9.300997505187988
      ],
      [
        11197100,
        12.110446586608887
      ]
    ],
    "2-1": [
      [
        2800300,
        3.563449516296387
      ],
      [
        5596500,
        6.4317728042602536
      ],
      [
        8396800,
        9.300997505187988
      ],
      [
        11197100,
        12.110446586608887
      ]
    ],
    "2-3": [
      [
        2796200,
        3.563449516296387
      ],
      [
        5596500,
        6.4317728042602536
      ],
      [
        8396800,
        9.300997505187988
      ],
      [
        11193000,
        12.110446586608887
      ]
    ]
  },
  "combine_ms_per_edge": {
    "2-0": [
      [
        2797568,
        3.0591361999511717
      ],
      [
        5595136,
        5.866438407897949
      ],
      [
        8388608,
        8.607354774475098
      ],
      [
        11186176,
        11.36122097015381
      ]
    ],
    "2-1": [
      [
        2797568,
        3.0591361999511717
      ],
      [
        5591040,
        5.866438407897949
      ],
      [
        8388608,
        8.607354774475098
      ],
      [
        11186176,
        11.36122097015381
      ]
    ],
    "2-3": [
      [
        2793472,
        3.0591361999511717
      ],
      [
        5591040,
        5.866438407897949
      ],
      [
        8388608,
        8.607354774475098
      ],
      [
        11182080,
        11.36122097015381
      ]
    ]
  }
}