{
  "run_id": "20250910_053643",
  "timestamp_unix": 1757482622.7580218,
  "timestamp_iso": "2025-09-10T05:37:02+0000",
  "preprocess_ms_per_rank": {
    "0": [
      0.8592118072509766,
      1.1220235443115234,
      2.1168849945068358,
      2.3381329727172853
    ]
  },
  "dispatch_ms_per_edge": {
    "0-1": [
      [
        2800300,
        3.583257026672363
      ],
      [
        5600600,
        6.4458229446411135
      ],
      [
        8396800,
        9.300939445495606
      ],
      [
        11197100,
        12.12048641204834
      ]
    ],
    "0-2": [
      [
        2800300,
        3.583257026672363
      ],
      [
        5596500,
        6.4458229446411135
      ],
      [
        8396800,
        9.300939445495606
      ],
      [
        11197100,
        12.12048641204834
      ]
    ],
    "0-3": [
      [
        2796200,
        3.583257026672363
      ],
      [
        5596500,
        6.4458229446411135
      ],
      [
        8396800,
        9.300939445495606
      ],
      [
        11193000,
        12.12048641204834
      ]
    ]
  },
  "combine_ms_per_edge": {
    "0-1": [
      [
        2797568,
        3.0553196716308593
      ],
      [
        5595136,
        5.840217475891113
      ],
      [
        8388608,
        8.56884006500244
      ],
      [
        11186176,
        11.30992088317871
      ]
    ],
    "0-2": [
      [
        2797568,
        3.0553196716308593
      ],
      [
        5591040,
        5.840217475891113
      ],
      [
        8388608,
        8.56884006500244
      ],
      [
        11186176,
        11.30992088317871
      ]
    ],
    "0-3": [
      [
        2793472,
        3.0553196716308593
      ],
      [
        5591040,
        5.840217475891113
      ],
      [
        8388608,
        8.56884006500244
      ],
      [
        11182080,
        11.30992088317871
      ]
    ]
  }
}