{
  "run_id": "20250910_053643",
  "timestamp_unix": 1757482622.7580361,
  "timestamp_iso": "2025-09-10T05:37:02+0000",
  "preprocess_ms_per_rank": {
    "3": [
      0.2531090545654297,
      0.26302284240722656,
      0.25222896575927733,
      0.2880527114868164
    ]
  },
  "dispatch_ms_per_edge": {
    "3-0": [
      [
        2800300,
        3.5039140701293947
      ],
      [
        5600600,
        6.3673519515991215
      ],
      [
        8396800,
        9.216937904357911
      ],
      [
        11197100,
        12.05009780883789
      ]
    ],
    "3-1": [
      [
        2800300,
        3.5039140701293947
      ],
      [
        5596500,
        6.3673519515991215
      ],
      [
        8396800,
        9.216937904357911
      ],
      [
        11197100,
        12.05009780883789
      ]
    ],
    "3-2": [
      [
        2796200,
        3.5039140701293947
      ],
      [
        5596500,
        6.3673519515991215
      ],
      [
        8396800,
        9.216937904357911
      ],
      [
        11193000,
        12.05009780883789
      ]
    ]
  },
  "combine_ms_per_edge": {
    "3-0": [
      [
        2797568,
        3.0320429611206055
      ],
      [
        5595136,
        5.806078872680664
      ],
      [
        8388608,
        8.527075080871581
      ],
      [
        11186176,
        11.235382690429688
      ]
    ],
    "3-1": [
      [
        2797568,
        3.0320429611206055
      ],
      [
        5591040,
        5.806078872680664
      ],
      [
        8388608,
        8.527075080871581
      ],
      [
        11186176,
        11.235382690429688
      ]
    ],
    "3-2": [
      [
        2793472,
        3.0320429611206055
      ],
      [
        5591040,
        5.806078872680664
      ],
      [
        8388608,
        8.527075080871581
      ],
      [
        11182080,
        11.235382690429688
      ]
    ]
  }
}