{
  "run_id": "20250910_053643",
  "timestamp_unix": 1757482622.7580302,
  "timestamp_iso": "2025-09-10T05:37:02+0000",
  "preprocess_ms_per_rank": {
    "1": [
      1.7097362899780273,
      3.098339920043945,
      4.830036811828613,
      6.258429794311524
    ]
  },
  "dispatch_ms_per_edge": {
    "1-0": [
      [
        2800300,
        3.583831367492676
      ],
      [
        5600600,
        6.445164985656739
      ],
      [
        8396800,
        9.303730697631837
      ],
      [
        11197100,
        12.122499504089355
      ]
    ],
    "1-2": [
      [
        2800300,
        3.583831367492676
      ],
      [
        5596500,
        6.445164985656739
      ],
      [
        8396800,
        9.303730697631837
      ],
      [
        11197100,
        12.122499504089355
      ]
    ],
    "1-3": [
      [
        2796200,
        3.583831367492676
      ],
      [
        5596500,
        6.445164985656739
      ],
      [
        8396800,
        9.303730697631837
      ],
      [
        11193000,
        12.122499504089355
      ]
    ]
  },
  "combine_ms_per_edge": {
    "1-0": [
      [
        2797568,
        3.0516058731079103
      ],
      [
        5595136,
        5.842775917053222
      ],
      [
        8388608,
        8.580355949401856
      ],
      [
        11186176,
        11.32310287475586
      ]
    ],
    "1-2": [
      [
        2797568,
        3.0516058731079103
      ],
      [
        5591040,
        5.842775917053222
      ],
      [
        8388608,
        8.580355949401856
      ],
      [
        11186176,
        11.32310287475586
      ]
    ],
    "1-3": [
      [
        2793472,
        3.0516058731079103
      ],
      [
        5591040,
        5.842775917053222
      ],
      [
        8388608,
        8.580355949401856
      ],
      [
        11182080,
        11.32310287475586
      ]
    ]
  }
}