{
  "run_id": "20250908_121708",
  "timestamp_unix": 1757333832.016624,
  "timestamp_iso": "2025-09-08T12:17:12+0000",
  "preprocess_ms_per_rank": {
    "3": [
      0.4382782459259033,
      0.2726252555847168,
      0.3109413146972656,
      0.2563032150268555,
      0.22151122093200684,
      0.23472809791564941,
      0.22616610527038575,
      0.22044839859008789,
      0.23488998413085938,
      0.2365398406982422,
      0.22848100662231446,
      0.2716518402099609
    ]
  },
  "dispatch_ms_per_edge": {
    "3-0": [
      [
        1049600,
        3.2804998397827148
      ],
      [
        2099200,
        6.108561325073242
      ],
      [
        3214400,
        8.819715452194213
      ],
      [
        4198400,
        11.397172260284425
      ]
    ],
    "3-1": [
      [
        1049600,
        3.4587252140045166
      ],
      [
        2099200,
        5.979799556732178
      ],
      [
        3214400,
        8.841014575958251
      ],
      [
        4198400,
        11.310285282135009
      ]
    ],
    "3-2": [
      [
        1049600,
        3.6761662006378173
      ],
      [
        2099200,
        6.463847351074219
      ],
      [
        3214400,
        9.513442468643188
      ],
      [
        4198400,
        12.204209136962891
      ]
    ]
  },
  "combine_ms_per_edge": {
    "3-0": [
      [
        1048576,
        3.535751724243164
      ],
      [
        2097152,
        6.2192178726196286
      ],
      [
        3211264,
        9.390096473693848
      ],
      [
        4194304,
        12.215048170089721
      ]
    ],
    "3-1": [
      [
        1048576,
        3.305058002471924
      ],
      [
        2097152,
        6.114169645309448
      ],
      [
        3211264,
        9.236005449295044
      ],
      [
        4194304,
        12.028039979934693
      ]
    ],
    "3-2": [
      [
        1048576,
        3.1327773094177247
      ],
      [
        2097152,
        5.967168235778809
      ],
      [
        3211264,
        8.96713047027588
      ],
      [
        4194304,
        11.768603944778443
      ]
    ]
  }
}