{
  "run_id": "20250908_121708",
  "timestamp_unix": 1757333832.0166314,
  "timestamp_iso": "2025-09-08T12:17:12+0000",
  "preprocess_ms_per_rank": {
    "0": [
      0.43009438514709475,
      0.2735925197601318,
      0.27079019546508787,
      0.25510482788085936,
      0.2319329261779785,
      0.23668437004089354,
      0.2248816967010498,
      0.23647518157958985,
      0.23584384918212892,
      0.23591294288635253,
      0.2651042938232422,
      0.2728024959564209
    ]
  },
  "dispatch_ms_per_edge": {
    "0-1": [
      [
        1049600,
        3.7295761108398438
      ],
      [
        2099200,
        6.498674631118774
      ],
      [
        3214400,
        9.449330139160157
      ],
      [
        4198400,
        12.156538200378417
      ]
    ],
    "0-2": [
      [
        1049600,
        3.4847421169281008
      ],
      [
        2099200,
        5.94620532989502
      ],
      [
        3214400,
        8.838683319091796
      ],
      [
        4198400,
        11.335891056060792
      ]
    ],
    "0-3": [
      [
        1049600,
        3.4361449241638184
      ],
      [
        2099200,
        6.010252571105957
      ],
      [
        3214400,
        8.822654819488525
      ],
      [
        4198400,
        11.332141637802124
      ]
    ]
  },
  "combine_ms_per_edge": {
    "0-1": [
      [
        1048576,
        3.0763902187347414
      ],
      [
        2097152,
        5.813421583175659
      ],
      [
        3211264,
        8.739630365371704
      ],
      [
        4194304,
        11.416710948944091
      ]
    ],
    "0-2": [
      [
        1048576,
        3.2537741661071777
      ],
      [
        2097152,
        6.122770977020264
      ],
      [
        3211264,
        9.195485591888428
      ],
      [
        4194304,
        11.946033382415772
      ]
    ],
    "0-3": [
      [
        1048576,
        3.300037717819214
      ],
      [
        2097152,
        6.391033554077149
      ],
      [
        3211264,
        9.611152267456054
      ],
      [
        4194304,
        12.588011217117309
      ]
    ]
  }
}