{
  "run_id": "20250908_121708",
  "timestamp_unix": 1757333832.016632,
  "timestamp_iso": "2025-09-08T12:17:12+0000",
  "preprocess_ms_per_rank": {
    "1": [
      0.351624584197998,
      0.263081693649292,
      0.3017886161804199,
      0.2553239822387695,
      0.22022480964660646,
      0.23592300415039064,
      0.22308964729309083,
      0.2186863899230957,
      0.23581290245056152,
      0.23578214645385742,
      0.22888479232788086,
      0.26920151710510254
    ]
  },
  "dispatch_ms_per_edge": {
    "1-0": [
      [
        1049600,
        3.623940086364746
      ],
      [
        2099200,
        6.40303783416748
      ],
      [
        3214400,
        9.307935762405396
      ],
      [
        4198400,
        11.973026084899903
      ]
    ],
    "1-2": [
      [
        1049600,
        3.696397399902344
      ],
      [
        2099200,
        6.332054090499878
      ],
      [
        3214400,
        9.342861652374268
      ],
      [
        4198400,
        12.002949810028076
      ]
    ],
    "1-3": [
      [
        1049600,
        3.350838613510132
      ],
      [
        2099200,
        6.082834482192993
      ],
      [
        3214400,
        8.954879188537598
      ],
      [
        4198400,
        11.499530267715453
      ]
    ]
  },
  "combine_ms_per_edge": {
    "1-0": [
      [
        1048576,
        3.0023507118225097
      ],
      [
        2097152,
        5.866591262817383
      ],
      [
        3211264,
        8.827221584320068
      ],
      [
        4194304,
        11.532545566558838
      ]
    ],
    "1-2": [
      [
        1048576,
        3.0455398082733156
      ],
      [
        2097152,
        5.717443609237671
      ],
      [
        3211264,
        8.675151157379151
      ],
      [
        4194304,
        11.250528812408447
      ]
    ],
    "1-3": [
      [
        1048576,
        3.4700254917144777
      ],
      [
        2097152,
        6.295969820022583
      ],
      [
        3211264,
        9.425537252426148
      ],
      [
        4194304,
        12.359533023834228
      ]
    ]
  }
}