{
  "run_id": "20250908_121708",
  "timestamp_unix": 1757333832.0166357,
  "timestamp_iso": "2025-09-08T12:17:12+0000",
  "preprocess_ms_per_rank": {
    "2": [
      0.41803598403930664,
      0.27480411529541016,
      0.3132942199707031,
      0.25687322616577146,
      0.22092432975769044,
      0.23579893112182618,
      0.22507658004760742,
      0.2196934700012207,
      0.23289408683776855,
      0.23665494918823243,
      0.23056292533874512,
      0.2673445701599121
    ]
  },
  "dispatch_ms_per_edge": {
    "2-0": [
      [
        1049600,
        3.3401424407958986
      ],
      [
        2099200,
        6.114243793487549
      ],
      [
        3214400,
        8.910427045822143
      ],
      [
        4198400,
        11.392873001098632
      ]
    ],
    "2-1": [
      [
        1049600,
        3.6712952136993406
      ],
      [
        2099200,
        6.319935703277588
      ],
      [
        3214400,
        9.324515247344971
      ],
      [
        4198400,
        11.980252122879028
      ]
    ],
    "2-3": [
      [
        1049600,
        3.6074038982391357
      ],
      [
        2099200,
        6.363949537277222
      ],
      [
        3214400,
        9.3684410572052
      ],
      [
        4198400,
        12.022728490829468
      ]
    ]
  },
  "combine_ms_per_edge": {
    "2-0": [
      [
        1048576,
        3.440458393096924
      ],
      [
        2097152,
        6.195367670059204
      ],
      [
        3211264,
        9.280169248580933
      ],
      [
        4194304,
        12.183220767974854
      ]
    ],
    "2-1": [
      [
        1048576,
        3.0580395221710206
      ],
      [
        2097152,
        5.754330825805664
      ],
      [
        3211264,
        8.719769477844238
      ],
      [
        4194304,
        11.33140163421631
      ]
    ],
    "2-3": [
      [
        1048576,
        3.179155397415161
      ],
      [
        2097152,
        6.049661922454834
      ],
      [
        3211264,
        9.085047817230224
      ],
      [
        4194304,
        11.912331104278564
      ]
    ]
  }
}