{
  "run_id": "20250908_121144",
  "timestamp_unix": 1757333514.1540298,
  "timestamp_iso": "2025-09-08T12:11:54+0000",
  "preprocess_ms_per_rank": {
    "3": [
      0.28761959075927734,
      0.2988638401031494,
      0.23927679061889648,
      0.221474027633667,
      0.2397287368774414,
      0.22353453636169435,
      0.22464046478271485,
      0.2281111240386963,
      0.24644644260406495,
      0.23404314517974853,
      0.25452189445495604,
      0.2324087381362915,
      0.24108641147613524,
      0.2614656209945679,
      0.24250917434692382
    ]
  },
  "dispatch_ms_per_edge": {
    "3-0": [
      [
        1049600,
        3.5489888429641723
      ],
      [
        2099200,
        6.055187129974366
      ],
      [
        3214400,
        8.949226999282837
      ],
      [
        4198400,
        11.491419458389283
      ],
      [
        8396800,
        22.319773769378664
      ]
    ],
    "3-1": [
      [
        1049600,
        3.458305096626282
      ],
      [
        2099200,
        6.031335616111756
      ],
      [
        3214400,
        8.817448329925536
      ],
      [
        4198400,
        11.310040950775146
      ],
      [
        8396800,
        21.935194849967957
      ]
    ],
    "3-2": [
      [
        1049600,
        3.6113043069839477
      ],
      [
        2099200,
        6.411465835571289
      ],
      [
        3214400,
        9.489127850532531
      ],
      [
        4198400,
        12.131515955924987
      ],
      [
        8396800,
        23.65285451412201
      ]
    ]
  },
  "combine_ms_per_edge": {
    "3-0": [
      [
        1048576,
        3.2727036476135254
      ],
      [
        2097152,
        6.103821444511413
      ],
      [
        3211264,
        9.294899106025696
      ],
      [
        4194304,
        12.144404411315918
      ],
      [
        8388608,
        24.272713351249696
      ]
    ],
    "3-1": [
      [
        1048576,
        3.2843825101852415
      ],
      [
        2097152,
        6.1081490278244015
      ],
      [
        3211264,
        9.286041283607483
      ],
      [
        4194304,
        12.071241545677186
      ],
      [
        8388608,
        23.903825879096985
      ]
    ],
    "3-2": [
      [
        1048576,
        3.120059776306152
      ],
      [
        2097152,
        5.979250645637512
      ],
      [
        3211264,
        9.040880179405212
      ],
      [
        4194304,
        11.797229528427124
      ],
      [
        8388608,
        23.531674933433532
      ]
    ]
  }
}