{
  "run_id": "20250908_121144",
  "timestamp_unix": 1757333514.1540396,
  "timestamp_iso": "2025-09-08T12:11:54+0000",
  "preprocess_ms_per_rank": {
    "1": [
      0.28986549377441406,
      0.30163562297821045,
      0.23997280597686768,
      0.22011017799377441,
      0.23168797492980958,
      0.2238527297973633,
      0.22183420658111572,
      0.22507009506225586,
      0.24700617790222168,
      0.2331477642059326,
      0.2476799488067627,
      0.2319638729095459,
      0.24043636322021483,
      0.23591108322143556,
      0.24465246200561525
    ]
  },
  "dispatch_ms_per_edge": {
    "1-0": [
      [
        1049600,
        3.677442932128906
      ],
      [
        2099200,
        6.288705134391785
      ],
      [
        3214400,
        9.288444185256958
      ],
      [
        4198400,
        11.939633560180663
      ],
      [
        8396800,
        23.23679440021515
      ]
    ],
    "1-2": [
      [
        1049600,
        3.633073401451111
      ],
      [
        2099200,
        6.35814893245697
      ],
      [
        3214400,
        9.36317994594574
      ],
      [
        4198400,
        12.030668044090271
      ],
      [
        8396800,
        23.378189945220946
      ]
    ],
    "1-3": [
      [
        1049600,
        3.401651477813721
      ],
      [
        2099200,
        6.020575213432312
      ],
      [
        3214400,
        8.938322687149048
      ],
      [
        4198400,
        11.424655961990357
      ],
      [
        8396800,
        22.209996223449707
      ]
    ]
  },
  "combine_ms_per_edge": {
    "1-0": [
      [
        1048576,
        3.1115784645080566
      ],
      [
        2097152,
        5.852512955665588
      ],
      [
        3211264,
        8.955382823944092
      ],
      [
        4194304,
        11.680430388450622
      ],
      [
        8388608,
        23.331816363334656
      ]
    ],
    "1-2": [
      [
        1048576,
        3.0596744775772096
      ],
      [
        2097152,
        5.770169305801391
      ],
      [
        3211264,
        8.726466012001037
      ],
      [
        4194304,
        11.343416237831116
      ],
      [
        8388608,
        22.46931266784668
      ]
    ],
    "1-3": [
      [
        1048576,
        3.3306129693984987
      ],
      [
        2097152,
        6.368330478668213
      ],
      [
        3211264,
        9.586739015579223
      ],
      [
        4194304,
        12.489291334152222
      ],
      [
        8388608,
        24.958153891563416
      ]
    ]
  }
}