{
  "run_id": "20250908_121144",
  "timestamp_unix": 1757333514.1540306,
  "timestamp_iso": "2025-09-08T12:11:54+0000",
  "preprocess_ms_per_rank": {
    "0": [
      0.2824746370315552,
      0.2932726860046387,
      0.23576712608337402,
      0.21438980102539062,
      0.2289665460586548,
      0.2201463460922241,
      0.21667473316192626,
      0.2199192762374878,
      0.24214611053466797,
      0.22828848361968995,
      0.24213366508483886,
      0.2285075902938843,
      0.23638341426849366,
      0.22955491542816162,
      0.2385157346725464
    ]
  },
  "dispatch_ms_per_edge": {
    "0-1": [
      [
        1049600,
        3.7657008171081543
      ],
      [
        2099200,
        6.403670048713684
      ],
      [
        3214400,
        9.451005029678345
      ],
      [
        4198400,
        12.1422908782959
      ],
      [
        8396800,
        23.647937417030334
      ]
    ],
    "0-2": [
      [
        1049600,
        3.4289905786514283
      ],
      [
        2099200,
        6.031275677680969
      ],
      [
        3214400,
        8.865381717681885
      ],
      [
        4198400,
        11.434057307243346
      ],
      [
        8396800,
        22.19784257411957
      ]
    ],
    "0-3": [
      [
        1049600,
        3.376293659210205
      ],
      [
        2099200,
        5.994660115242004
      ],
      [
        3214400,
        8.89745032787323
      ],
      [
        4198400,
        11.384488201141357
      ],
      [
        8396800,
        22.16696047782898
      ]
    ]
  },
  "combine_ms_per_edge": {
    "0-1": [
      [
        1048576,
        3.0375540018081666
      ],
      [
        2097152,
        5.723871040344238
      ],
      [
        3211264,
        8.75259289741516
      ],
      [
        4194304,
        11.425537061691283
      ],
      [
        8388608,
        22.82220959663391
      ]
    ],
    "0-2": [
      [
        1048576,
        3.2940627574920653
      ],
      [
        2097152,
        6.084559345245362
      ],
      [
        3211264,
        9.197061729431152
      ],
      [
        4194304,
        11.864833116531372
      ],
      [
        8388608,
        23.516333866119385
      ]
    ],
    "0-3": [
      [
        1048576,
        3.3564613819122315
      ],
      [
        2097152,
        6.372587132453918
      ],
      [
        3211264,
        9.588921618461608
      ],
      [
        4194304,
        12.47643322944641
      ],
      [
        8388608,
        24.88584249019623
      ]
    ]
  }
}