{
  "run_id": "20250908_121144",
  "timestamp_unix": 1757333514.1540415,
  "timestamp_iso": "2025-09-08T12:11:54+0000",
  "preprocess_ms_per_rank": {
    "2": [
      0.2886463403701782,
      0.29833154678344725,
      0.23834376335144042,
      0.2185595750808716,
      0.23082139492034912,
      0.2228679895401001,
      0.22161331176757812,
      0.22358121871948242,
      0.244346284866333,
      0.23339419364929198,
      0.2438072919845581,
      0.2304687261581421,
      0.23989782333374024,
      0.23231906890869142,
      0.24255008697509767
    ]
  },
  "dispatch_ms_per_edge": {
    "2-0": [
      [
        1049600,
        3.5241597175598143
      ],
      [
        2099200,
        6.011743903160095
      ],
      [
        3214400,
        8.889806604385376
      ],
      [
        4198400,
        11.377871632575989
      ],
      [
        8396800,
        22.106392526626585
      ]
    ],
    "2-1": [
      [
        1049600,
        3.661270260810852
      ],
      [
        2099200,
        6.387173509597778
      ],
      [
        3214400,
        9.378039574623108
      ],
      [
        4198400,
        12.047267580032349
      ],
      [
        8396800,
        23.393245506286622
      ]
    ],
    "2-3": [
      [
        1049600,
        3.56069552898407
      ],
      [
        2099200,
        6.317864871025085
      ],
      [
        3214400,
        9.34892361164093
      ],
      [
        4198400,
        11.94879047870636
      ],
      [
        8396800,
        23.263092589378356
      ]
    ]
  },
  "combine_ms_per_edge": {
    "2-0": [
      [
        1048576,
        3.283021426200867
      ],
      [
        2097152,
        6.1233114957809445
      ],
      [
        3211264,
        9.316098165512084
      ],
      [
        4194304,
        12.199005722999573
      ],
      [
        8388608,
        24.359221172332763
      ]
    ],
    "2-1": [
      [
        1048576,
        3.0463516473770142
      ],
      [
        2097152,
        5.7286029815673825
      ],
      [
        3211264,
        8.685821628570556
      ],
      [
        4194304,
        11.284044480323791
      ],
      [
        8388608,
        22.354800748825074
      ]
    ],
    "2-3": [
      [
        1048576,
        3.161645007133484
      ],
      [
        2097152,
        6.049942564964295
      ],
      [
        3211264,
        9.139641737937927
      ],
      [
        4194304,
        11.922473359107972
      ],
      [
        8388608,
        23.813254284858704
      ]
    ]
  }
}