{
  "run_id": "20250909_055324",
  "timestamp_unix": 1757398580.7088387,
  "timestamp_iso": "2025-09-09T06:16:20+0000",
  "preprocess_ms_per_rank": {
    "3": [
      0.22993841171264648,
      0.21626367568969726,
      0.21649389266967772,
      0.2383744239807129,
      0.8276191711425781,
      0.21626176834106445
    ]
  },
  "dispatch_ms_per_edge": {
    "3-0": [
      [
        4218900,
        1.9754392623901367
      ],
      [
        8191800,
        3.3264713287353516
      ]
    ],
    "3-1": [
      [
        4223000,
        1.8731912612915038
      ],
      [
        8405000,
        3.5191925048828123
      ]
    ],
    "3-2": [
      [
        4132800,
        1.8075800895690919
      ],
      [
        8515700,
        3.225973033905029
      ]
    ]
  },
  "combine_ms_per_edge": {
    "3-0": [
      [
        4214784,
        1.4819512367248535
      ],
      [
        8183808,
        2.7930612564086914
      ]
    ],
    "3-1": [
      [
        4218880,
        1.410507583618164
      ],
      [
        8396800,
        2.0738809585571287
      ]
    ],
    "3-2": [
      [
        4128768,
        1.3578549385070802
      ],
      [
        8507392,
        2.7224447250366213
      ]
    ]
  }
}