{
  "run_id": "20250909_055324",
  "timestamp_unix": 1757398580.7088313,
  "timestamp_iso": "2025-09-09T06:16:20+0000",
  "preprocess_ms_per_rank": {
    "0": [
      0.23616361618041992,
      0.24742774963378905,
      0.32355518341064454,
      0.21537208557128906,
      0.22242164611816406,
      0.23257923126220703
    ]
  },
  "dispatch_ms_per_edge": {
    "0-1": [
      [
        4059000,
        1.980717945098877
      ],
      [
        8232800,
        3.2811859130859373
      ]
    ],
    "0-2": [
      [
        4284500,
        2.013445281982422
      ],
      [
        8429600,
        3.0482898712158204
      ]
    ],
    "0-3": [
      [
        4231200,
        1.9629590034484863
      ],
      [
        8618200,
        3.142511177062988
      ]
    ]
  },
  "combine_ms_per_edge": {
    "0-1": [
      [
        4055040,
        1.5040996551513672
      ],
      [
        8224768,
        2.7025973320007326
      ]
    ],
    "0-2": [
      [
        4280320,
        1.5219081878662108
      ],
      [
        8421376,
        2.6407808303833007
      ]
    ],
    "0-3": [
      [
        4227072,
        1.2430694580078125
      ],
      [
        8609792,
        2.6526251792907716
      ]
    ]
  }
}