{
  "run_id": "20250909_055324",
  "timestamp_unix": 1757398580.7088275,
  "timestamp_iso": "2025-09-09T06:16:20+0000",
  "preprocess_ms_per_rank": {
    "1": [
      0.21591100692749024,
      0.24508285522460938,
      0.2337193489074707,
      0.2297506332397461,
      0.21449403762817382,
      0.2441387176513672,
      0.22973365783691407
    ]
  },
  "dispatch_ms_per_edge": {
    "1-0": [
      [
        4083600,
        1.9887939453125
      ],
      [
        8163100,
        3.1038796424865724
      ],
      [
        12250800,
        4.546370315551758
      ]
    ],
    "1-2": [
      [
        4079500,
        1.8362948417663574
      ],
      [
        8564900,
        3.0650827407836916
      ]
    ],
    "1-3": [
      [
        4083600,
        1.773862934112549
      ],
      [
        8191800,
        3.0920369148254396
      ]
    ]
  },
  "combine_ms_per_edge": {
    "1-0": [
      [
        4079616,
        1.4737775802612305
      ],
      [
        8155136,
        2.626007652282715
      ],
      [
        12238848,
        3.9723669052124024
      ]
    ],
    "1-2": [
      [
        4075520,
        1.3289288520812987
      ],
      [
        8556544,
        2.5866958618164064
      ]
    ],
    "1-3": [
      [
        4079616,
        1.3228750228881836
      ],
      [
        8183808,
        2.56234073638916
      ]
    ]
  }
}