{
  "run_id": "20250909_055324",
  "timestamp_unix": 1757398580.7085497,
  "timestamp_iso": "2025-09-09T06:16:20+0000",
  "preprocess_ms_per_rank": {
    "2": [
      0.3733248710632324,
      0.22046689987182616,
      0.22145624160766603,
      0.2954155921936035,
      0.25963649749755857
    ]
  },
  "dispatch_ms_per_edge": {
    "2-0": [
      [
        4346000,
        1.977443790435791
      ],
      [
        8056500,
        3.085452079772949
      ]
    ],
    "2-1": [
      [
        3997500,
        1.9869197845458983
      ],
      [
        8232800,
        3.0013916969299315
      ]
    ],
    "2-3": [
      [
        4124600,
        1.9107495307922364
      ]
    ]
  },
  "combine_ms_per_edge": {
    "2-0": [
      [
        4341760,
        1.2688179016113281
      ],
      [
        8048640,
        2.6041586875915526
      ]
    ],
    "2-1": [
      [
        3993600,
        1.476212501525879
      ],
      [
        8224768,
        2.548862075805664
      ]
    ],
    "2-3": [
      [
        4120576,
        1.4738310813903808
      ]
    ]
  }
}