{
  "run_id": "20250914_155353",
  "timestamp_unix": 1757865347.1156306,
  "timestamp_iso": "2025-09-14T15:55:47+0000",
  "dispatch": {
    "alpha_ms": [
      [
        0.0,
        0.30108172251175014,
        0.337889596847462,
        0.35267701779464994
      ],
      [
        0.31037560389760027,
        0.0,
        0.34719580858251425,
        0.3620053567028654
      ],
      [
        0.3440934110169052,
        0.38088153544709447,
        0.0,
        0.3956793760604264
      ],
      [
        0.2838529804876545,
        0.32067963806065286,
        0.3354742182657794,
        0.0
      ]
    ],
    "beta_ms_per_byte": [
      [
        0.0,
        1.6795502603893408e-05,
        1.679375832209048e-05,
        1.6795510684376105e-05
      ],
      [
        1.6802491701402118e-05,
        0.0,
        1.6800747167977654e-05,
        1.6802497722494915e-05
      ],
      [
        1.678971330807649e-05,
        1.6787970748971605e-05,
        0.0,
        1.678972004298086e-05
      ],
      [
        1.6795926292502243e-05,
        1.6794179131536446e-05,
        1.6795930459483012e-05,
        0.0
      ]
    ],
    "r_squared": [
      [
        1.0,
        0.9999934247607903,
        0.999994987379262,
        0.9999943869745082
      ],
      [
        0.9999934401849394,
        1.0,
        0.9999950592559894,
        0.9999941568708302
      ],
      [
        0.9999932413580253,
        0.9999949375778514,
        1.0,
        0.9999940436183224
      ],
      [
        0.9999944301491306,
        0.9999956551344537,
        0.9999949263358845,
        1.0
      ]
    ]
  },
  "combine": {
    "alpha_ms": [
      [
        0.0,
        -6.715594691369942,
        -6.698537739762291,
        -6.690840921631883
      ],
      [
        -0.7074697413576793,
        0.0,
        -0.6706122721262636,
        -0.6558589574771826
      ],
      [
        2.7139741949606635,
        2.7501787491752347,
        0.0,
        2.761992413058226
      ],
      [
        -0.41152645033715657,
        -0.37754216996321494,
        -0.3628147391362233,
        0.0
      ]
    ],
    "beta_ms_per_byte": [
      [
        0.0,
        7.242357016036953e-06,
        7.241414040161251e-06,
        7.241958720194585e-06
      ],
      [
        1.6807318989934903e-05,
        0.0,
        1.6805564002335384e-05,
        1.680732237631446e-05
      ],
      [
        1.5968629217711883e-05,
        1.5966773249914253e-05,
        0.0,
        1.5968794149993877e-05
      ],
      [
        1.6300483518131823e-05,
        1.6299061472473377e-05,
        1.6300700273538368e-05,
        0.0
      ]
    ],
    "r_squared": [
      [
        1.0,
        0.859542087623574,
        0.8594981307871805,
        0.8594475486150168
      ],
      [
        0.9999955602615583,
        1.0,
        0.9999959948544426,
        0.9999959632246805
      ],
      [
        0.9946240251339615,
        0.9946009664030949,
        1.0,
        0.9946445712253182
      ],
      [
        0.9984397818190793,
        0.99847452318374,
        0.998466335468177,
        1.0
      ]
    ]
  },
  "preprocess": {
    "latency_ms": [
      [
        69.38075239732862,
        0.28904753675063455,
        4.73925479054451,
        8.8572650740544
      ]
    ]
  }
}