{
  "run_id": "20250915_144930",
  "timestamp_unix": 1757947904.0426278,
  "timestamp_iso": "2025-09-15T14:51:44+0000",
  "preprocess_ms_per_rank": {},
  "dispatch_ms_per_edge": {},
  "combine_ms_per_edge": {},
  "local_rank_measurements": [],
  "coarse_total_ms_per_edge": {
    "3-0": [
      [
        2097152.0,
        25.394636821746825
      ],
      [
        4194304.0,
        48.99194869995117
      ],
      [
        8388608.0,
        95.72771797180175
      ],
      [
        16777216.0,
        189.38024978637696
      ],
      [
        33554432.0,
        376.98416595458986
      ]
    ],
    "3-1": [
      [
        2097152.0,
        7.418521547317505
      ],
      [
        4194304.0,
        9.908224105834961
      ],
      [
        8388608.0,
        17.178317070007324
      ],
      [
        16777216.0,
        32.64343032836914
      ],
      [
        33554432.0,
        59.45953254699707
      ]
    ],
    "3-2": [
      [
        2097152.0,
        7.51769597530365
      ],
      [
        4194304.0,
        12.098764753341674
      ],
      [
        8388608.0,
        16.203673553466796
      ],
      [
        16777216.0,
        32.06184959411621
      ],
      [
        33554432.0,
        58.794751930236814
      ]
    ]
  }
}