{
  "run_id": "20250915_144930",
  "timestamp_unix": 1757947904.041157,
  "timestamp_iso": "2025-09-15T14:51:44+0000",
  "preprocess_ms_per_rank": {},
  "dispatch_ms_per_edge": {},
  "combine_ms_per_edge": {},
  "local_rank_measurements": [],
  "coarse_total_ms_per_edge": {
    "0-1": [
      [
        2097152.0,
        25.71904010772705
      ],
      [
        4194304.0,
        49.14344940185547
      ],
      [
        8388608.0,
        95.8298110961914
      ],
      [
        16777216.0,
        189.58996505737304
      ],
      [
        33554432.0,
        377.1441162109375
      ]
    ],
    "0-2": [
      [
        2097152.0,
        25.439180660247803
      ],
      [
        4194304.0,
        49.013350296020505
      ],
      [
        8388608.0,
        95.77640953063965
      ],
      [
        16777216.0,
        189.37594985961914
      ],
      [
        33554432.0,
        376.9011734008789
      ]
    ],
    "0-3": [
      [
        2097152.0,
        25.451826953887938
      ],
      [
        4194304.0,
        49.14257888793945
      ],
      [
        8388608.0,
        95.76094703674316
      ],
      [
        16777216.0,
        189.44532470703126
      ],
      [
        33554432.0,
        377.0257400512695
      ]
    ]
  }
}