{
  "run_id": "20250915_144930",
  "timestamp_unix": 1757947904.0418522,
  "timestamp_iso": "2025-09-15T14:51:44+0000",
  "preprocess_ms_per_rank": {},
  "dispatch_ms_per_edge": {},
  "combine_ms_per_edge": {},
  "local_rank_measurements": [],
  "coarse_total_ms_per_edge": {
    "1-0": [
      [
        2097152.0,
        25.591398239135742
      ],
      [
        4194304.0,
        49.11037406921387
      ],
      [
        8388608.0,
        95.9689727783203
      ],
      [
        16777216.0,
        189.6815101623535
      ],
      [
        33554432.0,
        377.12967681884766
      ]
    ],
    "1-2": [
      [
        2097152.0,
        7.452313613891602
      ],
      [
        4194304.0,
        9.92757773399353
      ],
      [
        8388608.0,
        16.939622497558595
      ],
      [
        16777216.0,
        31.170713901519775
      ],
      [
        33554432.0,
        59.51308803558349
      ]
    ],
    "1-3": [
      [
        2097152.0,
        8.450713610649109
      ],
      [
        4194304.0,
        10.184652853012086
      ],
      [
        8388608.0,
        17.131673526763915
      ],
      [
        16777216.0,
        31.803033351898193
      ],
      [
        33554432.0,
        59.54897899627686
      ]
    ]
  }
}