{
  "run_id": "20250915_144930",
  "timestamp_unix": 1757947904.0425315,
  "timestamp_iso": "2025-09-15T14:51:44+0000",
  "preprocess_ms_per_rank": {},
  "dispatch_ms_per_edge": {},
  "combine_ms_per_edge": {},
  "local_rank_measurements": [],
  "coarse_total_ms_per_edge": {
    "2-0": [
      [
        2097152.0,
        25.517875099182127
      ],
      [
        4194304.0,
        48.90603485107422
      ],
      [
        8388608.0,
        95.74476776123046
      ],
      [
        16777216.0,
        189.42530517578126
      ],
      [
        33554432.0,
        376.94786682128904
      ]
    ],
    "2-1": [
      [
        2097152.0,
        7.251814436912537
      ],
      [
        4194304.0,
        10.114662408828735
      ],
      [
        8388608.0,
        16.949606132507324
      ],
      [
        16777216.0,
        31.176038455963134
      ],
      [
        33554432.0,
        59.54923515319824
      ]
    ],
    "2-3": [
      [
        2097152.0,
        7.3646080017089846
      ],
      [
        4194304.0,
        10.277580881118775
      ],
      [
        8388608.0,
        16.056012773513793
      ],
      [
        16777216.0,
        31.18796787261963
      ],
      [
        33554432.0,
        58.831820487976074
      ]
    ]
  }
}