{
  "run_id": "20250914_150919",
  "timestamp_unix": 1757862623.1873286,
  "timestamp_iso": "2025-09-14T15:10:23+0000",
  "preprocess_ms_per_rank": {
    "2": [
      1.0089798986911773,
      1.426304034392039,
      1.0607020099957785,
      2.0994104007879892,
      2.245303239425023,
      2.8972283720970156,
      2.249990765253703,
      2.4324003994464873
    ]
  },
  "dispatch_ms_per_edge": {
    "2-0": [
      [
        1402200,
        9.39761221408844
      ],
      [
        2800300,
        14.786537204186121
      ],
      [
        4198400,
        20.141726064682008
      ],
      [
        5600600,
        26.708675575256347
      ],
      [
        6998700,
        33.8493337392807
      ],
      [
        8396800,
        38.03858344356219
      ],
      [
        9799000,
        44.21786809961001
      ],
      [
        11197100,
        47.9234505991141
      ]
    ],
    "2-1": [
      [
        1398100,
        9.39761221408844
      ],
      [
        2800300,
        14.786537204186121
      ],
      [
        4198400,
        20.141726064682008
      ],
      [
        5596500,
        26.708675575256347
      ],
      [
        6998700,
        33.8493337392807
      ],
      [
        8396800,
        38.03858344356219
      ],
      [
        9794900,
        44.21786809961001
      ],
      [
        11197100,
        47.9234505991141
      ]
    ],
    "2-3": [
      [
        1398100,
        9.39761221408844
      ],
      [
        2796200,
        14.786537204186121
      ],
      [
        4198400,
        20.141726064682008
      ],
      [
        5596500,
        26.708675575256347
      ],
      [
        6994600,
        33.8493337392807
      ],
      [
        8396800,
        38.03858344356219
      ],
      [
        9794900,
        44.21786809961001
      ],
      [
        11193000,
        47.9234505991141
      ]
    ]
  },
  "combine_ms_per_edge": {
    "2-0": [
      [
        1400832,
        8.063343143463134
      ],
      [
        2797568,
        12.953979895512264
      ],
      [
        4194304,
        18.856393724679947
      ],
      [
        5595136,
        24.566823134819668
      ],
      [
        6991872,
        31.359241620699564
      ],
      [
        8388608,
        36.117900957663856
      ],
      [
        9789440,
        41.86800484458605
      ],
      [
        11186176,
        45.90284462571144
      ]
    ],
    "2-1": [
      [
        1396736,
        8.063343143463134
      ],
      [
        2797568,
        12.953979895512264
      ],
      [
        4194304,
        18.856393724679947
      ],
      [
        5591040,
        24.566823134819668
      ],
      [
        6991872,
        31.359241620699564
      ],
      [
        8388608,
        36.117900957663856
      ],
      [
        9785344,
        41.86800484458605
      ],
      [
        11186176,
        45.90284462571144
      ]
    ],
    "2-3": [
      [
        1396736,
        8.063343143463134
      ],
      [
        2793472,
        12.953979895512264
      ],
      [
        4194304,
        18.856393724679947
      ],
      [
        5591040,
        24.566823134819668
      ],
      [
        6987776,
        31.359241620699564
      ],
      [
        8388608,
        36.117900957663856
      ],
      [
        9785344,
        41.86800484458605
      ],
      [
        11182080,
        45.90284462571144
      ]
    ]
  }
}