{
  "run_id": "20250914_150919",
  "timestamp_unix": 1757862623.1872196,
  "timestamp_iso": "2025-09-14T15:10:23+0000",
  "preprocess_ms_per_rank": {
    "0": [
      0.6666858990987142,
      0.3541401982307434,
      0.6649925371011098,
      0.5184385657310486,
      0.7943085213502248,
      1.1235052347183228,
      0.6823150595029195,
      1.1265472650527955
    ]
  },
  "dispatch_ms_per_edge": {
    "0-1": [
      [
        1402200,
        9.38883199095726
      ],
      [
        2800300,
        14.816353925069173
      ],
      [
        4198400,
        20.131670929988225
      ],
      [
        5600600,
        26.723736814657848
      ],
      [
        6998700,
        33.82080636620522
      ],
      [
        8396800,
        38.08509390751521
      ],
      [
        9799000,
        44.21667863527934
      ],
      [
        11197100,
        47.924611300230026
      ]
    ],
    "0-2": [
      [
        1398100,
        9.38883199095726
      ],
      [
        2800300,
        14.816353925069173
      ],
      [
        4198400,
        20.131670929988225
      ],
      [
        5596500,
        26.723736814657848
      ],
      [
        6998700,
        33.82080636620522
      ],
      [
        8396800,
        38.08509390751521
      ],
      [
        9794900,
        44.21667863527934
      ],
      [
        11197100,
        47.924611300230026
      ]
    ],
    "0-3": [
      [
        1398100,
        9.38883199095726
      ],
      [
        2796200,
        14.816353925069173
      ],
      [
        4198400,
        20.131670929988225
      ],
      [
        5596500,
        26.723736814657848
      ],
      [
        6994600,
        33.82080636620522
      ],
      [
        8396800,
        38.08509390751521
      ],
      [
        9794900,
        44.21667863527934
      ],
      [
        11193000,
        47.924611300230026
      ]
    ]
  },
  "combine_ms_per_edge": {
    "0-1": [
      [
        1400832,
        8.073659459749857
      ],
      [
        2797568,
        13.457914505402247
      ],
      [
        4194304,
        18.42203363776207
      ],
      [
        5595136,
        25.00431226491928
      ],
      [
        6991872,
        31.48386222521464
      ],
      [
        8388608,
        36.18649017214775
      ],
      [
        9789440,
        42.33943786422412
      ],
      [
        11186176,
        45.798942438761394
      ]
    ],
    "0-2": [
      [
        1396736,
        8.073659459749857
      ],
      [
        2797568,
        13.457914505402247
      ],
      [
        4194304,
        18.42203363776207
      ],
      [
        5591040,
        25.00431226491928
      ],
      [
        6991872,
        31.48386222521464
      ],
      [
        8388608,
        36.18649017214775
      ],
      [
        9785344,
        42.33943786422412
      ],
      [
        11186176,
        45.798942438761394
      ]
    ],
    "0-3": [
      [
        1396736,
        8.073659459749857
      ],
      [
        2793472,
        13.457914505402247
      ],
      [
        4194304,
        18.42203363776207
      ],
      [
        5591040,
        25.00431226491928
      ],
      [
        6987776,
        31.48386222521464
      ],
      [
        8388608,
        36.18649017214775
      ],
      [
        9785344,
        42.33943786422412
      ],
      [
        11182080,
        45.798942438761394
      ]
    ]
  }
}