{
  "run_id": "20250914_150919",
  "timestamp_unix": 1757862623.1868618,
  "timestamp_iso": "2025-09-14T15:10:23+0000",
  "preprocess_ms_per_rank": {
    "1": [
      0.4023021419843038,
      0.9007024049758912,
      0.6487632771333058,
      0.7423596620559693,
      0.5223537385463715,
      0.5402531961599986,
      1.0244240045547486,
      0.5795242607593536
    ]
  },
  "dispatch_ms_per_edge": {
    "1-0": [
      [
        1402200,
        9.42809113462766
      ],
      [
        2800300,
        14.809328597784042
      ],
      [
        4198400,
        20.134176397323607
      ],
      [
        5600600,
        26.73494006792704
      ],
      [
        6998700,
        33.79826223254204
      ],
      [
        8396800,
        37.99095103939374
      ],
      [
        9799000,
        44.2062827706337
      ],
      [
        11197100,
        47.96510643164317
      ]
    ],
    "1-2": [
      [
        1398100,
        9.42809113462766
      ],
      [
        2800300,
        14.809328597784042
      ],
      [
        4198400,
        20.134176397323607
      ],
      [
        5596500,
        26.73494006792704
      ],
      [
        6998700,
        33.79826223254204
      ],
      [
        8396800,
        37.99095103939374
      ],
      [
        9794900,
        44.2062827706337
      ],
      [
        11197100,
        47.96510643164317
      ]
    ],
    "1-3": [
      [
        1398100,
        9.42809113462766
      ],
      [
        2796200,
        14.809328597784042
      ],
      [
        4198400,
        20.134176397323607
      ],
      [
        5596500,
        26.73494006792704
      ],
      [
        6994600,
        33.79826223254204
      ],
      [
        8396800,
        37.99095103939374
      ],
      [
        9794900,
        44.2062827706337
      ],
      [
        11193000,
        47.96510643164317
      ]
    ]
  },
  "combine_ms_per_edge": {
    "1-0": [
      [
        1400832,
        8.231871765851974
      ],
      [
        2797568,
        12.892291325330735
      ],
      [
        4194304,
        18.44565640091896
      ],
      [
        5595136,
        24.545675164461137
      ],
      [
        6991872,
        31.835301266113916
      ],
      [
        8388608,
        37.10439929962158
      ],
      [
        9789440,
        41.787879862387975
      ],
      [
        11186176,
        45.76629953980446
      ]
    ],
    "1-2": [
      [
        1396736,
        8.231871765851974
      ],
      [
        2797568,
        12.892291325330735
      ],
      [
        4194304,
        18.44565640091896
      ],
      [
        5591040,
        24.545675164461137
      ],
      [
        6991872,
        31.835301266113916
      ],
      [
        8388608,
        37.10439929962158
      ],
      [
        9785344,
        41.787879862387975
      ],
      [
        11186176,
        45.76629953980446
      ]
    ],
    "1-3": [
      [
        1396736,
        8.231871765851974
      ],
      [
        2793472,
        12.892291325330735
      ],
      [
        4194304,
        18.44565640091896
      ],
      [
        5591040,
        24.545675164461137
      ],
      [
        6987776,
        31.835301266113916
      ],
      [
        8388608,
        37.10439929962158
      ],
      [
        9785344,
        41.787879862387975
      ],
      [
        11182080,
        45.76629953980446
      ]
    ]
  }
}