{
  "run_id": "20250914_150919",
  "timestamp_unix": 1757862623.1883457,
  "timestamp_iso": "2025-09-14T15:10:23+0000",
  "preprocess_ms_per_rank": {
    "3": [
      0.9366308311621349,
      1.1980931282043457,
      1.3433472653230032,
      2.100085167090098,
      2.541809070110321,
      3.144161359469096,
      2.308635598421097,
      2.2593730290730796
    ]
  },
  "dispatch_ms_per_edge": {
    "3-0": [
      [
        1402200,
        9.383225838343302
      ],
      [
        2800300,
        14.734109288454055
      ],
      [
        4198400,
        20.08313709894816
      ],
      [
        5600600,
        26.644190659125645
      ],
      [
        6998700,
        33.8056722621123
      ],
      [
        8396800,
        38.00631954272588
      ],
      [
        9799000,
        44.17732269565264
      ],
      [
        11197100,
        47.863637860616045
      ]
    ],
    "3-1": [
      [
        1398100,
        9.383225838343302
      ],
      [
        2800300,
        14.734109288454055
      ],
      [
        4198400,
        20.08313709894816
      ],
      [
        5596500,
        26.644190659125645
      ],
      [
        6998700,
        33.8056722621123
      ],
      [
        8396800,
        38.00631954272588
      ],
      [
        9794900,
        44.17732269565264
      ],
      [
        11197100,
        47.863637860616045
      ]
    ],
    "3-2": [
      [
        1398100,
        9.383225838343302
      ],
      [
        2796200,
        14.734109288454055
      ],
      [
        4198400,
        20.08313709894816
      ],
      [
        5596500,
        26.644190659125645
      ],
      [
        6994600,
        33.8056722621123
      ],
      [
        8396800,
        38.00631954272588
      ],
      [
        9794900,
        44.17732269565264
      ],
      [
        11193000,
        47.863637860616045
      ]
    ]
  },
  "combine_ms_per_edge": {
    "3-0": [
      [
        1400832,
        8.21060363849004
      ],
      [
        2797568,
        13.402963534990947
      ],
      [
        4194304,
        18.752017897367477
      ],
      [
        5595136,
        25.014814945062003
      ],
      [
        6991872,
        31.63594180941582
      ],
      [
        8388608,
        36.42806406617164
      ],
      [
        9789440,
        42.402388600508374
      ],
      [
        11186176,
        46.76274763147036
      ]
    ],
    "3-1": [
      [
        1396736,
        8.21060363849004
      ],
      [
        2797568,
        13.402963534990947
      ],
      [
        4194304,
        18.752017897367477
      ],
      [
        5591040,
        25.014814945062003
      ],
      [
        6991872,
        31.63594180941582
      ],
      [
        8388608,
        36.42806406617164
      ],
      [
        9785344,
        42.402388600508374
      ],
      [
        11186176,
        46.76274763147036
      ]
    ],
    "3-2": [
      [
        1396736,
        8.21060363849004
      ],
      [
        2793472,
        13.402963534990947
      ],
      [
        4194304,
        18.752017897367477
      ],
      [
        5591040,
        25.014814945062003
      ],
      [
        6987776,
        31.63594180941582
      ],
      [
        8388608,
        36.42806406617164
      ],
      [
        9785344,
        42.402388600508374
      ],
      [
        11182080,
        46.76274763147036
      ]
    ]
  }
}