{
  "run_id": "20250908_131912",
  "timestamp_unix": 1757337614.9288237,
  "timestamp_iso": "2025-09-08T13:20:14+0000",
  "preprocess_ms_per_rank": {
    "0": [
      0.34972529411315917,
      0.2667588949203491,
      0.2324979543685913,
      0.2431725025177002,
      0.2455432176589966,
      0.35378270149230956,
      0.24439220428466796,
      0.24181108474731444,
      0.2394010305404663,
      0.2756683111190796,
      0.29754979610443116,
      0.23289408683776855,
      0.24148342609405518,
      0.29144270420074464,
      0.24102699756622314,
      0.23698627948760986,
      0.262575626373291,
      0.24921932220458984,
      0.5246424198150634,
      0.43828208446502687
    ]
  },
  "dispatch_ms_per_edge": {
    "0-0": [
      [
        8351700,
        8.898270058631898
      ],
      [
        16744400,
        17.546013736724852
      ],
      [
        33730700,
        33.58007023334503
      ],
      [
        69072700,
        66.97486102581024
      ],
      [
        135476300,
        132.0935408592224
      ]
    ],
    "0-1": [
      [
        8413200,
        9.06196904182434
      ],
      [
        16141700,
        17.19758837223053
      ],
      [
        32873800,
        33.708436727523804
      ],
      [
        65530300,
        66.23771238327026
      ],
      [
        136665300,
        133.3345336675644
      ]
    ],
    "0-2": [
      [
        7863800,
        8.884613966941833
      ],
      [
        16756700,
        16.921666073799134
      ],
      [
        33255100,
        34.074555611610414
      ],
      [
        70524100,
        67.46956222057342
      ],
      [
        134283200,
        133.03358492851257
      ]
    ],
    "0-3": [
      [
        7843300,
        8.927852129936218
      ],
      [
        16814100,
        17.50538785457611
      ],
      [
        33164900,
        34.07704524993896
      ],
      [
        69720500,
        66.25480461120605
      ],
      [
        136751400,
        134.57984189987184
      ]
    ]
  },
  "combine_ms_per_edge": {
    "0-0": [
      [
        8343552,
        8.245692992210389
      ],
      [
        16728064,
        16.920854353904723
      ],
      [
        33697792,
        33.012576055526736
      ],
      [
        69005312,
        66.02986445426941
      ],
      [
        135344128,
        131.15079650878906
      ]
    ],
    "0-1": [
      [
        8404992,
        8.467052054405212
      ],
      [
        16125952,
        16.436715936660768
      ],
      [
        32841728,
        32.99470202922821
      ],
      [
        65466368,
        65.46919176578521
      ],
      [
        136531968,
        132.4953913450241
      ]
    ],
    "0-2": [
      [
        7856128,
        8.290475773811341
      ],
      [
        16740352,
        16.391261506080628
      ],
      [
        33222656,
        33.34345471858978
      ],
      [
        70455296,
        66.5104434967041
      ],
      [
        134152192,
        131.8488469839096
      ]
    ],
    "0-3": [
      [
        7835648,
        8.317923164367675
      ],
      [
        16797696,
        16.895488691329955
      ],
      [
        33132544,
        33.455754327774045
      ],
      [
        69652480,
        65.40873556137085
      ],
      [
        136617984,
        133.5633722782135
      ]
    ]
  }
}