{
  "run_id": "20250908_131912",
  "timestamp_unix": 1757337614.9290824,
  "timestamp_iso": "2025-09-08T13:20:14+0000",
  "preprocess_ms_per_rank": {
    "2": [
      0.3547353744506836,
      0.2817929983139038,
      0.23863017559051514,
      0.23504161834716797,
      0.2429755687713623,
      0.2344757318496704,
      0.2440572500228882,
      0.24127304553985596,
      0.3101476192474365,
      0.2399362802505493,
      0.27245316505432127,
      0.2413928985595703,
      0.24644894599914552,
      0.23937382698059081,
      0.24296352863311768,
      0.3251252889633179,
      0.2634560585021973,
      0.39283649921417235,
      0.3590539932250977,
      0.24886126518249513
    ]
  },
  "dispatch_ms_per_edge": {
    "2-0": [
      [
        8269700,
        8.881081819534302
      ],
      [
        17773500,
        17.501223063468935
      ],
      [
        32279300,
        33.66208605766296
      ],
      [
        67633600,
        67.058797955513
      ],
      [
        132827700,
        132.06841733455659
      ]
    ],
    "2-1": [
      [
        8487000,
        9.05665464401245
      ],
      [
        16863300,
        17.12817621231079
      ],
      [
        33599500,
        33.680197310447696
      ],
      [
        69191600,
        66.1459302663803
      ],
      [
        131942100,
        133.3966311454773
      ]
    ],
    "2-2": [
      [
        8167200,
        8.824994587898255
      ],
      [
        16449200,
        16.95832998752594
      ],
      [
        32090700,
        34.06631112098694
      ],
      [
        67793500,
        67.55301241874695
      ],
      [
        130962200,
        133.0211138010025
      ]
    ],
    "2-3": [
      [
        8519800,
        8.88912456035614
      ],
      [
        17252800,
        17.481172299385072
      ],
      [
        34120200,
        34.054899382591245
      ],
      [
        65354000,
        66.35025186538697
      ],
      [
        139088400,
        134.48195943832397
      ]
    ]
  },
  "combine_ms_per_edge": {
    "2-0": [
      [
        8261632,
        8.036787462234496
      ],
      [
        17756160,
        16.514699983596802
      ],
      [
        32247808,
        32.26478576660156
      ],
      [
        67567616,
        64.71983556747436
      ],
      [
        132698112,
        128.5116796016693
      ]
    ],
    "2-1": [
      [
        8478720,
        8.263062882423402
      ],
      [
        16846848,
        16.131482863426207
      ],
      [
        33566720,
        32.205516767501834
      ],
      [
        69124096,
        63.60220100879669
      ],
      [
        131813376,
        129.71469101905822
      ]
    ],
    "2-2": [
      [
        8159232,
        8.039955329895019
      ],
      [
        16433152,
        16.041054439544677
      ],
      [
        32059392,
        32.71472046375275
      ],
      [
        67727360,
        65.0953572511673
      ],
      [
        130834432,
        129.44993648529052
      ]
    ],
    "2-3": [
      [
        8511488,
        8.12921142578125
      ],
      [
        17235968,
        16.467766857147218
      ],
      [
        34086912,
        32.578916144371036
      ],
      [
        65290240,
        64.33939568996429
      ],
      [
        138952704,
        130.1874550104141
      ]
    ]
  }
}