{
  "run_id": "20250908_131912",
  "timestamp_unix": 1757337614.928148,
  "timestamp_iso": "2025-09-08T13:20:14+0000",
  "preprocess_ms_per_rank": {
    "1": [
      0.35679409503936765,
      0.29103052616119385,
      0.23216898441314698,
      0.24233744144439698,
      0.24546315670013427,
      0.23435373306274415,
      0.24842321872711182,
      0.2415019989013672,
      0.24250531196594238,
      0.23737316131591796,
      0.23728930950164795,
      0.23173508644104004,
      0.5245572090148926,
      0.24284765720367432,
      0.33857250213623047,
      0.6099385499954224,
      0.765379524230957,
      0.6524960279464722,
      0.8375246524810791,
      0.587018346786499
    ]
  },
  "dispatch_ms_per_edge": {
    "1-0": [
      [
        8601800,
        8.85461597442627
      ],
      [
        17207700,
        17.498704433441162
      ],
      [
        33456000,
        33.61796202659607
      ],
      [
        66633200,
        67.07379145622254
      ],
      [
        130334900,
        132.11119492053984
      ]
    ],
    "1-1": [
      [
        7995000,
        9.037638998031616
      ],
      [
        16400000,
        17.13823482990265
      ],
      [
        34407200,
        33.618997478485106
      ],
      [
        65153100,
        66.20851860046386
      ],
      [
        133901900,
        133.40365176200868
      ]
    ],
    "1-2": [
      [
        8409100,
        8.842836713790893
      ],
      [
        16133500,
        16.97428514957428
      ],
      [
        34390800,
        34.04731550216675
      ],
      [
        68310100,
        67.5713395357132
      ],
      [
        131335300,
        133.04520387649535
      ]
    ],
    "1-3": [
      [
        8745300,
        8.859651684761047
      ],
      [
        17285600,
        17.50129051208496
      ],
      [
        33447800,
        34.03109803199768
      ],
      [
        65649200,
        66.35837259292603
      ],
      [
        134389800,
        134.5969608306885
      ]
    ]
  },
  "combine_ms_per_edge": {
    "1-0": [
      [
        8593408,
        8.136763095855713
      ],
      [
        17190912,
        16.75176112651825
      ],
      [
        33423360,
        32.72727012634277
      ],
      [
        66568192,
        65.5618501663208
      ],
      [
        130207744,
        130.27499294281006
      ]
    ],
    "1-1": [
      [
        7987200,
        8.381691837310791
      ],
      [
        16384000,
        16.354430103302
      ],
      [
        34373632,
        32.608299827575685
      ],
      [
        65089536,
        65.01606996059418
      ],
      [
        133771264,
        131.18252243995667
      ]
    ],
    "1-2": [
      [
        8400896,
        8.240172576904296
      ],
      [
        16117760,
        16.24240412712097
      ],
      [
        34357248,
        33.08340964317322
      ],
      [
        68243456,
        65.94972624778748
      ],
      [
        131207168,
        131.08397288322448
      ]
    ],
    "1-3": [
      [
        8736768,
        8.246251344680786
      ],
      [
        17268736,
        16.730702495574953
      ],
      [
        33415168,
        33.13295166492462
      ],
      [
        65585152,
        64.98179919719696
      ],
      [
        134258688,
        132.59444539546968
      ]
    ]
  }
}