{
  "run_id": "20250908_131912",
  "timestamp_unix": 1757337614.9287171,
  "timestamp_iso": "2025-09-08T13:20:14+0000",
  "preprocess_ms_per_rank": {
    "3": [
      0.30977013111114504,
      0.2590071201324463,
      0.2386951208114624,
      0.2415492296218872,
      0.24169716835021973,
      0.23414316177368164,
      0.2438422203063965,
      0.23901934623718263,
      0.24167683124542236,
      0.23646628856658936,
      0.2346705675125122,
      0.23164448738098145,
      0.6746115922927857,
      0.2590779781341553,
      0.9301695108413697,
      0.6448620796203614,
      0.24269239902496337,
      0.2471637487411499,
      0.2421276330947876,
      0.2817904233932495
    ]
  },
  "dispatch_ms_per_edge": {
    "3-0": [
      [
        8417300,
        8.853245544433594
      ],
      [
        17191300,
        17.489597177505495
      ],
      [
        34243200,
        33.570694494247434
      ],
      [
        66227300,
        67.07742288112641
      ],
      [
        135295900,
        132.01501162052153
      ]
    ],
    "3-1": [
      [
        8741200,
        9.017723894119262
      ],
      [
        17097000,
        17.108767008781435
      ],
      [
        34444100,
        33.63303129673004
      ],
      [
        65960800,
        66.20657043457031
      ],
      [
        135767400,
        133.31853404045106
      ]
    ],
    "3-2": [
      [
        8364000,
        8.817133474349976
      ],
      [
        16920700,
        16.923682832717894
      ],
      [
        35186200,
        33.985365986824036
      ],
      [
        65534400,
        67.57222015857697
      ],
      [
        137362300,
        132.92696924209594
      ]
    ],
    "3-3": [
      [
        8679700,
        8.849038076400756
      ],
      [
        17318400,
        17.46861298084259
      ],
      [
        34235000,
        34.039475774765016
      ],
      [
        66604500,
        66.36250233650208
      ],
      [
        135373800,
        134.59696266651153
      ]
    ]
  },
  "combine_ms_per_edge": {
    "3-0": [
      [
        8409088,
        8.266295433044434
      ],
      [
        17174528,
        16.922752952575685
      ],
      [
        34209792,
        32.91310725212097
      ],
      [
        66162688,
        65.93370032310486
      ],
      [
        135163904,
        130.79056005477906
      ]
    ],
    "3-1": [
      [
        8732672,
        8.43396978378296
      ],
      [
        17080320,
        16.494491577148438
      ],
      [
        34410496,
        32.92300581932068
      ],
      [
        65896448,
        65.41348218917847
      ],
      [
        135634944,
        132.44396097660064
      ]
    ],
    "3-2": [
      [
        8355840,
        8.273948478698731
      ],
      [
        16904192,
        16.387773990631104
      ],
      [
        35151872,
        33.24577269554138
      ],
      [
        65470464,
        66.21248633861542
      ],
      [
        137228288,
        131.9735345840454
      ]
    ],
    "3-3": [
      [
        8671232,
        8.301136589050293
      ],
      [
        17301504,
        16.88445689678192
      ],
      [
        34201600,
        33.20309858322143
      ],
      [
        66539520,
        65.26649639606475
      ],
      [
        135241728,
        133.70654571056366
      ]
    ]
  }
}