{
  "run_id": "20250912_024752",
  "timestamp_unix": 1757645318.6794543,
  "timestamp_iso": "2025-09-12T02:48:38+0000",
  "preprocess_ms_per_rank": {
    "2": [
      0.24600980033477146,
      0.23581476658582687,
      0.28912879874308905,
      0.24539756327867507,
      0.33570820142825447,
      0.25924529880285263,
      0.3098396678765615,
      0.24091023206710815
    ]
  },
  "dispatch_ms_per_edge": {
    "2-0": [
      [
        1402200,
        2.126288198431333
      ],
      [
        2800300,
        3.5159404024481775
      ],
      [
        4198400,
        4.91223429441452
      ],
      [
        5600600,
        6.340329462786515
      ],
      [
        6998700,
        7.792594728867213
      ],
      [
        8396800,
        9.198276902238527
      ],
      [
        9799000,
        10.61773430009683
      ],
      [
        11197100,
        12.034464337925117
      ]
    ],
    "2-1": [
      [
        1398100,
        2.126288198431333
      ],
      [
        2800300,
        3.5159404024481775
      ],
      [
        4198400,
        4.91223429441452
      ],
      [
        5596500,
        6.340329462786515
      ],
      [
        6998700,
        7.792594728867213
      ],
      [
        8396800,
        9.198276902238527
      ],
      [
        9794900,
        10.61773430009683
      ],
      [
        11197100,
        12.034464337925117
      ]
    ],
    "2-3": [
      [
        1398100,
        2.126288198431333
      ],
      [
        2796200,
        3.5159404024481775
      ],
      [
        4198400,
        4.91223429441452
      ],
      [
        5596500,
        6.340329462786515
      ],
      [
        6994600,
        7.792594728867213
      ],
      [
        8396800,
        9.198276902238527
      ],
      [
        9794900,
        10.61773430009683
      ],
      [
        11193000,
        12.034464337925117
      ]
    ]
  },
  "combine_ms_per_edge": {
    "2-0": [
      [
        1400832,
        1.6764097015062969
      ],
      [
        2797568,
        3.03421779970328
      ],
      [
        4194304,
        4.411515432099502
      ],
      [
        5595136,
        5.807363304992517
      ],
      [
        6991872,
        7.169765266776085
      ],
      [
        8388608,
        8.530618633329869
      ],
      [
        9789440,
        9.883778895437718
      ],
      [
        11186176,
        11.244324895739556
      ]
    ],
    "2-1": [
      [
        1396736,
        1.6764097015062969
      ],
      [
        2797568,
        3.03421779970328
      ],
      [
        4194304,
        4.411515432099502
      ],
      [
        5591040,
        5.807363304992517
      ],
      [
        6991872,
        7.169765266776085
      ],
      [
        8388608,
        8.530618633329869
      ],
      [
        9785344,
        9.883778895437718
      ],
      [
        11186176,
        11.244324895739556
      ]
    ],
    "2-3": [
      [
        1396736,
        1.6764097015062969
      ],
      [
        2793472,
        3.03421779970328
      ],
      [
        4194304,
        4.411515432099502
      ],
      [
        5591040,
        5.807363304992517
      ],
      [
        6987776,
        7.169765266776085
      ],
      [
        8388608,
        8.530618633329869
      ],
      [
        9785344,
        9.883778895437718
      ],
      [
        11182080,
        11.244324895739556
      ]
    ]
  }
}