{
  "run_id": "20250912_024752",
  "timestamp_unix": 1757645318.6794453,
  "timestamp_iso": "2025-09-12T02:48:38+0000",
  "preprocess_ms_per_rank": {
    "3": [
      0.34731570035219195,
      0.43184216717878976,
      0.3921616310874621,
      0.9953325639168421,
      0.7175184339284897,
      1.1041784639159837,
      0.9723478992780049,
      1.6990548357367516
    ]
  },
  "dispatch_ms_per_edge": {
    "3-0": [
      [
        1402200,
        2.1953658322493235
      ],
      [
        2800300,
        3.5734213347236317
      ],
      [
        4198400,
        4.938065899908542
      ],
      [
        5600600,
        6.413414236903191
      ],
      [
        6998700,
        7.823587897916635
      ],
      [
        8396800,
        9.284060764312745
      ],
      [
        9799000,
        10.66506300220887
      ],
      [
        11197100,
        12.128952933351199
      ]
    ],
    "3-1": [
      [
        1398100,
        2.1953658322493235
      ],
      [
        2800300,
        3.5734213347236317
      ],
      [
        4198400,
        4.938065899908542
      ],
      [
        5596500,
        6.413414236903191
      ],
      [
        6998700,
        7.823587897916635
      ],
      [
        8396800,
        9.284060764312745
      ],
      [
        9794900,
        10.66506300220887
      ],
      [
        11197100,
        12.128952933351199
      ]
    ],
    "3-2": [
      [
        1398100,
        2.1953658322493235
      ],
      [
        2796200,
        3.5734213347236317
      ],
      [
        4198400,
        4.938065899908542
      ],
      [
        5596500,
        6.413414236903191
      ],
      [
        6994600,
        7.823587897916635
      ],
      [
        8396800,
        9.284060764312745
      ],
      [
        9794900,
        10.66506300220887
      ],
      [
        11193000,
        12.128952933351199
      ]
    ]
  },
  "combine_ms_per_edge": {
    "3-0": [
      [
        1400832,
        1.6723686680197716
      ],
      [
        2797568,
        3.04621196637551
      ],
      [
        4194304,
        4.420077300071716
      ],
      [
        5595136,
        5.816869800289472
      ],
      [
        6991872,
        7.198152298728625
      ],
      [
        8388608,
        8.566307066380977
      ],
      [
        9789440,
        9.926309402287007
      ],
      [
        11186176,
        11.31202499816815
      ]
    ],
    "3-1": [
      [
        1396736,
        1.6723686680197716
      ],
      [
        2797568,
        3.04621196637551
      ],
      [
        4194304,
        4.420077300071716
      ],
      [
        5591040,
        5.816869800289472
      ],
      [
        6991872,
        7.198152298728625
      ],
      [
        8388608,
        8.566307066380977
      ],
      [
        9785344,
        9.926309402287007
      ],
      [
        11186176,
        11.31202499816815
      ]
    ],
    "3-2": [
      [
        1396736,
        1.6723686680197716
      ],
      [
        2793472,
        3.04621196637551
      ],
      [
        4194304,
        4.420077300071716
      ],
      [
        5591040,
        5.816869800289472
      ],
      [
        6987776,
        7.198152298728625
      ],
      [
        8388608,
        8.566307066380977
      ],
      [
        9785344,
        9.926309402287007
      ],
      [
        11182080,
        11.31202499816815
      ]
    ]
  }
}