{
  "run_id": "20250912_024752",
  "timestamp_unix": 1757645318.679459,
  "timestamp_iso": "2025-09-12T02:48:38+0000",
  "preprocess_ms_per_rank": {
    "1": [
      0.5296408355236053,
      0.6926395992437998,
      1.049015399813652,
      1.3470449979106585,
      1.636880800127983,
      2.2699036995569863,
      2.4823543667793273,
      3.415918296078841
    ]
  },
  "dispatch_ms_per_edge": {
    "1-0": [
      [
        1402200,
        2.2105824316541356
      ],
      [
        2800300,
        3.597025467455387
      ],
      [
        4198400,
        4.972552800675233
      ],
      [
        5600600,
        6.419967398544153
      ],
      [
        6998700,
        7.857956830163797
      ],
      [
        8396800,
        9.291687664886316
      ],
      [
        9799000,
        10.68831520229578
      ],
      [
        11197100,
        12.129092564185461
      ]
    ],
    "1-2": [
      [
        1398100,
        2.2105824316541356
      ],
      [
        2800300,
        3.597025467455387
      ],
      [
        4198400,
        4.972552800675233
      ],
      [
        5596500,
        6.419967398544153
      ],
      [
        6998700,
        7.857956830163797
      ],
      [
        8396800,
        9.291687664886316
      ],
      [
        9794900,
        10.68831520229578
      ],
      [
        11197100,
        12.129092564185461
      ]
    ],
    "1-3": [
      [
        1398100,
        2.2105824316541356
      ],
      [
        2796200,
        3.597025467455387
      ],
      [
        4198400,
        4.972552800675233
      ],
      [
        5596500,
        6.419967398544153
      ],
      [
        6994600,
        7.857956830163797
      ],
      [
        8396800,
        9.291687664886316
      ],
      [
        9794900,
        10.68831520229578
      ],
      [
        11193000,
        12.129092564185461
      ]
    ]
  },
  "combine_ms_per_edge": {
    "1-0": [
      [
        1400832,
        1.662004534403483
      ],
      [
        2797568,
        3.0449132030208905
      ],
      [
        4194304,
        4.416229199369749
      ],
      [
        5595136,
        5.82283836354812
      ],
      [
        6991872,
        7.1863648702700935
      ],
      [
        8388608,
        8.552465731402238
      ],
      [
        9789440,
        9.908150063455105
      ],
      [
        11186176,
        11.295299364626407
      ]
    ],
    "1-2": [
      [
        1396736,
        1.662004534403483
      ],
      [
        2797568,
        3.0449132030208905
      ],
      [
        4194304,
        4.416229199369749
      ],
      [
        5591040,
        5.82283836354812
      ],
      [
        6991872,
        7.1863648702700935
      ],
      [
        8388608,
        8.552465731402238
      ],
      [
        9785344,
        9.908150063455105
      ],
      [
        11186176,
        11.295299364626407
      ]
    ],
    "1-3": [
      [
        1396736,
        1.662004534403483
      ],
      [
        2793472,
        3.0449132030208905
      ],
      [
        4194304,
        4.416229199369749
      ],
      [
        5591040,
        5.82283836354812
      ],
      [
        6987776,
        7.1863648702700935
      ],
      [
        8388608,
        8.552465731402238
      ],
      [
        9785344,
        9.908150063455105
      ],
      [
        11182080,
        11.295299364626407
      ]
    ]
  }
}