{
  "run_id": "20250912_024752",
  "timestamp_unix": 1757645318.679456,
  "timestamp_iso": "2025-09-12T02:48:38+0000",
  "preprocess_ms_per_rank": {
    "0": [
      0.8995176364978155,
      1.3028364638487497,
      2.023750333984693,
      2.8493199656407038,
      3.4571604366103807,
      4.498307701945305,
      4.354551700750987,
      5.6959767942627275
    ]
  },
  "dispatch_ms_per_edge": {
    "0-1": [
      [
        1402200,
        2.206908335288366
      ],
      [
        2800300,
        3.5956971327463787
      ],
      [
        4198400,
        4.97171583622694
      ],
      [
        5600600,
        6.420477530856927
      ],
      [
        6998700,
        7.8553567300240195
      ],
      [
        8396800,
        9.29007429877917
      ],
      [
        9799000,
        10.686290832360585
      ],
      [
        11197100,
        12.12672316879034
      ]
    ],
    "0-2": [
      [
        1398100,
        2.206908335288366
      ],
      [
        2800300,
        3.5956971327463787
      ],
      [
        4198400,
        4.97171583622694
      ],
      [
        5596500,
        6.420477530856927
      ],
      [
        6998700,
        7.8553567300240195
      ],
      [
        8396800,
        9.29007429877917
      ],
      [
        9794900,
        10.686290832360585
      ],
      [
        11197100,
        12.12672316879034
      ]
    ],
    "0-3": [
      [
        1398100,
        2.206908335288366
      ],
      [
        2796200,
        3.5956971327463787
      ],
      [
        4198400,
        4.97171583622694
      ],
      [
        5596500,
        6.420477530856927
      ],
      [
        6994600,
        7.8553567300240195
      ],
      [
        8396800,
        9.29007429877917
      ],
      [
        9794900,
        10.686290832360585
      ],
      [
        11193000,
        12.12672316879034
      ]
    ]
  },
  "combine_ms_per_edge": {
    "0-1": [
      [
        1400832,
        1.6871174280842145
      ],
      [
        2797568,
        3.0620889618992804
      ],
      [
        4194304,
        4.447519103686015
      ],
      [
        5595136,
        5.855972697834174
      ],
      [
        6991872,
        7.235444399217765
      ],
      [
        8388608,
        8.606510903437933
      ],
      [
        9789440,
        9.974276028573513
      ],
      [
        11186176,
        11.363267230490843
      ]
    ],
    "0-2": [
      [
        1396736,
        1.6871174280842145
      ],
      [
        2797568,
        3.0620889618992804
      ],
      [
        4194304,
        4.447519103686015
      ],
      [
        5591040,
        5.855972697834174
      ],
      [
        6991872,
        7.235444399217765
      ],
      [
        8388608,
        8.606510903437933
      ],
      [
        9785344,
        9.974276028573513
      ],
      [
        11186176,
        11.363267230490843
      ]
    ],
    "0-3": [
      [
        1396736,
        1.6871174280842145
      ],
      [
        2793472,
        3.0620889618992804
      ],
      [
        4194304,
        4.447519103686015
      ],
      [
        5591040,
        5.855972697834174
      ],
      [
        6987776,
        7.235444399217765
      ],
      [
        8388608,
        8.606510903437933
      ],
      [
        9785344,
        9.974276028573513
      ],
      [
        11182080,
        11.363267230490843
      ]
    ]
  }
}