{
  "run_id": "20250910_082810",
  "timestamp_unix": 1757492894.350154,
  "timestamp_iso": "2025-09-10T08:28:14+0000",
  "preprocess_ms_per_rank": {
    "1": [
      0.2760586000105832,
      0.2502035999961663,
      0.4320308999973349,
      0.2203155999945011,
      0.2257610000029672,
      0.6292711999907624,
      0.22881919998908415,
      0.22568480001064017,
      0.22458029999397694,
      0.22618319999310188,
      0.2272313000052236,
      0.24275200000265612
    ]
  },
  "dispatch_ms_per_edge": {
    "1-0": [
      [
        8396800,
        3.688814699993236
      ],
      [
        16793600,
        6.423539600003278
      ],
      [
        25715200,
        10.120600300002843
      ],
      [
        33587200,
        13.022168099996634
      ]
    ],
    "1-2": [
      [
        8396800,
        3.6238303999882193
      ],
      [
        16793600,
        6.452031200000784
      ],
      [
        25715200,
        9.989993800001685
      ],
      [
        33587200,
        12.840560699999333
      ]
    ],
    "1-3": [
      [
        8396800,
        2.1543518999766094
      ],
      [
        16793600,
        3.590073199983453
      ],
      [
        25715200,
        6.031765899993479
      ],
      [
        33587200,
        7.727446599997347
      ]
    ]
  },
  "combine_ms_per_edge": {
    "1-0": [
      [
        8388608,
        3.097499300003983
      ],
      [
        16777216,
        5.834037500008708
      ],
      [
        25690112,
        9.120013899978948
      ],
      [
        33554432,
        11.830050599982496
      ]
    ],
    "1-2": [
      [
        8388608,
        3.0375693000038155
      ],
      [
        16777216,
        5.8046455000061545
      ],
      [
        25690112,
        9.222079400008079
      ],
      [
        33554432,
        12.00803780000424
      ]
    ],
    "1-3": [
      [
        8388608,
        1.7585054000082891
      ],
      [
        16777216,
        3.05008309999248
      ],
      [
        25690112,
        6.010093000018969
      ],
      [
        33554432,
        7.786316900001839
      ]
    ]
  }
}