{
  "run_id": "20250910_082810",
  "timestamp_unix": 1757492894.3500733,
  "timestamp_iso": "2025-09-10T08:28:14+0000",
  "preprocess_ms_per_rank": {
    "0": [
      0.27810269999317827,
      0.3729877999983728,
      0.38903649999410844,
      0.22508170001092367,
      0.6456490000011399,
      0.24128050000290385,
      0.23342229999252595,
      0.2459876999957487,
      0.22927929997676982,
      0.2299394999979995,
      0.2490052999870386,
      0.25655059998389335
    ]
  },
  "dispatch_ms_per_edge": {
    "0-1": [
      [
        8396800,
        3.7501750000112226
      ],
      [
        16793600,
        6.520677099976456
      ],
      [
        25715200,
        10.271989500004565
      ],
      [
        33587200,
        13.226336300023831
      ]
    ],
    "0-2": [
      [
        8396800,
        3.468459200015059
      ],
      [
        16793600,
        6.166836399992462
      ],
      [
        25715200,
        9.501399299997138
      ],
      [
        33587200,
        12.216158899996662
      ]
    ],
    "0-3": [
      [
        8396800,
        2.1820299999846613
      ],
      [
        16793600,
        3.6206181999936233
      ],
      [
        25715200,
        6.077111400000286
      ],
      [
        33587200,
        7.80752349999384
      ]
    ]
  },
  "combine_ms_per_edge": {
    "0-1": [
      [
        8388608,
        3.0420073000015693
      ],
      [
        16777216,
        5.7329331000044474
      ],
      [
        25690112,
        8.972549700026866
      ],
      [
        33554432,
        11.656725500000174
      ]
    ],
    "0-2": [
      [
        8388608,
        3.1158658999949695
      ],
      [
        16777216,
        5.66135629999917
      ],
      [
        25690112,
        9.717093099985505
      ],
      [
        33554432,
        12.625675499986391
      ]
    ],
    "0-3": [
      [
        8388608,
        1.8991632000193932
      ],
      [
        16777216,
        3.4224571000027937
      ],
      [
        25690112,
        5.981672100006835
      ],
      [
        33554432,
        7.726516499981517
      ]
    ]
  }
}