{
  "run_id": "20250910_082810",
  "timestamp_unix": 1757492894.3501358,
  "timestamp_iso": "2025-09-10T08:28:14+0000",
  "preprocess_ms_per_rank": {
    "3": [
      0.2771474000066519,
      0.32619719998328944,
      0.2908781000121962,
      0.22022949997917748,
      0.5195485999807715,
      0.23315920000895857,
      0.22402689999435096,
      0.22273590001277627,
      0.2208113999920897,
      0.2284193000057712,
      0.22602340001030824,
      0.23706499999389052
    ]
  },
  "dispatch_ms_per_edge": {
    "3-0": [
      [
        8396800,
        3.515570899989689
      ],
      [
        16793600,
        6.047565700009
      ],
      [
        25715200,
        9.374204599997029
      ],
      [
        33587200,
        12.01978760000784
      ]
    ],
    "3-1": [
      [
        8396800,
        3.430192899983376
      ],
      [
        16793600,
        6.188276199990651
      ],
      [
        25715200,
        9.40152090000338
      ],
      [
        33587200,
        12.122229299985339
      ]
    ],
    "3-2": [
      [
        8396800,
        2.3356254999758677
      ],
      [
        16793600,
        3.858027900016168
      ],
      [
        25715200,
        6.353533600008814
      ],
      [
        33587200,
        8.113687900011428
      ]
    ]
  },
  "combine_ms_per_edge": {
    "3-0": [
      [
        8388608,
        3.294106299994746
      ],
      [
        16777216,
        6.245740599982673
      ],
      [
        25690112,
        9.92017540000379
      ],
      [
        33554432,
        12.861266199994134
      ]
    ],
    "3-1": [
      [
        8388608,
        3.188914600003045
      ],
      [
        16777216,
        5.796600199991372
      ],
      [
        25690112,
        9.869974299997557
      ],
      [
        33554432,
        12.79235669997288
      ]
    ],
    "3-2": [
      [
        8388608,
        1.720236999995541
      ],
      [
        16777216,
        3.2128657000139356
      ],
      [
        25690112,
        5.747018300008494
      ],
      [
        33554432,
        7.470326999993995
      ]
    ]
  }
}