{
  "run_id": "20250910_082810",
  "timestamp_unix": 1757492894.3501627,
  "timestamp_iso": "2025-09-10T08:28:14+0000",
  "preprocess_ms_per_rank": {
    "2": [
      0.6543893999769352,
      0.24956769998534584,
      0.31756590002332813,
      1.201232199993683,
      0.22139789999928325,
      0.23364329999894834,
      0.22455309999058953,
      0.22038459998439067,
      0.2201539000030607,
      0.22464810002129526,
      0.22684349999180994,
      0.23833290000329727
    ]
  },
  "dispatch_ms_per_edge": {
    "2-0": [
      [
        8396800,
        3.254484899999807
      ],
      [
        16793600,
        5.928307700011646
      ],
      [
        25715200,
        9.404322699998739
      ],
      [
        33587200,
        12.066897100006463
      ]
    ],
    "2-1": [
      [
        8396800,
        3.6197380999976305
      ],
      [
        16793600,
        6.433628900011536
      ],
      [
        25715200,
        9.97527809999301
      ],
      [
        33587200,
        12.831272400013404
      ]
    ],
    "2-3": [
      [
        8396800,
        2.309494200005429
      ],
      [
        16793600,
        3.762454499985324
      ],
      [
        25715200,
        6.204149099998176
      ],
      [
        33587200,
        7.913482400006615
      ]
    ]
  },
  "combine_ms_per_edge": {
    "2-0": [
      [
        8388608,
        3.2132764000096357
      ],
      [
        16777216,
        5.319419799983734
      ],
      [
        25690112,
        9.907333899999504
      ],
      [
        33554432,
        12.833153199998197
      ]
    ],
    "2-1": [
      [
        8388608,
        3.062385199998971
      ],
      [
        16777216,
        5.8647636999958195
      ],
      [
        25690112,
        9.302964199992129
      ],
      [
        33554432,
        12.091508899995825
      ]
    ],
    "2-3": [
      [
        8388608,
        1.7925265999918338
      ],
      [
        16777216,
        3.3237864999915474
      ],
      [
        25690112,
        5.904351200000383
      ],
      [
        33554432,
        7.685468999994919
      ]
    ]
  }
}