{
  "run_id": "20250909_125835",
  "timestamp_unix": 1757430118.7629244,
  "timestamp_iso": "2025-09-09T15:01:58+0000",
  "preprocess_ms_per_rank": {
    "3": [
      0.3098687489827474,
      0.23526474634806316,
      0.23110520044962565,
      0.24534905751546224,
      0.25016943613688153,
      0.21820580164591472,
      0.22831306457519532,
      0.22101497650146484,
      0.22254635492960612,
      0.22301864624023438,
      0.22148701349894206,
      0.22930110295613607,
      0.23164186477661133,
      0.2992277463277181,
      0.22742052078247071,
      0.22343578338623046,
      0.2701942761739095,
      0.22689212163289388,
      0.23426074981689454,
      0.30929136276245117,
      0.2189873695373535,
      0.28556960423787436,
      0.24568904240926107,
      0.23108243942260742
    ]
  },
  "dispatch_ms_per_edge": {
    "3-0": [
      [
        2484600,
        1.9573751449584962
      ],
      [
        5293100,
        3.0952717145284017
      ],
      [
        7220100,
        4.17145201365153
      ],
      [
        10430400,
        5.285597451527914
      ],
      [
        14120400,
        6.454245535532634
      ],
      [
        15862900,
        7.771314334869385
      ],
      [
        19319200,
        8.75084171295166
      ],
      [
        20549200,
        9.989620240529378
      ]
    ],
    "3-1": [
      [
        2755200,
        1.901738739013672
      ],
      [
        5112700,
        3.084930165608724
      ],
      [
        8113900,
        4.1095762570699055
      ],
      [
        11336500,
        5.286844031016032
      ],
      [
        12455800,
        6.481906827290853
      ],
      [
        16313900,
        7.820279788970947
      ],
      [
        17306100,
        8.79348824818929
      ],
      [
        20918200,
        10.001392618815105
      ]
    ],
    "3-2": [
      [
        2492800,
        1.7840394973754883
      ],
      [
        5621100,
        3.0379599889119464
      ],
      [
        8241000,
        4.1319659868876135
      ],
      [
        9946600,
        5.338635285695394
      ],
      [
        12304100,
        6.592063999176025
      ],
      [
        15920300,
        7.918790435791015
      ],
      [
        17835000,
        8.86663335164388
      ],
      [
        21717700,
        10.0919127146403
      ]
    ]
  },
  "combine_ms_per_edge": {
    "3-0": [
      [
        2482176,
        1.4487449645996093
      ],
      [
        5287936,
        2.6082573890686036
      ],
      [
        7213056,
        3.6587417284647623
      ],
      [
        10420224,
        4.887506834665934
      ],
      [
        14106624,
        6.022102737426758
      ],
      [
        15847424,
        7.310612042744954
      ],
      [
        19300352,
        8.322441132863363
      ],
      [
        20529152,
        9.409602610270182
      ]
    ],
    "3-1": [
      [
        2752512,
        1.391057046254476
      ],
      [
        5107712,
        2.588813813527425
      ],
      [
        8105984,
        3.675960413614909
      ],
      [
        11325440,
        4.840191014607748
      ],
      [
        12443648,
        5.8581316312154135
      ],
      [
        16297984,
        7.185255591074625
      ],
      [
        17289216,
        8.134687678019207
      ],
      [
        20897792,
        9.439354038238525
      ]
    ],
    "3-2": [
      [
        2490368,
        1.4026925086975097
      ],
      [
        5615616,
        2.5403233846028646
      ],
      [
        8232960,
        3.7318804423014322
      ],
      [
        9936896,
        4.936042372385661
      ],
      [
        12292096,
        6.0972035725911455
      ],
      [
        15904768,
        7.411867745717367
      ],
      [
        17817600,
        8.353592141469319
      ],
      [
        21696512,
        9.483549722035725
      ]
    ]
  }
}