{
  "run_id": "20250909_125835",
  "timestamp_unix": 1757430118.7628872,
  "timestamp_iso": "2025-09-09T15:01:58+0000",
  "preprocess_ms_per_rank": {
    "0": [
      0.2856314023335775,
      0.24445161819458008,
      0.2545538266499837,
      0.24324022928873698,
      0.2507094065348307,
      0.21763798395792644,
      0.22243321736653646,
      0.2198643684387207,
      0.22164408365885416,
      0.22066790262858074,
      0.22112048467000325,
      0.22744611104329426,
      0.2337011973063151,
      0.2296778361002604,
      0.25689115524291994,
      0.2217503547668457,
      0.227867857615153,
      0.22950852711995443,
      0.24564011891682944,
      0.22476256688435872,
      0.3612179438273112,
      0.22601737976074218,
      0.2762006759643555,
      0.5082343101501465
    ]
  },
  "dispatch_ms_per_edge": {
    "0-1": [
      [
        2800300,
        1.9639126777648925
      ],
      [
        4829800,
        3.125550047556559
      ],
      [
        7683400,
        4.1500802357991535
      ],
      [
        10942900,
        5.348929977416992
      ],
      [
        13197900,
        6.544730726877848
      ],
      [
        16978100,
        7.811555322011312
      ],
      [
        18175300,
        8.861058934529622
      ],
      [
        20327800,
        10.070412762959798
      ]
    ],
    "0-2": [
      [
        2378000,
        1.9706624031066895
      ],
      [
        4977400,
        3.0918686548868815
      ],
      [
        7650600,
        4.138191095987955
      ],
      [
        10270500,
        5.333910624186198
      ],
      [
        13993300,
        6.388698514302572
      ],
      [
        16666500,
        7.735147953033447
      ],
      [
        19491400,
        8.699339485168457
      ],
      [
        20463100,
        10.045885276794433
      ]
    ],
    "0-3": [
      [
        2701900,
        1.7712234179178874
      ],
      [
        4854400,
        3.0227511088053385
      ],
      [
        8146700,
        4.088704268137614
      ],
      [
        11143800,
        5.256791591644287
      ],
      [
        12562400,
        6.579040972391764
      ],
      [
        16117100,
        7.805143133799235
      ],
      [
        17297900,
        8.818060811360677
      ],
      [
        19052700,
        10.029289150238037
      ]
    ]
  },
  "combine_ms_per_edge": {
    "0-1": [
      [
        2797568,
        1.4098650296529134
      ],
      [
        4825088,
        2.600382137298584
      ],
      [
        7675904,
        3.6636315027872723
      ],
      [
        10932224,
        4.816418234507243
      ],
      [
        13185024,
        5.9697718302408855
      ],
      [
        16961536,
        7.224127546946208
      ],
      [
        18157568,
        8.256205717722574
      ],
      [
        20307968,
        9.396961085001628
      ]
    ],
    "0-2": [
      [
        2375680,
        1.3292635281880696
      ],
      [
        4972544,
        2.5751080830891926
      ],
      [
        7643136,
        3.66251490910848
      ],
      [
        10260480,
        4.84258238474528
      ],
      [
        13979648,
        5.935138829549154
      ],
      [
        16650240,
        7.287543773651123
      ],
      [
        19472384,
        8.200913588205973
      ],
      [
        20443136,
        9.38239631652832
      ]
    ],
    "0-3": [
      [
        2699264,
        1.4235528310139973
      ],
      [
        4849664,
        2.5948819478352863
      ],
      [
        8138752,
        3.7764652252197264
      ],
      [
        11132928,
        4.968670717875162
      ],
      [
        12550144,
        6.060269292195638
      ],
      [
        16101376,
        7.495578988393148
      ],
      [
        17281024,
        8.270896053314209
      ],
      [
        19034112,
        9.375952593485515
      ]
    ]
  }
}