{
  "run_id": "20250909_125835",
  "timestamp_unix": 1757430118.7628348,
  "timestamp_iso": "2025-09-09T15:01:58+0000",
  "preprocess_ms_per_rank": {
    "2": [
      0.3342635154724121,
      0.23277082443237304,
      0.25449902216593423,
      0.24119507471720378,
      0.24783935546875,
      0.2160260518391927,
      0.2210124651590983,
      0.21744127273559571,
      0.2652506192525228,
      0.21824668248494467,
      0.22011082967122395,
      0.22462323506673176,
      0.27764081954956055,
      0.2312037467956543,
      0.23175687789916993,
      0.21932522455851236,
      0.22934525807698566,
      0.2335604985555013,
      0.2948325157165527,
      0.22335856755574543,
      0.2197729746500651,
      0.23274129231770832,
      0.24456920623779296,
      0.34599971771240234
    ]
  },
  "dispatch_ms_per_edge": {
    "2-0": [
      [
        2615800,
        2.074001407623291
      ],
      [
        5555500,
        3.0974487622578937
      ],
      [
        7917100,
        4.165234216054281
      ],
      [
        9995800,
        5.328891944885254
      ],
      [
        12373800,
        6.5558631896972654
      ],
      [
        16531200,
        7.720012283325195
      ],
      [
        17572600,
        8.842841466267904
      ],
      [
        21844800,
        9.892697302500407
      ]
    ],
    "2-1": [
      [
        2566600,
        1.8933897972106934
      ],
      [
        4915900,
        3.1075749079386394
      ],
      [
        7982700,
        4.160469627380371
      ],
      [
        10163900,
        5.385956827799479
      ],
      [
        12443500,
        6.474233531951905
      ],
      [
        14300800,
        7.832793299357096
      ],
      [
        18126100,
        8.814677588144939
      ],
      [
        21492200,
        10.041184425354004
      ]
    ],
    "2-3": [
      [
        2812600,
        1.7742995897928873
      ],
      [
        5161900,
        3.0285860697428384
      ],
      [
        7195500,
        4.191227467854818
      ],
      [
        10323800,
        5.346259625752767
      ],
      [
        12808400,
        6.58499584197998
      ],
      [
        15973600,
        7.855301698048909
      ],
      [
        18687800,
        8.805883693695069
      ],
      [
        20008000,
        10.080402088165282
      ]
    ]
  },
  "combine_ms_per_edge": {
    "2-0": [
      [
        2613248,
        1.2845625241597494
      ],
      [
        5550080,
        2.609169578552246
      ],
      [
        7909376,
        3.6158008575439453
      ],
      [
        9986048,
        4.872240956624349
      ],
      [
        12361728,
        5.950936953226726
      ],
      [
        16515072,
        7.317483107248942
      ],
      [
        17555456,
        8.23021354675293
      ],
      [
        21823488,
        9.459901587168376
      ]
    ],
    "2-1": [
      [
        2564096,
        1.4224789619445801
      ],
      [
        4911104,
        2.563179302215576
      ],
      [
        7974912,
        3.636681334177653
      ],
      [
        10153984,
        4.800391515096028
      ],
      [
        12431360,
        5.919866339365641
      ],
      [
        14286848,
        7.281960741678874
      ],
      [
        18108416,
        8.133117294311523
      ],
      [
        21471232,
        9.329453627268473
      ]
    ],
    "2-3": [
      [
        2809856,
        1.4253155708312988
      ],
      [
        5156864,
        2.576097869873047
      ],
      [
        7188480,
        3.6799937884012857
      ],
      [
        10313728,
        4.934197076161703
      ],
      [
        12795904,
        6.047163391113282
      ],
      [
        15958016,
        7.442916901906331
      ],
      [
        18669568,
        8.353237406412761
      ],
      [
        19988480,
        9.421733093261718
      ]
    ]
  }
}