{
  "run_id": "20250909_125835",
  "timestamp_unix": 1757430118.7629433,
  "timestamp_iso": "2025-09-09T15:01:58+0000",
  "preprocess_ms_per_rank": {
    "1": [
      0.3101238568623861,
      0.23190333048502604,
      0.37321859995524087,
      0.24106543858846027,
      0.24723745981852213,
      0.21507736841837566,
      0.22405239741007488,
      0.21778551737467447,
      0.2201660474141439,
      0.22145249048868815,
      0.22144320805867512,
      0.22978582382202148,
      0.23556219736735026,
      0.22856804529825847,
      0.2444973309834798,
      0.2288010279337565,
      0.2229060173034668,
      0.22463693618774414,
      0.2397517204284668,
      0.23500830332438152,
      0.21900657018025715,
      0.22941319147745767,
      0.23653666178385416,
      0.23156887690226238
    ]
  },
  "dispatch_ms_per_edge": {
    "1-0": [
      [
        2382100,
        1.994576358795166
      ],
      [
        5420200,
        3.1066334088643393
      ],
      [
        7949900,
        4.128830432891846
      ],
      [
        10422200,
        5.318348948160807
      ],
      [
        12956000,
        6.5716203053792315
      ],
      [
        15448800,
        7.835932477315267
      ],
      [
        18294200,
        8.850761286417644
      ],
      [
        20934600,
        10.026584720611572
      ]
    ],
    "1-2": [
      [
        2742900,
        1.90462277730306
      ],
      [
        5407900,
        3.09957701365153
      ],
      [
        7494800,
        4.162075678507487
      ],
      [
        10594400,
        5.3454208056132
      ],
      [
        13402900,
        6.484890747070312
      ],
      [
        16748500,
        7.798421096801758
      ],
      [
        18265500,
        8.861241308848063
      ],
      [
        20762400,
        10.081372960408528
      ]
    ],
    "1-3": [
      [
        2353400,
        1.8882145245869955
      ],
      [
        5260300,
        3.016860262552897
      ],
      [
        8306600,
        4.083458391825358
      ],
      [
        10377100,
        5.31294813156128
      ],
      [
        14136800,
        6.465074062347412
      ],
      [
        16453300,
        7.810932890574137
      ],
      [
        19446300,
        8.728220462799072
      ],
      [
        22500800,
        9.936478201548258
      ]
    ]
  },
  "combine_ms_per_edge": {
    "1-0": [
      [
        2379776,
        1.427927049001058
      ],
      [
        5414912,
        2.5905171712239583
      ],
      [
        7942144,
        3.64882485071818
      ],
      [
        10412032,
        4.834431870778402
      ],
      [
        12943360,
        5.907746092478434
      ],
      [
        15433728,
        7.221495532989502
      ],
      [
        18276352,
        8.200802294413249
      ],
      [
        20914176,
        9.341021378835043
      ]
    ],
    "1-2": [
      [
        2740224,
        1.4010053634643556
      ],
      [
        5402624,
        2.5457818031311037
      ],
      [
        7487488,
        3.6346894264221192
      ],
      [
        10584064,
        4.791573715209961
      ],
      [
        13389824,
        5.845008214314778
      ],
      [
        16732160,
        7.178830528259278
      ],
      [
        18247680,
        8.046839205423991
      ],
      [
        20742144,
        9.296960417429606
      ]
    ],
    "1-3": [
      [
        2351104,
        1.2084957758585613
      ],
      [
        5255168,
        2.5737980206807456
      ],
      [
        8298496,
        3.7551215171813963
      ],
      [
        10366976,
        4.925005753835042
      ],
      [
        14123008,
        6.0787454605102536
      ],
      [
        16437248,
        7.457579294840495
      ],
      [
        19427328,
        8.357481384277344
      ],
      [
        22478848,
        9.50706771214803
      ]
    ]
  }
}