{
  "run_id": "20250914_155353",
  "timestamp_unix": 1757865347.1013846,
  "timestamp_iso": "2025-09-14T15:55:47+0000",
  "preprocess_ms_per_rank": {
    "2": [
      0.8065995315710703,
      1.5274117906888327,
      2.2167762398719786,
      2.6314098238945007,
      3.354649102687836,
      3.8237626055876413,
      4.151631430784861,
      19.401797799269357
    ]
  },
  "dispatch_ms_per_edge": {
    "2-0": [
      [
        1402200,
        23.599453709522884
      ],
      [
        2800300,
        47.54644409616788
      ],
      [
        4198400,
        71.0174494624138
      ],
      [
        5600600,
        94.38796877066294
      ],
      [
        6998700,
        117.84900931715966
      ],
      [
        8396800,
        141.32727410594623
      ],
      [
        9799000,
        164.79387576580046
      ],
      [
        11197100,
        188.31697376569113
      ]
    ],
    "2-1": [
      [
        1398100,
        23.599453709522884
      ],
      [
        2800300,
        47.54644409616788
      ],
      [
        4198400,
        71.0174494624138
      ],
      [
        5596500,
        94.38796877066294
      ],
      [
        6998700,
        117.84900931715966
      ],
      [
        8396800,
        141.32727410594623
      ],
      [
        9794900,
        164.79387576580046
      ],
      [
        11197100,
        188.31697376569113
      ]
    ],
    "2-3": [
      [
        1398100,
        23.599453709522884
      ],
      [
        2796200,
        47.54644409616788
      ],
      [
        4198400,
        71.0174494624138
      ],
      [
        5596500,
        94.38796877066294
      ],
      [
        6994600,
        117.84900931715966
      ],
      [
        8396800,
        141.32727410594623
      ],
      [
        9794900,
        164.79387576580046
      ],
      [
        11193000,
        188.31697376569113
      ]
    ]
  },
  "combine_ms_per_edge": {
    "2-0": [
      [
        1400832,
        22.843349128961563
      ],
      [
        2797568,
        46.02992937763532
      ],
      [
        4194304,
        69.60987703204155
      ],
      [
        5595136,
        93.41176943381627
      ],
      [
        6991872,
        116.8363710641861
      ],
      [
        8388608,
        140.1045205016931
      ],
      [
        9789440,
        163.57740313410758
      ],
      [
        11186176,
        173.22222123146057
      ]
    ],
    "2-1": [
      [
        1396736,
        22.843349128961563
      ],
      [
        2797568,
        46.02992937763532
      ],
      [
        4194304,
        69.60987703204155
      ],
      [
        5591040,
        93.41176943381627
      ],
      [
        6991872,
        116.8363710641861
      ],
      [
        8388608,
        140.1045205016931
      ],
      [
        9785344,
        163.57740313410758
      ],
      [
        11186176,
        173.22222123146057
      ]
    ],
    "2-3": [
      [
        1396736,
        22.843349128961563
      ],
      [
        2793472,
        46.02992937763532
      ],
      [
        4194304,
        69.60987703204155
      ],
      [
        5591040,
        93.41176943381627
      ],
      [
        6987776,
        116.8363710641861
      ],
      [
        8388608,
        140.1045205016931
      ],
      [
        9785344,
        163.57740313410758
      ],
      [
        11182080,
        173.22222123146057
      ]
    ]
  }
}