{
  "run_id": "20250914_155353",
  "timestamp_unix": 1757865347.0096862,
  "timestamp_iso": "2025-09-14T15:55:47+0000",
  "preprocess_ms_per_rank": {
    "0": [
      10.171089500188828,
      27.26275731921196,
      49.69271956483523,
      72.86650705734888,
      91.68885479370753,
      96.08336094021797,
      101.37857760190964,
      105.90215240120888
    ]
  },
  "dispatch_ms_per_edge": {
    "0-1": [
      [
        1402200,
        23.56567820509275
      ],
      [
        2800300,
        47.480950339635214
      ],
      [
        4198400,
        71.01523335973421
      ],
      [
        5600600,
        94.40129326383273
      ],
      [
        6998700,
        117.85579063495
      ],
      [
        8396800,
        141.34339609940847
      ],
      [
        9799000,
        164.8049525698026
      ],
      [
        11197100,
        188.31880157589913
      ]
    ],
    "0-2": [
      [
        1398100,
        23.56567820509275
      ],
      [
        2800300,
        47.480950339635214
      ],
      [
        4198400,
        71.01523335973421
      ],
      [
        5596500,
        94.40129326383273
      ],
      [
        6998700,
        117.85579063495
      ],
      [
        8396800,
        141.34339609940847
      ],
      [
        9794900,
        164.8049525698026
      ],
      [
        11197100,
        188.31880157589913
      ]
    ],
    "0-3": [
      [
        1398100,
        23.56567820509275
      ],
      [
        2796200,
        47.480950339635214
      ],
      [
        4198400,
        71.01523335973421
      ],
      [
        5596500,
        94.40129326383273
      ],
      [
        6994600,
        117.85579063495
      ],
      [
        8396800,
        141.34339609940847
      ],
      [
        9794900,
        164.8049525698026
      ],
      [
        11193000,
        188.31880157589913
      ]
    ]
  },
  "combine_ms_per_edge": {
    "0-1": [
      [
        1400832,
        13.236278313398362
      ],
      [
        2797568,
        19.50233846505483
      ],
      [
        4194304,
        21.557131107648214
      ],
      [
        5595136,
        23.681519971291223
      ],
      [
        6991872,
        28.706197734673818
      ],
      [
        8388608,
        48.18130946358045
      ],
      [
        9789440,
        68.18622205456099
      ],
      [
        11186176,
        87.83300346334775
      ]
    ],
    "0-2": [
      [
        1396736,
        13.236278313398362
      ],
      [
        2797568,
        19.50233846505483
      ],
      [
        4194304,
        21.557131107648214
      ],
      [
        5591040,
        23.681519971291223
      ],
      [
        6991872,
        28.706197734673818
      ],
      [
        8388608,
        48.18130946358045
      ],
      [
        9785344,
        68.18622205456099
      ],
      [
        11186176,
        87.83300346334775
      ]
    ],
    "0-3": [
      [
        1396736,
        13.236278313398362
      ],
      [
        2793472,
        19.50233846505483
      ],
      [
        4194304,
        21.557131107648214
      ],
      [
        5591040,
        23.681519971291223
      ],
      [
        6987776,
        28.706197734673818
      ],
      [
        8388608,
        48.18130946358045
      ],
      [
        9785344,
        68.18622205456099
      ],
      [
        11182080,
        87.83300346334775
      ]
    ]
  }
}