{
  "run_id": "20250914_155353",
  "timestamp_unix": 1757865347.1117923,
  "timestamp_iso": "2025-09-14T15:55:47+0000",
  "preprocess_ms_per_rank": {
    "1": [
      0.3745168368021647,
      0.26413167715072633,
      0.26666007240613304,
      0.2681771139303843,
      0.2673474649588267,
      0.28836713433265687,
      0.3040431380271912,
      0.279136856396993
    ]
  },
  "dispatch_ms_per_edge": {
    "1-0": [
      [
        1402200,
        23.582132935523987
      ],
      [
        2800300,
        47.528949628273644
      ],
      [
        4198400,
        71.02843357125919
      ],
      [
        5600600,
        94.45467063387235
      ],
      [
        6998700,
        117.93226213653882
      ],
      [
        8396800,
        141.39552006721496
      ],
      [
        9799000,
        164.87078028917313
      ],
      [
        11197100,
        188.41990012725194
      ]
    ],
    "1-2": [
      [
        1398100,
        23.582132935523987
      ],
      [
        2800300,
        47.528949628273644
      ],
      [
        4198400,
        71.02843357125919
      ],
      [
        5596500,
        94.45467063387235
      ],
      [
        6998700,
        117.93226213653882
      ],
      [
        8396800,
        141.39552006721496
      ],
      [
        9794900,
        164.87078028917313
      ],
      [
        11197100,
        188.41990012725194
      ]
    ],
    "1-3": [
      [
        1398100,
        23.582132935523987
      ],
      [
        2796200,
        47.528949628273644
      ],
      [
        4198400,
        71.02843357125919
      ],
      [
        5596500,
        94.45467063387235
      ],
      [
        6994600,
        117.93226213653882
      ],
      [
        8396800,
        141.39552006721496
      ],
      [
        9794900,
        164.87078028917313
      ],
      [
        11193000,
        188.41990012725194
      ]
    ]
  },
  "combine_ms_per_edge": {
    "1-0": [
      [
        1400832,
        22.794708464543024
      ],
      [
        2797568,
        46.39178503751755
      ],
      [
        4194304,
        69.97558686931929
      ],
      [
        5595136,
        93.18479929765066
      ],
      [
        6991872,
        116.65644790331523
      ],
      [
        8388608,
        140.21399062871933
      ],
      [
        9789440,
        163.87988993525505
      ],
      [
        11186176,
        187.3896254936854
      ]
    ],
    "1-2": [
      [
        1396736,
        22.794708464543024
      ],
      [
        2797568,
        46.39178503751755
      ],
      [
        4194304,
        69.97558686931929
      ],
      [
        5591040,
        93.18479929765066
      ],
      [
        6991872,
        116.65644790331523
      ],
      [
        8388608,
        140.21399062871933
      ],
      [
        9785344,
        163.87988993525505
      ],
      [
        11186176,
        187.3896254936854
      ]
    ],
    "1-3": [
      [
        1396736,
        22.794708464543024
      ],
      [
        2793472,
        46.39178503751755
      ],
      [
        4194304,
        69.97558686931929
      ],
      [
        5591040,
        93.18479929765066
      ],
      [
        6987776,
        116.65644790331523
      ],
      [
        8388608,
        140.21399062871933
      ],
      [
        9785344,
        163.87988993525505
      ],
      [
        11182080,
        187.3896254936854
      ]
    ]
  }
}