{
  "run_id": "20250914_155353",
  "timestamp_unix": 1757865347.108292,
  "timestamp_iso": "2025-09-14T15:55:47+0000",
  "preprocess_ms_per_rank": {
    "3": [
      1.983010313908259,
      2.5458786288897195,
      4.826020111640294,
      10.98916420340538,
      11.035995076100031,
      8.492663437128067,
      16.69001833200455,
      14.295370489358902
    ]
  },
  "dispatch_ms_per_edge": {
    "3-0": [
      [
        1402200,
        23.566287668546043
      ],
      [
        2800300,
        47.457497660319014
      ],
      [
        4198400,
        70.96282127102216
      ],
      [
        5600600,
        94.41157213648161
      ],
      [
        6998700,
        117.8671102086703
      ],
      [
        8396800,
        141.28817829092344
      ],
      [
        9799000,
        164.80637759764988
      ],
      [
        11197100,
        188.30977226098378
      ]
    ],
    "3-1": [
      [
        1398100,
        23.566287668546043
      ],
      [
        2800300,
        47.457497660319014
      ],
      [
        4198400,
        70.96282127102216
      ],
      [
        5596500,
        94.41157213648161
      ],
      [
        6998700,
        117.8671102086703
      ],
      [
        8396800,
        141.28817829092344
      ],
      [
        9794900,
        164.80637759764988
      ],
      [
        11197100,
        188.30977226098378
      ]
    ],
    "3-2": [
      [
        1398100,
        23.566287668546043
      ],
      [
        2796200,
        47.457497660319014
      ],
      [
        4198400,
        70.96282127102216
      ],
      [
        5596500,
        94.41157213648161
      ],
      [
        6994600,
        117.8671102086703
      ],
      [
        8396800,
        141.28817829092344
      ],
      [
        9794900,
        164.80637759764988
      ],
      [
        11193000,
        188.30977226098378
      ]
    ]
  },
  "combine_ms_per_edge": {
    "3-0": [
      [
        1400832,
        22.407569366693497
      ],
      [
        2797568,
        46.372060658534366
      ],
      [
        4194304,
        68.9448999663194
      ],
      [
        5595136,
        87.706478369236
      ],
      [
        6991872,
        112.30630206664404
      ],
      [
        8388608,
        139.73383710384368
      ],
      [
        9789440,
        156.51657929817836
      ],
      [
        11186176,
        183.35056057373683
      ]
    ],
    "3-1": [
      [
        1396736,
        22.407569366693497
      ],
      [
        2797568,
        46.372060658534366
      ],
      [
        4194304,
        68.9448999663194
      ],
      [
        5591040,
        87.706478369236
      ],
      [
        6991872,
        112.30630206664404
      ],
      [
        8388608,
        139.73383710384368
      ],
      [
        9785344,
        156.51657929817836
      ],
      [
        11186176,
        183.35056057373683
      ]
    ],
    "3-2": [
      [
        1396736,
        22.407569366693497
      ],
      [
        2793472,
        46.372060658534366
      ],
      [
        4194304,
        68.9448999663194
      ],
      [
        5591040,
        87.706478369236
      ],
      [
        6987776,
        112.30630206664404
      ],
      [
        8388608,
        139.73383710384368
      ],
      [
        9785344,
        156.51657929817836
      ],
      [
        11182080,
        183.35056057373683
      ]
    ]
  }
}