{
  "run_id": "20250910_064001",
  "timestamp_unix": 1757486420.7554648,
  "timestamp_iso": "2025-09-10T06:40:20+0000",
  "preprocess_ms_per_rank": {
    "3": [
      1.3241224400140346,
      2.131081480048597,
      3.822754199998453,
      4.751211199965328
    ]
  },
  "dispatch_ms_per_edge": {
    "3-0": [
      [
        2800300,
        2.706853479985148
      ],
      [
        5600600,
        4.657940640039742
      ],
      [
        8396800,
        6.599958919966594
      ],
      [
        11197100,
        8.563250080039724
      ]
    ],
    "3-1": [
      [
        2800300,
        2.706853479985148
      ],
      [
        5596500,
        4.657940640039742
      ],
      [
        8396800,
        6.599958919966594
      ],
      [
        11197100,
        8.563250080039724
      ]
    ],
    "3-2": [
      [
        2796200,
        2.706853479985148
      ],
      [
        5596500,
        4.657940640039742
      ],
      [
        8396800,
        6.599958919966594
      ],
      [
        11193000,
        8.563250080039724
      ]
    ]
  },
  "combine_ms_per_edge": {
    "3-0": [
      [
        2797568,
        2.1978389999922365
      ],
      [
        5595136,
        4.096845439998433
      ],
      [
        8388608,
        5.969239920014515
      ],
      [
        11186176,
        7.863496599970386
      ]
    ],
    "3-1": [
      [
        2797568,
        2.1978389999922365
      ],
      [
        5591040,
        4.096845439998433
      ],
      [
        8388608,
        5.969239920014515
      ],
      [
        11186176,
        7.863496599970386
      ]
    ],
    "3-2": [
      [
        2793472,
        2.1978389999922365
      ],
      [
        5591040,
        4.096845439998433
      ],
      [
        8388608,
        5.969239920014515
      ],
      [
        11182080,
        7.863496599970386
      ]
    ]
  }
}