{
  "run_id": "20250910_064001",
  "timestamp_unix": 1757486420.755464,
  "timestamp_iso": "2025-09-10T06:40:20+0000",
  "preprocess_ms_per_rank": {
    "1": [
      1.3177222400251776,
      2.1246690799761563,
      3.6085893999412657,
      4.644767279960215
    ]
  },
  "dispatch_ms_per_edge": {
    "1-0": [
      [
        2800300,
        2.7085126000083983
      ],
      [
        5600600,
        4.660103799970821
      ],
      [
        8396800,
        6.599771039988846
      ],
      [
        11197100,
        8.564333039959893
      ]
    ],
    "1-2": [
      [
        2800300,
        2.7085126000083983
      ],
      [
        5596500,
        4.660103799970821
      ],
      [
        8396800,
        6.599771039988846
      ],
      [
        11197100,
        8.564333039959893
      ]
    ],
    "1-3": [
      [
        2796200,
        2.7085126000083983
      ],
      [
        5596500,
        4.660103799970821
      ],
      [
        8396800,
        6.599771039988846
      ],
      [
        11193000,
        8.564333039959893
      ]
    ]
  },
  "combine_ms_per_edge": {
    "1-0": [
      [
        2797568,
        2.177457360010594
      ],
      [
        5595136,
        4.06338944000192
      ],
      [
        8388608,
        5.9148234399873765
      ],
      [
        11186176,
        7.775617760047316
      ]
    ],
    "1-2": [
      [
        2797568,
        2.177457360010594
      ],
      [
        5591040,
        4.06338944000192
      ],
      [
        8388608,
        5.9148234399873765
      ],
      [
        11186176,
        7.775617760047316
      ]
    ],
    "1-3": [
      [
        2793472,
        2.177457360010594
      ],
      [
        5591040,
        4.06338944000192
      ],
      [
        8388608,
        5.9148234399873765
      ],
      [
        11182080,
        7.775617760047316
      ]
    ]
  }
}