{
  "run_id": "20250910_064001",
  "timestamp_unix": 1757486420.7554524,
  "timestamp_iso": "2025-09-10T06:40:20+0000",
  "preprocess_ms_per_rank": {
    "2": [
      0.815052839992568,
      1.0927498000022025,
      1.8683945200406016,
      2.5371567599941045
    ]
  },
  "dispatch_ms_per_edge": {
    "2-0": [
      [
        2800300,
        2.7086826800089328
      ],
      [
        5600600,
        4.66078575999476
      ],
      [
        8396800,
        6.60157504003495
      ],
      [
        11197100,
        8.565850320030004
      ]
    ],
    "2-1": [
      [
        2800300,
        2.7086826800089328
      ],
      [
        5596500,
        4.66078575999476
      ],
      [
        8396800,
        6.60157504003495
      ],
      [
        11197100,
        8.565850320030004
      ]
    ],
    "2-3": [
      [
        2796200,
        2.7086826800089328
      ],
      [
        5596500,
        4.66078575999476
      ],
      [
        8396800,
        6.60157504003495
      ],
      [
        11193000,
        8.565850320030004
      ]
    ]
  },
  "combine_ms_per_edge": {
    "2-0": [
      [
        2797568,
        2.1885940000135453
      ],
      [
        5595136,
        4.079153760047629
      ],
      [
        8388608,
        5.9447446399647745
      ],
      [
        11186176,
        7.818510720003396
      ]
    ],
    "2-1": [
      [
        2797568,
        2.1885940000135453
      ],
      [
        5591040,
        4.079153760047629
      ],
      [
        8388608,
        5.9447446399647745
      ],
      [
        11186176,
        7.818510720003396
      ]
    ],
    "2-3": [
      [
        2793472,
        2.1885940000135453
      ],
      [
        5591040,
        4.079153760047629
      ],
      [
        8388608,
        5.9447446399647745
      ],
      [
        11182080,
        7.818510720003396
      ]
    ]
  }
}