{
  "run_id": "20250910_064001",
  "timestamp_unix": 1757486420.7554533,
  "timestamp_iso": "2025-09-10T06:40:20+0000",
  "preprocess_ms_per_rank": {
    "0": [
      0.23274487998336554,
      0.23647975996136666,
      0.23275299998931587,
      0.2423361200094223
    ]
  },
  "dispatch_ms_per_edge": {
    "0-1": [
      [
        2800300,
        2.611206759978086
      ],
      [
        5600600,
        4.560844519967214
      ],
      [
        8396800,
        6.505249440027401
      ],
      [
        11197100,
        8.46893196004443
      ]
    ],
    "0-2": [
      [
        2800300,
        2.611206759978086
      ],
      [
        5596500,
        4.560844519967214
      ],
      [
        8396800,
        6.505249440027401
      ],
      [
        11197100,
        8.46893196004443
      ]
    ],
    "0-3": [
      [
        2796200,
        2.611206759978086
      ],
      [
        5596500,
        4.560844519967214
      ],
      [
        8396800,
        6.505249440027401
      ],
      [
        11193000,
        8.46893196004443
      ]
    ]
  },
  "combine_ms_per_edge": {
    "0-1": [
      [
        2797568,
        2.198684640051797
      ],
      [
        5595136,
        4.105211240025238
      ],
      [
        8388608,
        5.97637823998928
      ],
      [
        11186176,
        7.874017200022936
      ]
    ],
    "0-2": [
      [
        2797568,
        2.198684640051797
      ],
      [
        5591040,
        4.105211240025238
      ],
      [
        8388608,
        5.97637823998928
      ],
      [
        11186176,
        7.874017200022936
      ]
    ],
    "0-3": [
      [
        2793472,
        2.198684640051797
      ],
      [
        5591040,
        4.105211240025238
      ],
      [
        8388608,
        5.97637823998928
      ],
      [
        11182080,
        7.874017200022936
      ]
    ]
  }
}