{
  "run_id": "20250908_134408",
  "timestamp_unix": 1757339065.0362687,
  "timestamp_iso": "2025-09-08T13:44:25+0000",
  "dispatch": {
    "alpha_ms": [
      [
        0.7711917429938795,
        0.8737055034230049,
        0.5490505817342306,
        0.5808066874805102
      ],
      [
        0.872590796526073,
        0.5770464368027302,
        0.759360584812063,
        0.8855242653688163
      ],
      [
        0.758109096323746,
        0.6873085063906605,
        0.8493545485226416,
        0.7223695529050178
      ],
      [
        0.7733530892367736,
        0.8622840915336357,
        0.6085436507700905,
        0.6874856515686579
      ]
    ],
    "beta_ms_per_byte": [
      [
        9.65210732226562e-07,
        9.501112243432702e-07,
        1.0176660480848093e-06,
        1.032568344827712e-06
      ],
      [
        9.306033869214054e-07,
        1.0203186884921738e-06,
        9.316424054908734e-07,
        9.165258816291484e-07
      ],
      [
        9.509178594827734e-07,
        9.762069710481435e-07,
        9.56891383945656e-07,
        9.576638900106953e-07
      ],
      [
        9.441965304477442e-07,
        9.638243578208193e-07,
        9.94911261889789e-07,
        9.729036406662025e-07
      ]
    ],
    "r_squared": [
      [
        0.9974967883140405,
        0.999444175296003,
        0.9969071962158684,
        0.9941238015615349
      ],
      [
        0.9990737897082184,
        0.9956735602629001,
        0.9981005046200793,
        0.9972333413126016
      ],
      [
        0.9973573095638157,
        0.9982778354301255,
        0.9959723653389472,
        0.9994504271816608
      ],
      [
        0.9983328678168228,
        0.996001130680649,
        0.9989142505973483,
        0.9986070298322889
      ]
    ]
  },
  "combine": {
    "alpha_ms": [
      [
        0.26249433073694795,
        0.38040385965888845,
        0.06147082703710077,
        0.11356108952945278
      ],
      [
        0.3494590870791705,
        0.1505302736516162,
        0.30151662291783304,
        0.43247553385622334
      ],
      [
        0.21312338586465043,
        0.21835450588915303,
        0.36540055565212987,
        0.25023499265692806
      ],
      [
        0.28105294989506513,
        0.41266794550848074,
        0.11468139909153657,
        0.2523518600615758
      ]
    ],
    "beta_ms_per_byte": [
      [
        9.596949670502572e-07,
        9.410566203965773e-07,
        1.010333546878222e-06,
        1.020257477327005e-06
      ],
      [
        9.337531608024067e-07,
        1.0067515625456015e-06,
        9.268760874210829e-07,
        9.09715013910912e-07
      ],
      [
        9.529745235481244e-07,
        9.633826204766028e-07,
        9.507835580311616e-07,
        9.468901549454494e-07
      ],
      [
        9.424442557597517e-07,
        9.515214633264985e-07,
        9.897921382171861e-07,
        9.597601181613963e-07
      ]
    ],
    "r_squared": [
      [
        0.9978180214928174,
        0.9993579045733401,
        0.9977038423092736,
        0.9932282595476923
      ],
      [
        0.9991946329113949,
        0.9955390321294549,
        0.9981901585446203,
        0.9969842067164989
      ],
      [
        0.9979983877184058,
        0.9990150740134518,
        0.9961318676400257,
        0.9992027820547822
      ],
      [
        0.999120003243079,
        0.9954509362525428,
        0.9989611335231059,
        0.9987962827297406
      ]
    ]
  },
  "preprocess": {
    "latency_ms": [
      [
        0.2364487454295158,
        0.24103555878003438,
        0.23877848883469896,
        0.2371656899650892
      ]
    ]
  }
}