{
  "run_id": "20250910_082810",
  "timestamp_unix": 1757492894.3660758,
  "timestamp_iso": "2025-09-10T08:28:14+0000",
  "dispatch": {
    "alpha_ms": [
      [
        0.0,
        0.39483765342893,
        0.4420689391492748,
        0.08533110538250033
      ],
      [
        0.3868885063392387,
        0.0,
        0.4274431493815894,
        0.08211124787783898
      ],
      [
        0.18161761390271586,
        0.41886971632637066,
        0.0,
        0.23055478555489073
      ],
      [
        0.5273626437151574,
        0.46246665045800694,
        0.2043621315571755,
        0.0
      ]
    ],
    "beta_ms_per_byte": [
      [
        0.0,
        3.809771635725217e-07,
        3.5014318431161256e-07,
        2.2896576605867494e-07
      ],
      [
        3.752694747320368e-07,
        0.0,
        3.6922250774579214e-07,
        2.2694469361223125e-07
      ],
      [
        3.5420227456547536e-07,
        3.6907805913296873e-07,
        0.0,
        2.2803553743959232e-07
      ],
      [
        3.41421733273639e-07,
        3.4668460150605395e-07,
        2.3485345939279532e-07,
        0.0
      ]
    ],
    "r_squared": [
      [
        1.0,
        0.9979553293471783,
        0.9992047639747318,
        0.9926758271841855
      ],
      [
        0.9979922312184083,
        1.0,
        0.9990773572155386,
        0.9928113109962245
      ],
      [
        0.9985825828462062,
        0.9990031990282113,
        1.0,
        0.9931483077350578
      ],
      [
        0.9984306124381275,
        0.9996902435814429,
        0.9938349800921001,
        1.0
      ]
    ]
  },
  "combine": {
    "alpha_ms": [
      [
        0.0,
        0.07884296316105613,
        -0.37145124007949304,
        -0.2570574088771664
      ],
      [
        0.09802638787163222,
        0.0,
        -0.06585541672944381,
        -0.6162904375136721
      ],
      [
        -0.552009254248694,
        -0.052960255061674615,
        0.0,
        -0.39224929407207837
      ],
      [
        -0.016148716205593574,
        -0.3142668484360909,
        -0.41265804493394914,
        0.0
      ]
    ],
    "beta_ms_per_byte": [
      [
        0.0,
        3.44612213364463e-07,
        3.8627714264062933e-07,
        2.3762529427095032e-07
      ],
      [
        3.493586919143346e-07,
        0.0,
        3.5938421293152127e-07,
        2.496157835738409e-07
      ],
      [
        3.966481974937705e-07,
        3.6172645308487984e-07,
        0.0,
        2.4019715772672616e-07
      ],
      [
        3.836718655793294e-07,
        3.898207527505297e-07,
        2.3458113794442603e-07,
        0.0
      ]
    ],
    "r_squared": [
      [
        1.0,
        0.9994484174177815,
        0.99457524203506,
        0.9931424952971212
      ],
      [
        0.9994780411549709,
        1.0,
        0.9992095417700222,
        0.9824285603629194
      ],
      [
        0.9844886242716651,
        0.9992843494300389,
        1.0,
        0.9930704168720998
      ],
      [
        0.9991347149392489,
        0.995074917731788,
        0.992847327159354,
        1.0
      ]
    ]
  },
  "preprocess": {
    "latency_ms": [
      [
        0.29969357499455024,
        0.2840743083322498,
        0.3527260416643306,
        0.2688534916650193
      ]
    ]
  }
}