{
  "run_id": "20250909_125835",
  "timestamp_unix": 1757430118.7662544,
  "timestamp_iso": "2025-09-09T15:01:58+0000",
  "dispatch": {
    "alpha_ms": [
      [
        0.0,
        0.7500816763617546,
        0.9477693155275677,
        0.34930646576346963
      ],
      [
        0.7797249258707881,
        0.0,
        0.6916901962079488,
        0.9133594472215271
      ],
      [
        0.9609935835063469,
        0.8994309028653567,
        0.0,
        0.6649619778100478
      ],
      [
        0.896007483027139,
        0.600449008573582,
        0.6909582997852034,
        0.0
      ]
    ],
    "beta_ms_per_byte": [
      [
        0.0,
        4.4109503056308894e-07,
        4.1528018833137373e-07,
        4.85176934879029e-07
      ],
      [
        4.434108874666295e-07,
        0.0,
        4.42301513619785e-07,
        4.0406205266195446e-07
      ],
      [
        4.23583117118514e-07,
        4.4041835059265436e-07,
        0.0,
        4.554859790791185e-07
      ],
      [
        4.230447165071784e-07,
        4.5250263865249684e-07,
        4.489260561045767e-07,
        0.0
      ]
    ],
    "r_squared": [
      [
        1.0,
        0.9924181149868141,
        0.9881761454171067,
        0.987136805307806
      ],
      [
        0.9979364118328501,
        1.0,
        0.996767844002373,
        0.9969294986344466
      ],
      [
        0.9895300870935574,
        0.9893156363379642,
        1.0,
        0.9942794449444347
      ],
      [
        0.9907605660685228,
        0.9915904940680481,
        0.9927493651070435,
        1.0
      ]
    ]
  },
  "combine": {
    "alpha_ms": [
      [
        0.0,
        0.26618675774769385,
        0.41214598139394176,
        0.06784000457087175
      ],
      [
        0.30745758419100633,
        0.0,
        0.25956290234047763,
        0.3863146437587652
      ],
      [
        0.2954135610990848,
        0.4517876815358787,
        0.0,
        0.28925530150450623
      ],
      [
        0.41815044738910323,
        0.15479470503037315,
        0.32883606644309626,
        0.0
      ]
    ],
    "beta_ms_per_byte": [
      [
        0.0,
        4.3448563584504985e-07,
        4.1669561908411033e-07,
        4.7308902913552044e-07
      ],
      [
        4.3442845449284677e-07,
        0.0,
        4.2657928294946325e-07,
        4.12938332679568e-07
      ],
      [
        4.344719248935455e-07,
        4.2951022045507066e-07,
        0.0,
        4.475259657909134e-07
      ],
      [
        4.236169811375745e-07,
        4.4443818284984806e-07,
        4.397048981663158e-07,
        0.0
      ]
    ],
    "r_squared": [
      [
        1.0,
        0.9930769091407771,
        0.9919365088678982,
        0.9937409925689829
      ],
      [
        0.9986421112586851,
        1.0,
        0.9974856575572915,
        0.9962395705951662
      ],
      [
        0.9929263363866674,
        0.9870339982932229,
        1.0,
        0.9970357780435737
      ],
      [
        0.9932872870567103,
        0.9941661698865855,
        0.9913108649103451,
        1.0
      ]
    ]
  },
  "preprocess": {
    "latency_ms": [
      [
        0.25295293993420076,
        0.23873201741112604,
        0.2448910686704848,
        0.24330570962693965
      ]
    ]
  }
}