{
  "run_id": "20250908_133029",
  "timestamp_unix": 1757338240.0731504,
  "timestamp_iso": "2025-09-08T13:30:40+0000",
  "preprocess_ms_per_rank": {
    "0": [
      0.29323768615722656,
      0.25836749076843263,
      0.29022650718688964,
      0.25530047416687013,
      0.2345885992050171,
      0.23098599910736084,
      0.27325868606567383,
      0.2242051839828491,
      0.2546600341796875,
      0.2327418804168701,
      0.22344026565551758,
      0.22747230529785156,
      0.24858431816101073,
      0.22777674198150635,
      0.23780274391174316,
      0.2500624656677246,
      0.23112318515777588,
      0.25449979305267334,
      0.2210735559463501,
      0.22427971363067628,
      0.23593027591705323,
      0.23968088626861572,
      0.24513537883758546,
      0.23900322914123534,
      0.23275606632232665,
      0.22731781005859375,
      0.23431127071380614,
      0.23771970272064208
    ]
  },
  "dispatch_ms_per_edge": {
    "0-0": [
      [
        2144300,
        2.8976526975631716
      ],
      [
        3050400,
        3.751184034347534
      ],
      [
        4432100,
        4.8410701036453245
      ],
      [
        5194700,
        5.974548363685608
      ],
      [
        6416500,
        7.0448338985443115
      ],
      [
        7056100,
        7.878973722457886
      ],
      [
        8351700,
        8.80341658592224
      ]
    ],
    "0-1": [
      [
        1951600,
        2.778356504440308
      ],
      [
        3025800,
        3.798592472076416
      ],
      [
        4136900,
        4.733665084838867
      ],
      [
        5157800,
        5.799425625801087
      ],
      [
        6687100,
        7.142601585388183
      ],
      [
        7437400,
        8.032111406326294
      ],
      [
        8413200,
        9.032451486587524
      ]
    ],
    "0-2": [
      [
        2357500,
        2.8089331150054933
      ],
      [
        3198000,
        3.817767333984375
      ],
      [
        4432100,
        4.770164656639099
      ],
      [
        5194700,
        5.895510625839234
      ],
      [
        6244300,
        6.944577980041504
      ],
      [
        7093000,
        7.907789492607117
      ],
      [
        7863800,
        8.875231957435608
      ]
    ],
    "0-3": [
      [
        2058200,
        2.831353235244751
      ],
      [
        3013500,
        3.7289663791656493
      ],
      [
        4370600,
        4.870161080360413
      ],
      [
        4928200,
        5.787093567848205
      ],
      [
        6568200,
        7.015440678596496
      ],
      [
        6674800,
        7.977331185340882
      ],
      [
        7843300,
        8.94705934524536
      ]
    ]
  },
  "combine_ms_per_edge": {
    "0-0": [
      [
        2142208,
        2.3196651697158814
      ],
      [
        3047424,
        3.2376168012619018
      ],
      [
        4427776,
        4.279855465888977
      ],
      [
        5189632,
        5.390322279930115
      ],
      [
        6410240,
        6.491920304298401
      ],
      [
        7049216,
        7.303744578361512
      ],
      [
        8343552,
        8.210010623931884
      ]
    ],
    "0-1": [
      [
        1949696,
        2.2337111473083495
      ],
      [
        3022848,
        3.3090068817138674
      ],
      [
        4132864,
        4.22033212184906
      ],
      [
        5152768,
        5.263594722747802
      ],
      [
        6680576,
        6.539284586906433
      ],
      [
        7430144,
        7.447724199295044
      ],
      [
        8404992,
        8.396783089637756
      ]
    ],
    "0-2": [
      [
        2355200,
        2.2502399921417235
      ],
      [
        3194880,
        3.303656554222107
      ],
      [
        4427776,
        4.2736036539077755
      ],
      [
        5189632,
        5.314126586914062
      ],
      [
        6238208,
        6.355212450027466
      ],
      [
        7086080,
        7.325438141822815
      ],
      [
        7856128,
        8.304512023925781
      ]
    ],
    "0-3": [
      [
        2056192,
        2.2670539379119874
      ],
      [
        3010560,
        3.246375322341919
      ],
      [
        4366336,
        4.29918258190155
      ],
      [
        4923392,
        5.227016735076904
      ],
      [
        6561792,
        6.471121597290039
      ],
      [
        6668288,
        7.38260235786438
      ],
      [
        7835648,
        8.342907786369324
      ]
    ]
  }
}