{
  "run_id": "20250908_133029",
  "timestamp_unix": 1757338240.0732305,
  "timestamp_iso": "2025-09-08T13:30:40+0000",
  "preprocess_ms_per_rank": {
    "2": [
      0.2883249282836914,
      0.2561470031738281,
      0.3424180746078491,
      0.25992679595947266,
      0.23803868293762206,
      0.25354180335998533,
      0.27997746467590334,
      0.22946469783782958,
      0.2565723657608032,
      0.23798394203186035,
      0.22726686000823976,
      0.23047144412994386,
      0.26593899726867676,
      0.23170714378356932,
      0.24153420925140381,
      0.24946243762969972,
      0.23275251388549806,
      0.2592890501022339,
      0.22250635623931886,
      0.22674763202667236,
      0.23540282249450684,
      0.24232540130615235,
      0.24698503017425538,
      0.2427144765853882,
      0.23977842330932617,
      0.23010714054107667,
      0.24438016414642333,
      0.24147377014160157
    ]
  },
  "dispatch_ms_per_edge": {
    "2-0": [
      [
        2341100,
        2.912899303436279
      ],
      [
        2952000,
        3.7710471153259277
      ],
      [
        4366500,
        4.834219288825989
      ],
      [
        5280800,
        5.9683997631073
      ],
      [
        6654300,
        7.019223427772522
      ],
      [
        7560400,
        7.845619130134582
      ],
      [
        8269700,
        8.780008482933045
      ]
    ],
    "2-1": [
      [
        2017200,
        2.797535610198975
      ],
      [
        3337400,
        3.7914421558380127
      ],
      [
        4247600,
        4.7148357629776
      ],
      [
        5297200,
        5.784680962562561
      ],
      [
        6461600,
        7.1502269268035885
      ],
      [
        7572700,
        8.012566256523133
      ],
      [
        8487000,
        9.017918062210082
      ]
    ],
    "2-2": [
      [
        1968000,
        2.806831622123718
      ],
      [
        3009400,
        3.8311379194259643
      ],
      [
        4161500,
        4.768206405639648
      ],
      [
        5248000,
        5.871742939949035
      ],
      [
        6211500,
        6.9541947603225704
      ],
      [
        7716200,
        7.866945075988769
      ],
      [
        8167200,
        8.821863269805908
      ]
    ],
    "2-3": [
      [
        2054100,
        2.825969409942627
      ],
      [
        3107800,
        3.7400952577590942
      ],
      [
        4444400,
        4.850062203407288
      ],
      [
        5190600,
        5.792043995857239
      ],
      [
        6564100,
        7.010004615783691
      ],
      [
        7597300,
        7.933561229705811
      ],
      [
        8519800,
        8.923339867591858
      ]
    ]
  },
  "combine_ms_per_edge": {
    "2-0": [
      [
        2338816,
        2.307484269142151
      ],
      [
        2949120,
        3.248686408996582
      ],
      [
        4362240,
        4.323663449287414
      ],
      [
        5275648,
        5.38307135105133
      ],
      [
        6647808,
        6.520139074325561
      ],
      [
        7553024,
        7.2620972156524655
      ],
      [
        8261632,
        8.24275074005127
      ]
    ],
    "2-1": [
      [
        2015232,
        2.240310883522034
      ],
      [
        3334144,
        3.3261934757232665
      ],
      [
        4243456,
        4.243684887886047
      ],
      [
        5292032,
        5.303439664840698
      ],
      [
        6455296,
        6.6046292066574095
      ],
      [
        7565312,
        7.450198149681091
      ],
      [
        8478720,
        8.466688442230225
      ]
    ],
    "2-2": [
      [
        1966080,
        2.3141695976257326
      ],
      [
        3006464,
        3.316598081588745
      ],
      [
        4157440,
        4.345781922340393
      ],
      [
        5242880,
        5.329263925552368
      ],
      [
        6205440,
        6.434611821174622
      ],
      [
        7708672,
        7.319275283813477
      ],
      [
        8159232,
        8.282827353477478
      ]
    ],
    "2-3": [
      [
        2052096,
        2.3006994247436525
      ],
      [
        3104768,
        3.2636924982070923
      ],
      [
        4440064,
        4.3552552461624146
      ],
      [
        5185536,
        5.260749077796936
      ],
      [
        6557696,
        6.51565318107605
      ],
      [
        7589888,
        7.381444954872132
      ],
      [
        8511488,
        8.368338298797607
      ]
    ]
  }
}