{
  "run_id": "20250908_133029",
  "timestamp_unix": 1757338240.0732837,
  "timestamp_iso": "2025-09-08T13:30:40+0000",
  "preprocess_ms_per_rank": {
    "3": [
      0.29357051849365234,
      0.25614702701568604,
      0.31258790493011473,
      0.25515906810760497,
      0.23367347717285156,
      0.26204519271850585,
      0.30518791675567625,
      0.22483057975769044,
      0.2524876594543457,
      0.23350939750671387,
      0.22688045501708984,
      0.22728376388549804,
      0.2644524574279785,
      0.22998380661010742,
      0.2384892702102661,
      0.24538109302520753,
      0.23027384281158447,
      0.2557435750961304,
      0.2191223382949829,
      0.22305512428283691,
      0.23271608352661133,
      0.23740887641906738,
      0.24318788051605225,
      0.23815033435821534,
      0.23384277820587157,
      0.232706618309021,
      0.24123799800872803,
      0.24446504116058348
    ]
  },
  "dispatch_ms_per_edge": {
    "3-0": [
      [
        2218100,
        2.902628993988037
      ],
      [
        3214400,
        3.774942660331726
      ],
      [
        4296800,
        4.852797555923462
      ],
      [
        5649800,
        5.957618999481201
      ],
      [
        6601000,
        7.03721170425415
      ],
      [
        7421000,
        7.867589902877808
      ],
      [
        8417300,
        8.78949065208435
      ]
    ],
    "3-1": [
      [
        1927000,
        2.7850807428359987
      ],
      [
        3107800,
        3.807737350463867
      ],
      [
        3989300,
        4.733150959014893
      ],
      [
        5125000,
        5.790154266357422
      ],
      [
        6490300,
        7.141224479675293
      ],
      [
        7556300,
        8.025243782997132
      ],
      [
        8741200,
        8.992333245277404
      ]
    ],
    "3-2": [
      [
        2201700,
        2.8000962495803834
      ],
      [
        3206200,
        3.833694100379944
      ],
      [
        4374700,
        4.8368570566177365
      ],
      [
        5358700,
        5.887642979621887
      ],
      [
        6449300,
        6.94544837474823
      ],
      [
        7154500,
        7.899713706970215
      ],
      [
        8364000,
        8.823152232170106
      ]
    ],
    "3-3": [
      [
        2099200,
        2.8318592071533204
      ],
      [
        3165200,
        3.7566038608551025
      ],
      [
        4083600,
        4.857498526573181
      ],
      [
        5334100,
        5.788507628440857
      ],
      [
        6834700,
        7.009330081939697
      ],
      [
        7355400,
        7.949004101753235
      ],
      [
        8679700,
        8.90052788257599
      ]
    ]
  },
  "combine_ms_per_edge": {
    "3-0": [
      [
        2215936,
        2.34901704788208
      ],
      [
        3211264,
        3.2348373889923097
      ],
      [
        4292608,
        4.335519456863404
      ],
      [
        5644288,
        5.410182476043701
      ],
      [
        6594560,
        6.53515088558197
      ],
      [
        7413760,
        7.328598117828369
      ],
      [
        8409088,
        8.246075701713561
      ]
    ],
    "3-1": [
      [
        1925120,
        2.2540289163589478
      ],
      [
        3104768,
        3.329810070991516
      ],
      [
        3985408,
        4.257698345184326
      ],
      [
        5120000,
        5.297981810569763
      ],
      [
        6483968,
        6.571008610725403
      ],
      [
        7548928,
        7.480581951141358
      ],
      [
        8732672,
        8.457566833496093
      ]
    ],
    "3-2": [
      [
        2199552,
        2.3092901706695557
      ],
      [
        3203072,
        3.2910287857055662
      ],
      [
        4370432,
        4.251948738098145
      ],
      [
        5353472,
        5.3626115083694454
      ],
      [
        6443008,
        6.425416612625122
      ],
      [
        7147520,
        7.33873176574707
      ],
      [
        8355840,
        8.324512934684753
      ]
    ],
    "3-3": [
      [
        2097152,
        2.308685874938965
      ],
      [
        3162112,
        3.2407626628875734
      ],
      [
        4079616,
        4.381447815895081
      ],
      [
        5328896,
        5.260777735710144
      ],
      [
        6828032,
        6.4809857368469235
      ],
      [
        7348224,
        7.40630407333374
      ],
      [
        8671232,
        8.34843888282776
      ]
    ]
  }
}