{
  "run_id": "20250908_133029",
  "timestamp_unix": 1757338240.0732396,
  "timestamp_iso": "2025-09-08T13:30:40+0000",
  "preprocess_ms_per_rank": {
    "1": [
      0.28979902267456054,
      0.25138125419616697,
      0.29057865142822265,
      0.24974539279937744,
      0.2303260087966919,
      0.26251223087310793,
      0.25074479579925535,
      0.22268245220184327,
      0.24971468448638917,
      0.23144199848175048,
      0.21988506317138673,
      0.22405383586883545,
      0.25932912826538085,
      0.22401223182678223,
      0.2338345766067505,
      0.2505182266235352,
      0.2268125057220459,
      0.25155153274536135,
      0.21720192432403565,
      0.21994590759277344,
      0.22951693534851075,
      0.23407409191131592,
      0.23509459495544432,
      0.23572118282318116,
      0.2363957405090332,
      0.23208389282226563,
      0.23018898963928222,
      0.24296491146087645
    ]
  },
  "dispatch_ms_per_edge": {
    "1-0": [
      [
        2041800,
        2.9215779542922973
      ],
      [
        3226700,
        3.765292692184448
      ],
      [
        4038500,
        4.867584204673767
      ],
      [
        5588300,
        5.964091181755066
      ],
      [
        6465700,
        7.061727404594421
      ],
      [
        7548100,
        7.862934136390686
      ],
      [
        8601800,
        8.7661048412323
      ]
    ],
    "1-1": [
      [
        2193500,
        2.783234691619873
      ],
      [
        3157000,
        3.8040422201156616
      ],
      [
        4268100,
        4.748545598983765
      ],
      [
        5280800,
        5.79575674533844
      ],
      [
        6322200,
        7.1749049663543705
      ],
      [
        7289800,
        8.03636610507965
      ],
      [
        7995000,
        9.02460765838623
      ]
    ],
    "1-2": [
      [
        2271400,
        2.7925616979598997
      ],
      [
        3247200,
        3.7903250455856323
      ],
      [
        4182000,
        4.805136871337891
      ],
      [
        5608800,
        5.888252139091492
      ],
      [
        6719900,
        6.958968448638916
      ],
      [
        7777700,
        7.870909118652344
      ],
      [
        8409100,
        8.883972263336181
      ]
    ],
    "1-3": [
      [
        1996700,
        2.831099534034729
      ],
      [
        3259500,
        3.7425667524337767
      ],
      [
        4633000,
        4.870561814308166
      ],
      [
        5182400,
        5.794110989570617
      ],
      [
        6428800,
        7.036910796165467
      ],
      [
        7490700,
        7.9594604015350345
      ],
      [
        8745300,
        8.93294312953949
      ]
    ]
  },
  "combine_ms_per_edge": {
    "1-0": [
      [
        2039808,
        2.3397886991500854
      ],
      [
        3223552,
        3.2255558729171754
      ],
      [
        4034560,
        4.313556742668152
      ],
      [
        5582848,
        5.368708157539368
      ],
      [
        6459392,
        6.509911417961121
      ],
      [
        7540736,
        7.255615544319153
      ],
      [
        8593408,
        8.173147869110107
      ]
    ],
    "1-1": [
      [
        2191360,
        2.2352823972702027
      ],
      [
        3153920,
        3.301964521408081
      ],
      [
        4263936,
        4.191269946098328
      ],
      [
        5275648,
        5.265811109542847
      ],
      [
        6316032,
        6.5681322574615475
      ],
      [
        7282688,
        7.427883720397949
      ],
      [
        7987200,
        8.418466472625733
      ]
    ],
    "1-2": [
      [
        2269184,
        2.274027919769287
      ],
      [
        3244032,
        3.240717554092407
      ],
      [
        4177920,
        4.267847299575806
      ],
      [
        5603328,
        5.322389435768128
      ],
      [
        6713344,
        6.386230254173279
      ],
      [
        7770112,
        7.217583060264587
      ],
      [
        8400896,
        8.310811471939086
      ]
    ],
    "1-3": [
      [
        1994752,
        2.2863665580749513
      ],
      [
        3256320,
        3.2333465814590454
      ],
      [
        4628480,
        4.3113315343856815
      ],
      [
        5177344,
        5.221194767951966
      ],
      [
        6422528,
        6.476630592346192
      ],
      [
        7483392,
        7.352885103225708
      ],
      [
        8736768,
        8.315259504318238
      ]
    ]
  }
}