{
  "run_id": "20250915_101113",
  "timestamp_unix": 1757931494.7084305,
  "timestamp_iso": "2025-09-15T10:18:14+0000",
  "dispatch": {
    "alpha_ms": [
      [
        0.0,
        2.591664245227971,
        2.422069257852633,
        2.3972989107881397
      ],
      [
        2.6384499958584056,
        0.0,
        2.9893273990069216,
        2.8968208718867534
      ],
      [
        2.4351161152834138,
        2.8760202589489188,
        0.0,
        1.9057584784570258
      ],
      [
        2.430782827238245,
        2.9798658483085236,
        2.4090100758842135,
        0.0
      ]
    ],
    "beta_ms_per_byte": [
      [
        0.0,
        5.581382451745236e-06,
        5.5799969681498045e-06,
        5.581379504630295e-06
      ],
      [
        5.57852783061901e-06,
        0.0,
        8.377562897416236e-07,
        8.428014032700898e-07
      ],
      [
        5.580134191831548e-06,
        8.43499193176774e-07,
        0.0,
        8.410129621562747e-07
      ],
      [
        5.580121893468842e-06,
        8.390993649772599e-07,
        8.201248177742845e-07,
        0.0
      ]
    ],
    "r_squared": [
      [
        1.0,
        0.9999997145009729,
        0.999999674612879,
        0.9999995052023553
      ],
      [
        0.9999998414951478,
        1.0,
        0.999995882896482,
        0.9999728732242843
      ],
      [
        0.9999998234334694,
        0.9999726242587997,
        1.0,
        0.9999667390558495
      ],
      [
        0.9999993729232542,
        0.999989200673644,
        0.9986944407567787,
        1.0
      ]
    ]
  },
  "combine": {
    "alpha_ms": [
      [
        0.0,
        -34.14618483185768,
        -33.628978169532026,
        -34.29124279511824
      ],
      [
        -34.230405203998075,
        0.0,
        -2.2091418689915114,
        -1.7754534011085856
      ],
      [
        -33.46819917389324,
        -2.17991262362117,
        0.0,
        -2.2455425236196676
      ],
      [
        -34.16173135162818,
        -0.3546127196578767,
        0.5191590783141887,
        0.0
      ]
    ],
    "beta_ms_per_byte": [
      [
        0.0,
        4.679998063197545e-06,
        4.778866102106073e-06,
        4.678947057695515e-06
      ],
      [
        4.683797298178482e-06,
        0.0,
        6.21600446724384e-07,
        6.699212567203479e-07
      ],
      [
        4.778762599528136e-06,
        6.187255467731274e-07,
        0.0,
        7.438540903885874e-07
      ],
      [
        4.672590418025148e-06,
        5.824217903163718e-07,
        5.390638444548729e-07,
        0.0
      ]
    ],
    "r_squared": [
      [
        1.0,
        0.967230323941814,
        0.9736842660447352,
        0.9669924472791299
      ],
      [
        0.967007574325049,
        1.0,
        0.9646637833194713,
        0.9351120316433388
      ],
      [
        0.9736879639047049,
        0.9606814434749299,
        1.0,
        0.8650073678065353
      ],
      [
        0.9672129829068031,
        0.9371248890602653,
        0.9097165227321667,
        1.0
      ]
    ]
  },
  "preprocess": {
    "latency_ms": [
      [
        20.63567563707215,
        43.19141001171536,
        43.151970261563015,
        42.74678214260688
      ]
    ]
  }
}