{
  "run_id": "20250915_101113",
  "timestamp_unix": 1757931494.7111268,
  "timestamp_iso": "2025-09-15T10:18:14+0000",
  "rank": 2,
  "dispatch": {
    "alpha_ms": [
      [
        0.0,
        0.0,
        0.0,
        0.0
      ],
      [
        0.0,
        0.0,
        0.0,
        0.0
      ],
      [
        2.4351161152834138,
        2.8760202589489188,
        0.0,
        1.9057584784570258
      ]
    ],
    "beta_ms_per_byte": [
      [
        0.0,
        0.0,
        0.0,
        0.0
      ],
      [
        0.0,
        0.0,
        0.0,
        0.0
      ],
      [
        5.580134191831548e-06,
        8.43499193176774e-07,
        0.0,
        8.410129621562747e-07
      ]
    ],
    "r_squared": [
      [
        1.0,
        1.0,
        1.0,
        1.0
      ],
      [
        1.0,
        1.0,
        1.0,
        1.0
      ],
      [
        0.9999998234334694,
        0.9999726242587997,
        1.0,
        0.9999667390558495
      ]
    ]
  },
  "combine": {
    "alpha_ms": [
      [
        0.0,
        0.0,
        -33.628978169532026
      ],
      [
        0.0,
        0.0,
        -2.2091418689915114
      ],
      [
        0.0,
        0.0,
        0.0
      ],
      [
        0.0,
        0.0,
        0.5191590783141887
      ]
    ],
    "beta_ms_per_byte": [
      [
        0.0,
        0.0,
        4.778866102106073e-06
      ],
      [
        0.0,
        0.0,
        6.21600446724384e-07
      ],
      [
        0.0,
        0.0,
        0.0
      ],
      [
        0.0,
        0.0,
        5.390638444548729e-07
      ]
    ],
    "r_squared": [
      [
        1.0,
        1.0,
        0.9736842660447352
      ],
      [
        1.0,
        1.0,
        0.9646637833194713
      ],
      [
        1.0,
        1.0,
        1.0
      ],
      [
        1.0,
        1.0,
        0.9097165227321667
      ]
    ]
  },
  "preprocess": {
    "latency_ms": [
      [
        43.151970261563015
      ]
    ]
  }
}