{
  "run_id": "20250915_101113",
  "timestamp_unix": 1757931494.7104108,
  "timestamp_iso": "2025-09-15T10:18:14+0000",
  "rank": 1,
  "dispatch": {
    "alpha_ms": [
      [
        0.0,
        0.0,
        0.0,
        0.0
      ],
      [
        2.6384499958584056,
        0.0,
        2.9893273990069216,
        2.8968208718867534
      ]
    ],
    "beta_ms_per_byte": [
      [
        0.0,
        0.0,
        0.0,
        0.0
      ],
      [
        5.57852783061901e-06,
        0.0,
        8.377562897416236e-07,
        8.428014032700898e-07
      ]
    ],
    "r_squared": [
      [
        1.0,
        1.0,
        1.0,
        1.0
      ],
      [
        0.9999998414951478,
        1.0,
        0.999995882896482,
        0.9999728732242843
      ]
    ]
  },
  "combine": {
    "alpha_ms": [
      [
        0.0,
        -34.14618483185768
      ],
      [
        0.0,
        0.0
      ],
      [
        0.0,
        -2.17991262362117
      ],
      [
        0.0,
        -0.3546127196578767
      ]
    ],
    "beta_ms_per_byte": [
      [
        0.0,
        4.679998063197545e-06
      ],
      [
        0.0,
        0.0
      ],
      [
        0.0,
        6.187255467731274e-07
      ],
      [
        0.0,
        5.824217903163718e-07
      ]
    ],
    "r_squared": [
      [
        1.0,
        0.967230323941814
      ],
      [
        1.0,
        1.0
      ],
      [
        1.0,
        0.9606814434749299
      ],
      [
        1.0,
        0.9371248890602653
      ]
    ]
  },
  "preprocess": {
    "latency_ms": [
      [
        43.19141001171536
      ]
    ]
  }
}