{
  "run_id": "20250915_101113",
  "timestamp_unix": 1757931494.7118773,
  "timestamp_iso": "2025-09-15T10:18:14+0000",
  "rank": 3,
  "dispatch": {
    "alpha_ms": [
      [
        0.0,
        0.0,
        0.0
      ],
      [
        0.0,
        0.0,
        0.0
      ],
      [
        0.0,
        0.0,
        0.0
      ],
      [
        2.430782827238245,
        2.9798658483085236,
        2.4090100758842135
      ]
    ],
    "beta_ms_per_byte": [
      [
        0.0,
        0.0,
        0.0
      ],
      [
        0.0,
        0.0,
        0.0
      ],
      [
        0.0,
        0.0,
        0.0
      ],
      [
        5.580121893468842e-06,
        8.390993649772599e-07,
        8.201248177742845e-07
      ]
    ],
    "r_squared": [
      [
        1.0,
        1.0,
        1.0
      ],
      [
        1.0,
        1.0,
        1.0
      ],
      [
        1.0,
        1.0,
        1.0
      ],
      [
        0.9999993729232542,
        0.999989200673644,
        0.9986944407567787
      ]
    ]
  },
  "combine": {
    "alpha_ms": [
      [
        0.0,
        0.0,
        0.0,
        -34.29124279511824
      ],
      [
        0.0,
        0.0,
        0.0,
        -1.7754534011085856
      ],
      [
        0.0,
        0.0,
        0.0,
        -2.2455425236196676
      ]
    ],
    "beta_ms_per_byte": [
      [
        0.0,
        0.0,
        0.0,
        4.678947057695515e-06
      ],
      [
        0.0,
        0.0,
        0.0,
        6.699212567203479e-07
      ],
      [
        0.0,
        0.0,
        0.0,
        7.438540903885874e-07
      ]
    ],
    "r_squared": [
      [
        1.0,
        1.0,
        1.0,
        0.9669924472791299
      ],
      [
        1.0,
        1.0,
        1.0,
        0.9351120316433388
      ],
      [
        1.0,
        1.0,
        1.0,
        0.8650073678065353
      ]
    ]
  },
  "preprocess": {
    "latency_ms": [
      [
        42.74678214260688
      ]
    ]
  }
}