{
  "run_id": "20250915_101113",
  "timestamp_unix": 1757931494.7095938,
  "timestamp_iso": "2025-09-15T10:18:14+0000",
  "rank": 0,
  "dispatch": {
    "alpha_ms": [
      [
        0.0,
        2.591664245227971,
        2.422069257852633,
        2.3972989107881397
      ]
    ],
    "beta_ms_per_byte": [
      [
        0.0,
        5.581382451745236e-06,
        5.5799969681498045e-06,
        5.581379504630295e-06
      ]
    ],
    "r_squared": [
      [
        1.0,
        0.9999997145009729,
        0.999999674612879,
        0.9999995052023553
      ]
    ]
  },
  "combine": {
    "alpha_ms": [
      [
        0.0
      ],
      [
        -34.230405203998075
      ],
      [
        -33.46819917389324
      ],
      [
        -34.16173135162818
      ]
    ],
    "beta_ms_per_byte": [
      [
        0.0
      ],
      [
        4.683797298178482e-06
      ],
      [
        4.778762599528136e-06
      ],
      [
        4.672590418025148e-06
      ]
    ],
    "r_squared": [
      [
        1.0
      ],
      [
        0.967007574325049
      ],
      [
        0.9736879639047049
      ],
      [
        0.9672129829068031
      ]
    ]
  },
  "preprocess": {
    "latency_ms": [
      [
        20.63567563707215
      ]
    ]
  }
}