{
  "run_id": "20250908_133029",
  "timestamp_unix": 1757338240.0769093,
  "timestamp_iso": "2025-09-08T13:30:40+0000",
  "dispatch": {
    "alpha_ms": [
      [
        0.7510694610950849,
        0.8443810165865006,
        0.1964098075798914,
        0.5108220281442726
      ],
      [
        1.0333371175574058,
        0.3496196832512748,
        0.6828189697544443,
        0.8006147137479537
      ],
      [
        0.8034241625595204,
        0.6538482289797808,
        0.9695098466187864,
        0.8133540390123051
      ],
      [
        0.7258759244836561,
        1.0156358910446401,
        0.5981300604525431,
        0.9017552718378854
      ]
    ],
    "beta_ms_per_byte": [
      [
        9.805814903345134e-07,
        9.618780066545647e-07,
        1.0896482051840452e-06,
        1.0599278918230594e-06
      ],
      [
        9.057621276008081e-07,
        1.0661177273880483e-06,
        9.475166957465894e-07,
        9.424150269064246e-07
      ],
      [
        9.487678591099755e-07,
        9.8053398611612e-07,
        9.356543006903204e-07,
        9.440606195874785e-07
      ],
      [
        9.54592182576607e-07,
        9.24968624581639e-07,
        9.927401709262882e-07,
        9.262126386794327e-07
      ]
    ],
    "r_squared": [
      [
        0.994833434326953,
        0.9986800995728317,
        0.9964642829659248,
        0.9841943209232866
      ],
      [
        0.9957317747302675,
        0.9964647196707789,
        0.995348335744149,
        0.9935663505629889
      ],
      [
        0.9956849544255759,
        0.9970400929909013,
        0.9933859921828008,
        0.9985174473988688
      ],
      [
        0.9987597477251902,
        0.9988396314334266,
        0.9977793209366131,
        0.9950769813536495
      ]
    ]
  },
  "combine": {
    "alpha_ms": [
      [
        0.21536763767915926,
        0.38181947205628364,
        -0.3075317726425009,
        0.007092085575655507
      ],
      [
        0.4884115264906235,
        -0.13313019576992954,
        0.19254828565637008,
        0.30589310371850925
      ],
      [
        0.2381392144019986,
        0.1780330303893949,
        0.5111178117891702,
        0.33562698546702285
      ],
      [
        0.18173926825999184,
        0.5389274387333787,
        0.06511373308388876,
        0.4122973309955638
      ]
    ],
    "beta_ms_per_byte": [
      [
        9.75840341963894e-07,
        9.446295274805945e-07,
        1.0806541090088508e-06,
        1.0498107774570837e-06
      ],
      [
        9.010815415872916e-07,
        1.0512722127167373e-06,
        9.34334081915688e-07,
        9.298713459472714e-07
      ],
      [
        9.52729314797532e-07,
        9.733770225076687e-07,
        9.264256874967247e-07,
        9.373665595179307e-07
      ],
      [
        9.57272801979653e-07,
        9.180322842124715e-07,
        9.93926786413245e-07,
        9.207271329736941e-07
      ]
    ],
    "r_squared": [
      [
        0.9947830456172234,
        0.9986410565115341,
        0.9968946622258618,
        0.985121422769854
      ],
      [
        0.9952352476985892,
        0.9966537653670297,
        0.993793789666636,
        0.9936063971930998
      ],
      [
        0.9952085109649653,
        0.9982194141404013,
        0.9932374793477637,
        0.9987961625485918
      ],
      [
        0.9986035647917944,
        0.9990366186261719,
        0.9977978213105817,
        0.994553407207915
      ]
    ]
  },
  "preprocess": {
    "latency_ms": [
      [
        0.24234079463141303,
        0.24043256299836296,
        0.248329986844744,
        0.24619928853852405
      ]
    ]
  }
}