{
  "run_id": "20250909_052802",
  "timestamp_unix": 1757396266.4873555,
  "timestamp_iso": "2025-09-09T05:37:46+0000",
  "preprocess_ms_per_rank": {
    "2": [
      0.3153702735900879,
      0.26954259872436526,
      0.2364431381225586,
      0.21671638488769532,
      0.21782159805297852,
      0.24336185455322265,
      0.2413970947265625,
      0.2590291976928711,
      0.24012832641601561,
      0.2301788330078125,
      0.2444356918334961,
      0.23042078018188478,
      0.22107439041137694,
      0.24982881546020508,
      0.22620220184326173,
      0.22203779220581055,
      0.2446657180786133,
      0.22508182525634765,
      0.25875034332275393
    ]
  },
  "dispatch_ms_per_edge": {
    "2-0": [
      [
        3234900,
        1.8989147186279296
      ],
      [
        6699400,
        2.7783152580261232
      ],
      [
        9864600,
        3.6669171333312987
      ],
      [
        12796100,
        4.708570575714111
      ],
      [
        15916200,
        5.738309860229492
      ],
      [
        20233500,
        6.8346179008483885
      ],
      [
        22386000,
        7.712749195098877
      ],
      [
        26404000,
        8.672289943695068
      ]
    ],
    "2-1": [
      [
        3341500,
        1.5997358322143556
      ],
      [
        6244300,
        2.1825098037719726
      ],
      [
        9889200,
        2.9984641075134277
      ],
      [
        12898600,
        3.8588241577148437
      ],
      [
        15797300,
        4.46215934753418
      ],
      [
        19024000,
        5.405325603485108
      ],
      [
        22845200,
        6.026352977752685
      ],
      [
        26682800,
        6.8389153480529785
      ]
    ],
    "2-3": [
      [
        2070500,
        2.776314640045166
      ],
      [
        2382100,
        3.0283428192138673
      ],
      [
        2677300,
        3.4250717163085938
      ]
    ]
  },
  "combine_ms_per_edge": {
    "2-0": [
      [
        3231744,
        1.0947481155395509
      ],
      [
        6692864,
        2.2720643043518067
      ],
      [
        9854976,
        3.2310585975646973
      ],
      [
        12783616,
        4.19681224822998
      ],
      [
        15900672,
        5.155079174041748
      ],
      [
        20213760,
        6.327790641784668
      ],
      [
        22364160,
        7.148351383209229
      ],
      [
        26378240,
        8.174647617340089
      ]
    ],
    "2-1": [
      [
        3338240,
        1.0567997932434081
      ],
      [
        6238208,
        1.8027007102966308
      ],
      [
        9879552,
        2.6168484687805176
      ],
      [
        12886016,
        3.3802592277526857
      ],
      [
        15781888,
        4.0840575218200685
      ],
      [
        19005440,
        4.875430870056152
      ],
      [
        22822912,
        5.622956657409668
      ],
      [
        26656768,
        6.445586776733398
      ]
    ],
    "2-3": [
      [
        2068480,
        2.2997459411621093
      ],
      [
        2379776,
        2.570597267150879
      ],
      [
        2674688,
        2.9089537620544434
      ]
    ]
  }
}