{
  "run_id": "20250909_052802",
  "timestamp_unix": 1757396266.4873857,
  "timestamp_iso": "2025-09-09T05:37:46+0000",
  "preprocess_ms_per_rank": {
    "0": [
      0.27234458923339844,
      0.2367344856262207,
      0.21672458648681642,
      0.2399679183959961,
      0.23529224395751952,
      0.24295406341552733,
      0.23345708847045898,
      0.23440217971801758
    ]
  },
  "dispatch_ms_per_edge": {
    "0-1": [
      [
        381300,
        1.7750873565673828
      ],
      [
        610900,
        2.8366129875183104
      ],
      [
        943000,
        3.759612274169922
      ],
      [
        1213600,
        4.811993026733399
      ],
      [
        1660500,
        5.826154613494873
      ],
      [
        2013100,
        7.016582775115967
      ],
      [
        2070500,
        7.859346199035644
      ],
      [
        2455900,
        8.928621101379395
      ]
    ]
  },
  "combine_ms_per_edge": {
    "0-1": [
      [
        380928,
        1.2788183212280273
      ],
      [
        610304,
        2.2236433029174805
      ],
      [
        942080,
        3.1447303771972654
      ],
      [
        1212416,
        4.066192245483398
      ],
      [
        1658880,
        5.044931221008301
      ],
      [
        2011136,
        6.127198600769043
      ],
      [
        2068480,
        6.970024585723877
      ],
      [
        2453504,
        7.931624126434326
      ]
    ]
  }
}