{
  "run_id": "20250909_052802",
  "timestamp_unix": 1757396266.4873767,
  "timestamp_iso": "2025-09-09T05:37:46+0000",
  "preprocess_ms_per_rank": {
    "3": [
      0.27353487014770506,
      0.26650323867797854,
      0.25090970993041994,
      0.23862266540527344,
      0.2168745994567871,
      0.21694984436035156,
      0.21815767288208007,
      0.24300661087036132,
      0.22864971160888672,
      0.24160337448120117,
      0.2600730895996094,
      0.23698911666870118,
      0.23817338943481445,
      0.23023567199707032,
      0.22108869552612304,
      0.2463822364807129,
      0.23217401504516602,
      0.2263813018798828,
      0.24700145721435546,
      0.2260068893432617,
      0.21997489929199218,
      0.2342373847961426,
      0.224112606048584,
      0.2309239387512207
    ]
  },
  "dispatch_ms_per_edge": {
    "3-0": [
      [
        3136500,
        1.7818931579589843
      ],
      [
        6527200,
        2.8141854286193846
      ],
      [
        9294700,
        3.7042974472045898
      ],
      [
        13083100,
        4.695364284515381
      ],
      [
        16998600,
        5.667454051971435
      ],
      [
        19663600,
        6.854104518890381
      ],
      [
        23324900,
        7.649678039550781
      ],
      [
        25797200,
        8.730859375
      ]
    ],
    "3-1": [
      [
        3263600,
        1.6115313529968263
      ],
      [
        6227900,
        2.1819786071777343
      ],
      [
        9946600,
        2.990197277069092
      ],
      [
        13558700,
        3.8126103401184084
      ],
      [
        15698900,
        4.464046955108643
      ],
      [
        19868600,
        5.345757102966308
      ],
      [
        22238400,
        6.044284725189209
      ],
      [
        25948900,
        6.861332511901855
      ]
    ],
    "3-2": [
      [
        3284100,
        1.2730993270874023
      ],
      [
        6830600,
        1.7976387023925782
      ],
      [
        9876900,
        2.315484142303467
      ],
      [
        12648500,
        2.9462202072143553
      ],
      [
        15764500,
        3.4392401695251467
      ],
      [
        19803000,
        4.122008514404297
      ],
      [
        22550000,
        4.570943927764892
      ],
      [
        26399900,
        5.2775860786437985
      ]
    ]
  },
  "combine_ms_per_edge": {
    "3-0": [
      [
        3133440,
        1.2582432746887207
      ],
      [
        6520832,
        2.2333563804626464
      ],
      [
        9285632,
        3.208621883392334
      ],
      [
        13070336,
        4.198486042022705
      ],
      [
        16982016,
        5.1953681945800785
      ],
      [
        19644416,
        6.3188232421875
      ],
      [
        23302144,
        7.169459819793701
      ],
      [
        25772032,
        8.167057323455811
      ]
    ],
    "3-1": [
      [
        3260416,
        1.0611308097839356
      ],
      [
        6221824,
        1.80526704788208
      ],
      [
        9936896,
        2.6176803588867186
      ],
      [
        13545472,
        3.3863414764404296
      ],
      [
        15683584,
        4.080670738220215
      ],
      [
        19849216,
        4.902281379699707
      ],
      [
        22216704,
        5.629321002960205
      ],
      [
        25923584,
        6.4321770668029785
      ]
    ],
    "3-2": [
      [
        3280896,
        0.830025577545166
      ],
      [
        6823936,
        1.386484146118164
      ],
      [
        9867264,
        1.9641175270080566
      ],
      [
        12636160,
        2.555804443359375
      ],
      [
        15749120,
        3.070532131195068
      ],
      [
        19783680,
        3.7561434745788573
      ],
      [
        22528000,
        4.188674068450927
      ],
      [
        26374144,
        4.882168579101562
      ]
    ]
  }
}