{
  "run_id": "20250909_052802",
  "timestamp_unix": 1757396266.4873526,
  "timestamp_iso": "2025-09-09T05:37:46+0000",
  "preprocess_ms_per_rank": {
    "1": [
      0.27148189544677737,
      0.23722438812255858,
      0.21767864227294922,
      0.24431047439575196,
      0.23825950622558595,
      0.24825525283813477,
      0.21838788986206054,
      0.253189754486084,
      0.25962677001953127,
      0.2451475143432617,
      0.2193295478820801,
      0.21888256072998047
    ]
  },
  "dispatch_ms_per_edge": {
    "1-0": [
      [
        3206200,
        1.7873108863830567
      ],
      [
        6666600,
        2.8039403915405274
      ],
      [
        9782600,
        3.662019729614258
      ],
      [
        12808400,
        4.700486946105957
      ],
      [
        16342600,
        5.692915153503418
      ],
      [
        19516000,
        6.879625415802002
      ],
      [
        22656600,
        7.7143322944641115
      ],
      [
        25948900,
        8.691159725189209
      ]
    ],
    "1-2": [
      [
        2095100,
        2.7175798416137695
      ],
      [
        2464100,
        3.1304346084594727
      ],
      [
        2660900,
        3.320932960510254
      ]
    ],
    "1-3": [
      [
        2755200,
        3.3648125648498537
      ]
    ]
  },
  "combine_ms_per_edge": {
    "1-0": [
      [
        3203072,
        1.2668414115905762
      ],
      [
        6660096,
        2.242512035369873
      ],
      [
        9773056,
        3.231986427307129
      ],
      [
        12795904,
        4.179406261444091
      ],
      [
        16326656,
        5.161329174041748
      ],
      [
        19496960,
        6.2985913276672365
      ],
      [
        22634496,
        7.117261505126953
      ],
      [
        25923584,
        8.169458484649658
      ]
    ],
    "1-2": [
      [
        2093056,
        2.271900463104248
      ],
      [
        2461696,
        2.6040884971618654
      ],
      [
        2658304,
        2.8666303634643553
      ]
    ],
    "1-3": [
      [
        2752512,
        2.84295015335083
      ]
    ]
  }
}