{
  "run_id": "20250915_121914",
  "timestamp_unix": 1757939181.5202134,
  "timestamp_iso": "2025-09-15T12:26:21+0000",
  "rank": 3,
  "dispatch": {
    "alpha_ms": [
      [
        0.0,
        0.0,
        0.0
      ],
      [
        0.0,
        0.0,
        0.0
      ],
      [
        0.0,
        0.0,
        0.0
      ],
      [
        2.340968854867291,
        2.9216649155531633,
        1.806042747909121
      ]
    ],
    "beta_ms_per_byte": [
      [
        0.0,
        0.0,
        0.0
      ],
      [
        0.0,
        0.0,
        0.0
      ],
      [
        0.0,
        0.0,
        0.0
      ],
      [
        5.582382345197897e-06,
        8.378223798082609e-07,
        8.406967545988503e-07
      ]
    ],
    "r_squared": [
      [
        1.0,
        1.0,
        1.0
      ],
      [
        1.0,
        1.0,
        1.0
      ],
      [
        1.0,
        1.0,
        1.0
      ],
      [
        0.9999997189905958,
        0.9999858775330078,
        0.9999740662011316
      ]
    ]
  },
  "combine": {
    "alpha_ms": [
      [
        0.0,
        0.0,
        0.0,
        -32.41710408528645
      ],
      [
        0.0,
        0.0,
        0.0,
        -0.037505231584834604
      ],
      [
        0.0,
        0.0,
        0.0,
        -0.5522306896391433
      ]
    ],
    "beta_ms_per_byte": [
      [
        0.0,
        0.0,
        0.0,
        1.026885842697488e-05
      ],
      [
        0.0,
        0.0,
        0.0,
        1.4909238661713304e-06
      ],
      [
        0.0,
        0.0,
        0.0,
        1.4905912047695545e-06
      ]
    ],
    "r_squared": [
      [
        1.0,
        1.0,
        1.0,
        0.9929898836000699
      ],
      [
        1.0,
        1.0,
        1.0,
        0.9945833211555926
      ],
      [
        1.0,
        1.0,
        1.0,
        0.9794322371914757
      ]
    ]
  },
  "preprocess": {
    "latency_ms": [
      [
        3.1533640055606753
      ]
    ]
  }
}