{
  "run_id": "20250915_121914",
  "timestamp_unix": 1757939181.5170894,
  "timestamp_iso": "2025-09-15T12:26:21+0000",
  "dispatch": {
    "alpha_ms": [
      [
        0.0,
        2.59280016585478,
        2.373642279491568,
        2.4036563615714113
      ],
      [
        2.5475719985508007,
        0.0,
        2.8252873700999106,
        2.8927584258573464
      ],
      [
        2.3667013066865463,
        2.8024822680723145,
        0.0,
        1.8118611291760534
      ],
      [
        2.340968854867291,
        2.9216649155531633,
        1.806042747909121,
        0.0
      ]
    ],
    "beta_ms_per_byte": [
      [
        0.0,
        5.578067970222009e-06,
        5.578525844662862e-06,
        5.578492568032685e-06
      ],
      [
        5.580360297918557e-06,
        0.0,
        8.396001202560002e-07,
        8.400173527525267e-07
      ],
      [
        5.58166733215589e-06,
        8.426892059135663e-07,
        0.0,
        8.417690395199727e-07
      ],
      [
        5.582382345197897e-06,
        8.378223798082609e-07,
        8.406967545988503e-07,
        0.0
      ]
    ],
    "r_squared": [
      [
        1.0,
        0.9999999248025769,
        0.9999994187765352,
        0.999999412784128
      ],
      [
        0.999999806788293,
        1.0,
        0.999973043384994,
        0.9999967463294017
      ],
      [
        0.9999998180455826,
        0.9999780874687433,
        1.0,
        0.9999058805895961
      ],
      [
        0.9999997189905958,
        0.9999858775330078,
        0.9999740662011316,
        1.0
      ]
    ]
  },
  "combine": {
    "alpha_ms": [
      [
        0.0,
        -32.206336902436774,
        -31.727341424851186,
        -32.41710408528645
      ],
      [
        -32.232694789341465,
        0.0,
        -0.21215674990700126,
        -0.037505231584834604
      ],
      [
        -31.728094482421863,
        -0.2341157459077455,
        0.0,
        -0.5522306896391433
      ],
      [
        -32.37092779250369,
        0.19888770693825789,
        0.023926943824404762,
        0.0
      ]
    ],
    "beta_ms_per_byte": [
      [
        0.0,
        1.0268899033747846e-05,
        1.036403127872045e-05,
        1.026885842697488e-05
      ],
      [
        1.0270273265805802e-05,
        0.0,
        1.4723566155658942e-06,
        1.4909238661713304e-06
      ],
      [
        1.0376338064411861e-05,
        1.4783649165774623e-06,
        0.0,
        1.4905912047695545e-06
      ],
      [
        1.0265858676691079e-05,
        1.4819698186502561e-06,
        1.4286535646071626e-06,
        0.0
      ]
    ],
    "r_squared": [
      [
        1.0,
        0.9930210960412263,
        0.9942633342203625,
        0.9929898836000699
      ],
      [
        0.9930754903870038,
        1.0,
        0.9931796861923045,
        0.9945833211555926
      ],
      [
        0.9943054962318713,
        0.9934230545982391,
        1.0,
        0.9794322371914757
      ],
      [
        0.9929952093967459,
        0.9948728756223444,
        0.994849031974553,
        1.0
      ]
    ]
  },
  "preprocess": {
    "latency_ms": [
      [
        2.398999026231468,
        3.1757263923891705,
        3.140142544979851,
        3.1533640055606753
      ]
    ]
  }
}