{
  "run_id": "20250915_121914",
  "timestamp_unix": 1757939181.5179436,
  "timestamp_iso": "2025-09-15T12:26:21+0000",
  "rank": 0,
  "dispatch": {
    "alpha_ms": [
      [
        0.0,
        2.59280016585478,
        2.373642279491568,
        2.4036563615714113
      ]
    ],
    "beta_ms_per_byte": [
      [
        0.0,
        5.578067970222009e-06,
        5.578525844662862e-06,
        5.578492568032685e-06
      ]
    ],
    "r_squared": [
      [
        1.0,
        0.9999999248025769,
        0.9999994187765352,
        0.999999412784128
      ]
    ]
  },
  "combine": {
    "alpha_ms": [
      [
        0.0
      ],
      [
        -32.232694789341465
      ],
      [
        -31.728094482421863
      ],
      [
        -32.37092779250369
      ]
    ],
    "beta_ms_per_byte": [
      [
        0.0
      ],
      [
        1.0270273265805802e-05
      ],
      [
        1.0376338064411861e-05
      ],
      [
        1.0265858676691079e-05
      ]
    ],
    "r_squared": [
      [
        1.0
      ],
      [
        0.9930754903870038
      ],
      [
        0.9943054962318713
      ],
      [
        0.9929952093967459
      ]
    ]
  },
  "preprocess": {
    "latency_ms": [
      [
        2.398999026231468
      ]
    ]
  }
}