{
  "run_id": "20250915_121914",
  "timestamp_unix": 1757939181.5187073,
  "timestamp_iso": "2025-09-15T12:26:21+0000",
  "rank": 1,
  "dispatch": {
    "alpha_ms": [
      [
        0.0,
        0.0,
        0.0,
        0.0
      ],
      [
        2.5475719985508007,
        0.0,
        2.8252873700999106,
        2.8927584258573464
      ]
    ],
    "beta_ms_per_byte": [
      [
        0.0,
        0.0,
        0.0,
        0.0
      ],
      [
        5.580360297918557e-06,
        0.0,
        8.396001202560002e-07,
        8.400173527525267e-07
      ]
    ],
    "r_squared": [
      [
        1.0,
        1.0,
        1.0,
        1.0
      ],
      [
        0.999999806788293,
        1.0,
        0.999973043384994,
        0.9999967463294017
      ]
    ]
  },
  "combine": {
    "alpha_ms": [
      [
        0.0,
        -32.206336902436774
      ],
      [
        0.0,
        0.0
      ],
      [
        0.0,
        -0.2341157459077455
      ],
      [
        0.0,
        0.19888770693825789
      ]
    ],
    "beta_ms_per_byte": [
      [
        0.0,
        1.0268899033747846e-05
      ],
      [
        0.0,
        0.0
      ],
      [
        0.0,
        1.4783649165774623e-06
      ],
      [
        0.0,
        1.4819698186502561e-06
      ]
    ],
    "r_squared": [
      [
        1.0,
        0.9930210960412263
      ],
      [
        1.0,
        1.0
      ],
      [
        1.0,
        0.9934230545982391
      ],
      [
        1.0,
        0.9948728756223444
      ]
    ]
  },
  "preprocess": {
    "latency_ms": [
      [
        3.1757263923891705
      ]
    ]
  }
}