{
  "run_id": "20250915_121914",
  "timestamp_unix": 1757939181.5194747,
  "timestamp_iso": "2025-09-15T12:26:21+0000",
  "rank": 2,
  "dispatch": {
    "alpha_ms": [
      [
        0.0,
        0.0,
        0.0,
        0.0
      ],
      [
        0.0,
        0.0,
        0.0,
        0.0
      ],
      [
        2.3667013066865463,
        2.8024822680723145,
        0.0,
        1.8118611291760534
      ]
    ],
    "beta_ms_per_byte": [
      [
        0.0,
        0.0,
        0.0,
        0.0
      ],
      [
        0.0,
        0.0,
        0.0,
        0.0
      ],
      [
        5.58166733215589e-06,
        8.426892059135663e-07,
        0.0,
        8.417690395199727e-07
      ]
    ],
    "r_squared": [
      [
        1.0,
        1.0,
        1.0,
        1.0
      ],
      [
        1.0,
        1.0,
        1.0,
        1.0
      ],
      [
        0.9999998180455826,
        0.9999780874687433,
        1.0,
        0.9999058805895961
      ]
    ]
  },
  "combine": {
    "alpha_ms": [
      [
        0.0,
        0.0,
        -31.727341424851186
      ],
      [
        0.0,
        0.0,
        -0.21215674990700126
      ],
      [
        0.0,
        0.0,
        0.0
      ],
      [
        0.0,
        0.0,
        0.023926943824404762
      ]
    ],
    "beta_ms_per_byte": [
      [
        0.0,
        0.0,
        1.036403127872045e-05
      ],
      [
        0.0,
        0.0,
        1.4723566155658942e-06
      ],
      [
        0.0,
        0.0,
        0.0
      ],
      [
        0.0,
        0.0,
        1.4286535646071626e-06
      ]
    ],
    "r_squared": [
      [
        1.0,
        1.0,
        0.9942633342203625
      ],
      [
        1.0,
        1.0,
        0.9931796861923045
      ],
      [
        1.0,
        1.0,
        1.0
      ],
      [
        1.0,
        1.0,
        0.994849031974553
      ]
    ]
  },
  "preprocess": {
    "latency_ms": [
      [
        3.140142544979851
      ]
    ]
  }
}