{
  "run_id": "20250909_045638",
  "timestamp_unix": 1757395255.3364997,
  "timestamp_iso": "2025-09-09T05:20:55+0000",
  "dispatch": {
    "alpha_ms": [
      [
        0.0,
        0.838454500747588,
        0.0,
        0.0
      ],
      [
        0.8272576278634068,
        0.0,
        0.23236298788169127,
        0.7754464392184868
      ],
      [
        0.8144324505692796,
        0.6937220590324499,
        0.0,
        0.533577443245573
      ],
      [
        0.7685286476638189,
        0.7692397425592296,
        0.6906885172995412,
        0.0
      ]
    ],
    "beta_ms_per_byte": [
      [
        0.0,
        3.182317898711714e-06,
        0.0,
        0.0
      ],
      [
        2.9842403192308524e-07,
        0.0,
        1.1841977763820565e-06,
        9.472722527760972e-07
      ],
      [
        3.0172702404990866e-07,
        2.3721626654972143e-07,
        0.0,
        1.0502070889155022e-06
      ],
      [
        3.0196545482703833e-07,
        2.3302596873424315e-07,
        1.7087521675494e-07,
        0.0
      ]
    ],
    "r_squared": [
      [
        1.0,
        0.9882796463599574,
        1.0,
        1.0
      ],
      [
        0.9968500906653958,
        1.0,
        0.9705376307129899,
        0.994735611732603
      ],
      [
        0.9970499267970475,
        0.9890442125056101,
        1.0,
        0.9862525728220398
      ],
      [
        0.9957998332506165,
        0.988823896576167,
        0.9978075172603569,
        1.0
      ]
    ]
  },
  "combine": {
    "alpha_ms": [
      [
        0.0,
        0.3515552908410225,
        0.0,
        0.0
      ],
      [
        0.2941594125683853,
        0.0,
        -0.20680129251686638,
        -0.029605624107596398
      ],
      [
        0.16446827246497692,
        0.2782538953550187,
        0.0,
        0.15957444076995644
      ],
      [
        0.2459478690879505,
        0.3306371266744038,
        0.3099436209801081,
        0.0
      ]
    ],
    "beta_ms_per_byte": [
      [
        0.0,
        3.006296312309886e-06,
        0.0,
        0.0
      ],
      [
        2.986804739012832e-07,
        0.0,
        1.1662920286382387e-06,
        1.0498045659386013e-06
      ],
      [
        3.090383968516029e-07,
        2.3321502396312987e-07,
        0.0,
        1.0097732182578443e-06
      ],
      [
        3.0257239002418716e-07,
        2.300244309305795e-07,
        1.688412045404776e-07,
        0.0
      ]
    ],
    "r_squared": [
      [
        1.0,
        0.9913521047298738,
        1.0,
        1.0
      ],
      [
        0.9977314015025809,
        1.0,
        0.9724742773577127,
        0.9566644855966449
      ],
      [
        0.9988865446865884,
        0.9971164478060842,
        1.0,
        0.985592431892525
      ],
      [
        0.9983007138686698,
        0.9935596643148585,
        0.9971279035338613,
        1.0
      ]
    ]
  },
  "preprocess": {
    "latency_ms": [
      [
        0.23864344358444214,
        0.2383001923561096,
        0.24597860336303706,
        0.24018365542093914
      ]
    ]
  }
}