{
  "run_id": "20250910_075308",
  "timestamp_unix": 1757490792.2618492,
  "timestamp_iso": "2025-09-10T07:53:12+0000",
  "dispatch": {
    "alpha_ms": [
      [
        0.0,
        0.5409713806020163,
        0.10177325577966663,
        0.4568307150778724
      ],
      [
        0.5443319358499703,
        0.0,
        0.6986600669437723,
        -0.19888818720317972
      ],
      [
        -0.726542957271631,
        0.7042118066013147,
        0.0,
        0.6892586267334576
      ],
      [
        0.23952025441244307,
        0.23183160641503506,
        0.5433148147432747,
        0.0
      ]
    ],
    "beta_ms_per_byte": [
      [
        0.0,
        2.839955863405344e-07,
        1.5558093797472537e-07,
        2.7062648816685834e-07
      ],
      [
        2.7891107593465023e-07,
        0.0,
        1.8739125028605393e-07,
        2.0003456328341562e-07
      ],
      [
        2.4328470034158477e-07,
        1.87399265662557e-07,
        0.0,
        2.7361180234139515e-07
      ],
      [
        2.7570177083261303e-07,
        1.4759114473396798e-07,
        2.8377328412441946e-07,
        0.0
      ]
    ],
    "r_squared": [
      [
        1.0,
        0.9980134178226692,
        0.9970211146772108,
        0.9989382455228676
      ],
      [
        0.9995409643151317,
        1.0,
        0.9987751080548882,
        0.9928860077780155
      ],
      [
        0.9913142283912305,
        0.9986973759231759,
        1.0,
        0.9995273866555912
      ],
      [
        0.9998514077222569,
        0.9990961205682792,
        0.9991038285249879,
        1.0
      ]
    ]
  },
  "combine": {
    "alpha_ms": [
      [
        0.0,
        0.2549867613966267,
        0.7182905803222108,
        -0.03296594673418286
      ],
      [
        -0.2772721798157945,
        0.0,
        0.12031216213388912,
        0.27537057351273037
      ],
      [
        1.2974366578735999,
        0.1410476975545136,
        0.0,
        -0.4140397839218
      ],
      [
        0.5527304911244453,
        0.6405280199456167,
        -0.09067095249449025,
        0.0
      ]
    ],
    "beta_ms_per_byte": [
      [
        0.0,
        2.536628374203214e-07,
        2.1551449436636539e-07,
        3.001963963374883e-07
      ],
      [
        2.7755108731788254e-07,
        0.0,
        1.8599977020859574e-07,
        3.8136333448509735e-07
      ],
      [
        2.86021150482482e-07,
        1.7962622802654676e-07,
        0.0,
        2.969198420701843e-07
      ],
      [
        2.6029296111819265e-07,
        2.176232914924732e-07,
        2.8355391258868305e-07,
        0.0
      ]
    ],
    "r_squared": [
      [
        1.0,
        0.9993029271174801,
        0.9992984365099291,
        0.9983897966908848
      ],
      [
        0.9959661969559223,
        1.0,
        0.9992859688608755,
        0.9948017490615376
      ],
      [
        0.999466657414981,
        0.9988803570388963,
        1.0,
        0.9936436868849021
      ],
      [
        0.996243928360324,
        0.9983349581297133,
        0.9978874787732168,
        1.0
      ]
    ]
  },
  "preprocess": {
    "latency_ms": [
      [
        0.2532967917233085,
        0.3413686500086139,
        0.3882432166797419,
        0.27666386667018134
      ]
    ]
  }
}