{
  "run_id": "20250908_122945",
  "timestamp_unix": 1757334589.8010557,
  "timestamp_iso": "2025-09-08T12:29:49+0000",
  "dispatch": {
    "alpha_ms": [
      [
        0.0,
        0.956995052654248,
        0.8035576129892745,
        0.7542330944586404
      ],
      [
        0.9510147639131725,
        0.0,
        0.8667088074240122,
        0.7532417947303255
      ],
      [
        0.9648690164491424,
        0.8706710193160405,
        0.0,
        0.8145077596630944
      ],
      [
        0.9349882535767159,
        0.795907736854194,
        0.830915068743522,
        0.0
      ]
    ],
    "beta_ms_per_byte": [
      [
        0.0,
        3.315751417845139e-07,
        3.150169303464773e-07,
        3.196725716910592e-07
      ],
      [
        3.2641684951280633e-07,
        0.0,
        3.314893326713901e-07,
        3.180586125245716e-07
      ],
      [
        3.098789800022387e-07,
        3.312837941536082e-07,
        0.0,
        3.323284170743313e-07
      ],
      [
        3.1021669360374243e-07,
        3.1321151737300947e-07,
        3.3722545771021965e-07,
        0.0
      ]
    ],
    "r_squared": [
      [
        1.0,
        0.9999009282113971,
        0.9998601151758612,
        0.999716275163454
      ],
      [
        0.99990466743534,
        1.0,
        0.9999132258552876,
        0.9997491454959138
      ],
      [
        0.9999754947185995,
        0.9999355441756262,
        1.0,
        0.9998594669451075
      ],
      [
        0.999883783590577,
        0.9999745834477548,
        0.9998320911135066,
        1.0
      ]
    ]
  },
  "combine": {
    "alpha_ms": [
      [
        0.0,
        0.21214375849838432,
        0.3387172915835757,
        0.283699669625592
      ],
      [
        0.23936929921550323,
        0.0,
        0.2647044345917478,
        0.298024244926235
      ],
      [
        0.22700611917596086,
        0.2784779168333574,
        0.0,
        0.23334693908691162
      ],
      [
        0.2698716630819804,
        0.39932196362298594,
        0.2178713359009076,
        0.0
      ]
    ],
    "beta_ms_per_byte": [
      [
        0.0,
        3.3319625410168886e-07,
        3.4400248741342675e-07,
        3.5945269397145905e-07
      ],
      [
        3.388536213427984e-07,
        0.0,
        3.2917079039851167e-07,
        3.61995690603829e-07
      ],
      [
        3.5503636265507926e-07,
        3.2788383424935663e-07,
        0.0,
        3.4779573720048325e-07
      ],
      [
        3.5544762122015257e-07,
        3.4609952947647196e-07,
        3.4389652817713117e-07,
        0.0
      ]
    ],
    "r_squared": [
      [
        1.0,
        0.9999198714154671,
        0.9999862357695555,
        0.9997963979914952
      ],
      [
        0.9999162170157887,
        1.0,
        0.999995015439285,
        0.9996782744702133
      ],
      [
        0.9998819743862959,
        0.9999834189153572,
        1.0,
        0.9997505239006135
      ],
      [
        0.9998670919545234,
        0.9999054617098242,
        0.9997086282244697,
        1.0
      ]
    ]
  },
  "preprocess": {
    "latency_ms": [
      [
        0.25363680521647136,
        0.2512099742889405,
        0.25079694588979085,
        0.2513253649075826
      ]
    ]
  }
}