{
  "run_id": "20250912_024752",
  "timestamp_unix": 1757645318.6949837,
  "timestamp_iso": "2025-09-12T02:48:38+0000",
  "dispatch": {
    "alpha_ms": [
      [
        0.0,
        0.7522820637962323,
        0.7545144491797229,
        0.7554106572605126
      ],
      [
        0.7540354514138777,
        0.0,
        0.7562678197837509,
        0.7571643637953078
      ],
      [
        0.680987972580179,
        0.6832182595525643,
        0.0,
        0.6841130129625327
      ],
      [
        0.7273003213288103,
        0.729539543208952,
        0.7304352424913608,
        0.0
      ]
    ],
    "beta_ms_per_byte": [
      [
        0.0,
        1.014722002708761e-06,
        1.014615255645702e-06,
        1.014720680722845e-06
      ],
      [
        1.0147202047214646e-06,
        0.0,
        1.0146134599210471e-06,
        1.0147188312039827e-06
      ],
      [
        1.0138284575977026e-06,
        1.0137218255920462e-06,
        0.0,
        1.0138272635378854e-06
      ],
      [
        1.0160821487652804e-06,
        1.0159746481973803e-06,
        1.016080486050672e-06,
        0.0
      ]
    ],
    "r_squared": [
      [
        1.0,
        0.9999593538262889,
        0.9999582277528617,
        0.9999567483218891
      ],
      [
        0.9999560326609479,
        1.0,
        0.9999549106783389,
        0.9999533255971554
      ],
      [
        0.9999781082969658,
        0.9999770237472722,
        1.0,
        0.9999757528038531
      ],
      [
        0.9999206564528105,
        0.9999183288770864,
        0.9999173839195316,
        1.0
      ]
    ]
  },
  "combine": {
    "alpha_ms": [
      [
        0.0,
        0.3049436672851128,
        0.307115398550557,
        0.30798328889409254
      ],
      [
        0.29565597928804827,
        0.0,
        0.29781387705430523,
        0.2986789447103046
      ],
      [
        0.3103742881406392,
        0.31252548039704753,
        0.0,
        0.3133802342142408
      ],
      [
        0.29495138216480826,
        0.2971124024651625,
        0.29797891134485316,
        0.0
      ]
    ],
    "beta_ms_per_byte": [
      [
        0.0,
        9.890495533552016e-07,
        9.889458331429814e-07,
        9.890493528151187e-07
      ],
      [
        9.836937957292755e-07,
        0.0,
        9.835909667345214e-07,
        9.836936275106364e-07
      ],
      [
        9.787673261077503e-07,
        9.786643601737107e-07,
        0.0,
        9.78767457612157e-07
      ],
      [
        9.851973124032807e-07,
        9.850943541645988e-07,
        9.851971529360146e-07,
        0.0
      ]
    ],
    "r_squared": [
      [
        1.0,
        0.9999889870200313,
        0.9999885205007601,
        0.9999885815037397
      ],
      [
        0.9999846396076084,
        1.0,
        0.9999848432099256,
        0.9999842975986607
      ],
      [
        0.9999833711707011,
        0.9999822425300384,
        1.0,
        0.999983639880589
      ],
      [
        0.9999921269012759,
        0.9999923871977158,
        0.9999918031772963,
        1.0
      ]
    ]
  },
  "preprocess": {
    "latency_ms": [
      [
        3.13517762919267,
        1.6779247493793568,
        0.2702567911396424,
        0.8324689619243144
      ]
    ]
  }
}