{
  "run_id": "20250908_124051",
  "timestamp_unix": 1757335258.483531,
  "timestamp_iso": "2025-09-08T12:40:58+0000",
  "preprocess_ms_per_rank": {
    "3": [
      0.2924182891845703,
      0.22802391052246093,
      0.23366594314575195,
      0.23549628257751465,
      0.2265758991241455,
      0.25127077102661133,
      0.2386932373046875,
      0.26337738037109376,
      0.22870068550109862,
      0.23623814582824706,
      0.24615979194641113,
      0.24618611335754395
    ]
  },
  "dispatch_ms_per_edge": {
    "3-0": [
      [
        16793600,
        6.130354022979736
      ],
      [
        33587200,
        11.377836418151855
      ],
      [
        51430400,
        17.055110931396484
      ],
      [
        67174400,
        22.14465751647949
      ]
    ],
    "3-1": [
      [
        16793600,
        5.972352695465088
      ],
      [
        33587200,
        11.280763006210327
      ],
      [
        51430400,
        16.962333393096923
      ],
      [
        67174400,
        22.06901173591614
      ]
    ],
    "3-2": [
      [
        16793600,
        6.443417167663574
      ],
      [
        33587200,
        12.157377910614013
      ],
      [
        51430400,
        18.227645492553712
      ],
      [
        67174400,
        23.6729594707489
      ]
    ]
  },
  "combine_ms_per_edge": {
    "3-0": [
      [
        16777216,
        6.20575098991394
      ],
      [
        33554432,
        12.159635877609253
      ],
      [
        51380224,
        18.638484144210814
      ],
      [
        67108864,
        24.202364587783812
      ]
    ],
    "3-1": [
      [
        16777216,
        6.175632667541504
      ],
      [
        33554432,
        12.116878032684326
      ],
      [
        51380224,
        18.447275733947755
      ],
      [
        67108864,
        23.830929803848267
      ]
    ],
    "3-2": [
      [
        16777216,
        5.964735221862793
      ],
      [
        33554432,
        11.731793117523193
      ],
      [
        51380224,
        18.050608587265014
      ],
      [
        67108864,
        23.480305433273315
      ]
    ]
  }
}