{
  "run_id": "20250908_124051",
  "timestamp_unix": 1757335258.4835317,
  "timestamp_iso": "2025-09-08T12:40:58+0000",
  "preprocess_ms_per_rank": {
    "0": [
      0.28775200843811033,
      0.3449995040893555,
      0.23326725959777833,
      0.23353815078735352,
      0.2594449996948242,
      0.24888973236083983,
      0.2388932704925537,
      0.28294596672058103,
      0.2257638931274414,
      0.234375,
      0.3338280200958252,
      0.24580163955688478
    ]
  },
  "dispatch_ms_per_edge": {
    "0-1": [
      [
        16793600,
        6.531183195114136
      ],
      [
        33587200,
        12.145391368865967
      ],
      [
        51430400,
        18.217894124984742
      ],
      [
        67174400,
        23.610649013519286
      ]
    ],
    "0-2": [
      [
        16793600,
        5.925313568115234
      ],
      [
        33587200,
        11.252040576934814
      ],
      [
        51430400,
        16.995060539245607
      ],
      [
        67174400,
        21.9698796749115
      ]
    ],
    "0-3": [
      [
        16793600,
        6.033355760574341
      ],
      [
        33587200,
        11.352817726135253
      ],
      [
        51430400,
        16.96175832748413
      ],
      [
        67174400,
        22.224794626235962
      ]
    ]
  },
  "combine_ms_per_edge": {
    "0-1": [
      [
        16777216,
        5.848486042022705
      ],
      [
        33554432,
        11.39820318222046
      ],
      [
        51380224,
        17.43767580986023
      ],
      [
        67108864,
        22.77131791114807
      ]
    ],
    "0-2": [
      [
        16777216,
        6.23916392326355
      ],
      [
        33554432,
        12.126193380355835
      ],
      [
        51380224,
        18.318071937561037
      ],
      [
        67108864,
        23.850838565826415
      ]
    ],
    "0-3": [
      [
        16777216,
        6.391745138168335
      ],
      [
        33554432,
        12.510416269302368
      ],
      [
        51380224,
        19.308574199676514
      ],
      [
        67108864,
        24.937053632736205
      ]
    ]
  }
}