{
  "run_id": "20250908_124051",
  "timestamp_unix": 1757335258.483537,
  "timestamp_iso": "2025-09-08T12:40:58+0000",
  "preprocess_ms_per_rank": {
    "1": [
      0.2804099559783936,
      0.22561240196228027,
      0.23271303176879882,
      0.23670215606689454,
      0.22598633766174317,
      0.2483231544494629,
      0.23868227005004883,
      0.26300888061523436,
      0.2310431957244873,
      0.23729996681213378,
      0.24610724449157714,
      0.2453463077545166
    ]
  },
  "dispatch_ms_per_edge": {
    "1-0": [
      [
        16793600,
        6.434840869903565
      ],
      [
        33587200,
        11.947780799865722
      ],
      [
        51430400,
        17.91659140586853
      ],
      [
        67174400,
        23.203913497924805
      ]
    ],
    "1-2": [
      [
        16793600,
        6.352432298660278
      ],
      [
        33587200,
        11.99420337677002
      ],
      [
        51430400,
        18.087472105026244
      ],
      [
        67174400,
        23.35189175605774
      ]
    ],
    "1-3": [
      [
        16793600,
        6.057216930389404
      ],
      [
        33587200,
        11.46321997642517
      ],
      [
        51430400,
        17.1149040222168
      ],
      [
        67174400,
        22.18986506462097
      ]
    ]
  },
  "combine_ms_per_edge": {
    "1-0": [
      [
        16777216,
        5.800322151184082
      ],
      [
        33554432,
        11.452132320404052
      ],
      [
        51380224,
        17.515904664993286
      ],
      [
        67108864,
        22.82847466468811
      ]
    ],
    "1-2": [
      [
        16777216,
        5.7332957744598385
      ],
      [
        33554432,
        11.236519813537598
      ],
      [
        51380224,
        17.05815191268921
      ],
      [
        67108864,
        22.264260387420656
      ]
    ],
    "1-3": [
      [
        16777216,
        6.304572534561157
      ],
      [
        33554432,
        12.262767839431763
      ],
      [
        51380224,
        18.93144760131836
      ],
      [
        67108864,
        24.591385459899904
      ]
    ]
  }
}