{
  "run_id": "20250908_124051",
  "timestamp_unix": 1757335258.483546,
  "timestamp_iso": "2025-09-08T12:40:58+0000",
  "preprocess_ms_per_rank": {
    "2": [
      0.32384963035583497,
      0.2281177520751953,
      0.2347322940826416,
      0.2368946075439453,
      0.22628488540649414,
      0.24963946342468263,
      0.2409964084625244,
      0.2624870777130127,
      0.23017096519470215,
      0.2385634422302246,
      0.24867053031921388,
      0.2467806339263916
    ]
  },
  "dispatch_ms_per_edge": {
    "2-0": [
      [
        16793600,
        6.173991346359253
      ],
      [
        33587200,
        11.433881616592407
      ],
      [
        51430400,
        17.07294659614563
      ],
      [
        67174400,
        22.13841133117676
      ]
    ],
    "2-1": [
      [
        16793600,
        6.345471286773682
      ],
      [
        33587200,
        11.990591287612915
      ],
      [
        51430400,
        18.085770082473754
      ],
      [
        67174400,
        23.349819278717042
      ]
    ],
    "2-3": [
      [
        16793600,
        6.340570688247681
      ],
      [
        33587200,
        11.968283414840698
      ],
      [
        51430400,
        17.929992151260375
      ],
      [
        67174400,
        23.279304361343385
      ]
    ]
  },
  "combine_ms_per_edge": {
    "2-0": [
      [
        16777216,
        6.175302600860595
      ],
      [
        33554432,
        12.036732959747315
      ],
      [
        51380224,
        18.514913511276244
      ],
      [
        67108864,
        24.07358832359314
      ]
    ],
    "2-1": [
      [
        16777216,
        5.775583124160766
      ],
      [
        33554432,
        11.33347420692444
      ],
      [
        51380224,
        17.269226551055908
      ],
      [
        67108864,
        22.475797414779663
      ]
    ],
    "2-3": [
      [
        16777216,
        6.048207998275757
      ],
      [
        33554432,
        11.846672582626343
      ],
      [
        51380224,
        18.24380202293396
      ],
      [
        67108864,
        23.73379702568054
      ]
    ]
  }
}