{
  "run_id": "20250915_144109",
  "timestamp_unix": 1757947402.2448802,
  "timestamp_iso": "2025-09-15T14:43:22+0000",
  "rank": 3,
  "preprocess": {
    "latency_ms": [
      [
        0.0
      ]
    ]
  },
  "coarse_total": {
    "alpha_ms": [
      [
        0.0,
        0.0,
        0.0
      ],
      [
        0.0,
        0.0,
        0.0
      ],
      [
        0.0,
        0.0,
        0.0
      ],
      [
        2.028240935007762,
        3.987259757518764,
        2.925977661212288
      ]
    ],
    "beta_ms_per_byte": [
      [
        0.0,
        0.0,
        0.0
      ],
      [
        0.0,
        0.0,
        0.0
      ],
      [
        0.0,
        0.0,
        0.0
      ],
      [
        1.1173124530418993e-05,
        1.6491125585792859e-06,
        1.6480405636095516e-06
      ]
    ],
    "r_squared": [
      [
        1.0,
        1.0,
        1.0
      ],
      [
        1.0,
        1.0,
        1.0
      ],
      [
        1.0,
        1.0,
        1.0
      ],
      [
        0.9999998244963313,
        0.9995899149616961,
        0.9988579312766568
      ]
    ]
  },
  "dispatch": {
    "alpha_ms": [],
    "beta_ms_per_byte": [],
    "r_squared": []
  },
  "combine": {
    "alpha_ms": [],
    "beta_ms_per_byte": [],
    "r_squared": []
  }
}