{
  "run_id": "20250915_144109",
  "timestamp_unix": 1757947402.242921,
  "timestamp_iso": "2025-09-15T14:43:22+0000",
  "coarse_total": {
    "alpha_ms": [
      [
        0.0,
        2.2530183394750316,
        2.0596026261647897,
        2.0920868476232384
      ],
      [
        2.147507596015938,
        0.0,
        3.63238405585289,
        3.444362620512641
      ],
      [
        2.0586855332056033,
        3.2483434319496243,
        0.0,
        3.421414440870283
      ],
      [
        2.028240935007762,
        3.987259757518764,
        2.925977661212288,
        0.0
      ]
    ],
    "beta_ms_per_byte": [
      [
        0.0,
        1.1170995888019252e-05,
        1.1170624329728307e-05,
        1.1174331948324673e-05
      ],
      [
        1.1176328152281885e-05,
        0.0,
        1.6632914837043332e-06,
        1.6731700890999176e-06
      ],
      [
        1.1170715323328541e-05,
        1.6749842131957841e-06,
        0.0,
        1.6373924973051188e-06
      ],
      [
        1.1173124530418993e-05,
        1.6491125585792859e-06,
        1.6480405636095516e-06,
        0.0
      ]
    ],
    "r_squared": [
      [
        1.0,
        0.9999997776486692,
        0.9999997725860759,
        0.999999949604018
      ],
      [
        0.9999999774133531,
        1.0,
        0.9989655446419565,
        0.9995189934822438
      ],
      [
        0.9999994502124968,
        0.9996464036295762,
        1.0,
        0.9991148632727292
      ],
      [
        0.9999998244963313,
        0.9995899149616961,
        0.9988579312766568,
        1.0
      ]
    ]
  },
  "dispatch": {
    "alpha_ms": [],
    "beta_ms_per_byte": [],
    "r_squared": []
  },
  "combine": {
    "alpha_ms": [],
    "beta_ms_per_byte": [],
    "r_squared": []
  },
  "preprocess": {
    "latency_ms": [
      [
        0.0,
        0.0,
        0.0,
        0.0
      ]
    ]
  }
}