{
  "run_id": "20250915_144109",
  "timestamp_unix": 1757947402.244416,
  "timestamp_iso": "2025-09-15T14:43:22+0000",
  "rank": 2,
  "preprocess": {
    "latency_ms": [
      [
        0.0
      ]
    ]
  },
  "coarse_total": {
    "alpha_ms": [
      [
        0.0,
        0.0,
        0.0,
        0.0
      ],
      [
        0.0,
        0.0,
        0.0,
        0.0
      ],
      [
        2.0586855332056033,
        3.2483434319496243,
        0.0,
        3.421414440870283
      ]
    ],
    "beta_ms_per_byte": [
      [
        0.0,
        0.0,
        0.0,
        0.0
      ],
      [
        0.0,
        0.0,
        0.0,
        0.0
      ],
      [
        1.1170715323328541e-05,
        1.6749842131957841e-06,
        0.0,
        1.6373924973051188e-06
      ]
    ],
    "r_squared": [
      [
        1.0,
        1.0,
        1.0,
        1.0
      ],
      [
        1.0,
        1.0,
        1.0,
        1.0
      ],
      [
        0.9999994502124968,
        0.9996464036295762,
        1.0,
        0.9991148632727292
      ]
    ]
  },
  "dispatch": {
    "alpha_ms": [],
    "beta_ms_per_byte": [],
    "r_squared": []
  },
  "combine": {
    "alpha_ms": [],
    "beta_ms_per_byte": [],
    "r_squared": []
  }
}