{
  "run_id": "20250915_144109",
  "timestamp_unix": 1757947402.243487,
  "timestamp_iso": "2025-09-15T14:43:22+0000",
  "rank": 0,
  "preprocess": {
    "latency_ms": [
      [
        0.0
      ]
    ]
  },
  "coarse_total": {
    "alpha_ms": [
      [
        0.0,
        2.2530183394750316,
        2.0596026261647897,
        2.0920868476232384
      ]
    ],
    "beta_ms_per_byte": [
      [
        0.0,
        1.1170995888019252e-05,
        1.1170624329728307e-05,
        1.1174331948324673e-05
      ]
    ],
    "r_squared": [
      [
        1.0,
        0.9999997776486692,
        0.9999997725860759,
        0.999999949604018
      ]
    ]
  },
  "dispatch": {
    "alpha_ms": [],
    "beta_ms_per_byte": [],
    "r_squared": []
  },
  "combine": {
    "alpha_ms": [],
    "beta_ms_per_byte": [],
    "r_squared": []
  }
}