{
  "run_id": "20250915_144109",
  "timestamp_unix": 1757947402.2439523,
  "timestamp_iso": "2025-09-15T14:43:22+0000",
  "rank": 1,
  "preprocess": {
    "latency_ms": [
      [
        0.0
      ]
    ]
  },
  "coarse_total": {
    "alpha_ms": [
      [
        0.0,
        0.0,
        0.0,
        0.0
      ],
      [
        2.147507596015938,
        0.0,
        3.63238405585289,
        3.444362620512641
      ]
    ],
    "beta_ms_per_byte": [
      [
        0.0,
        0.0,
        0.0,
        0.0
      ],
      [
        1.1176328152281885e-05,
        0.0,
        1.6632914837043332e-06,
        1.6731700890999176e-06
      ]
    ],
    "r_squared": [
      [
        1.0,
        1.0,
        1.0,
        1.0
      ],
      [
        0.9999999774133531,
        1.0,
        0.9989655446419565,
        0.9995189934822438
      ]
    ]
  },
  "dispatch": {
    "alpha_ms": [],
    "beta_ms_per_byte": [],
    "r_squared": []
  },
  "combine": {
    "alpha_ms": [],
    "beta_ms_per_byte": [],
    "r_squared": []
  }
}