{
  "run_id": "20250910_074154",
  "timestamp_unix": 1757490134.2710667,
  "timestamp_iso": "2025-09-10T07:42:14+0000",
  "preprocess_ms_per_rank": {
    "3": [
      1.5009227600321173,
      3.0311529198661447,
      4.421973319798708,
      5.899121880047023
    ]
  },
  "dispatch_ms_per_edge": {
    "3-0": [
      [
        2800300,
        2.721763079985976
      ],
      [
        5600600,
        4.650971200093627
      ],
      [
        8396800,
        6.623709319867194
      ],
      [
        11197100,
        8.5757325200364
      ]
    ],
    "3-1": [
      [
        2800300,
        2.721763079985976
      ],
      [
        5596500,
        4.650971200093627
      ],
      [
        8396800,
        6.623709319867194
      ],
      [
        11197100,
        8.5757325200364
      ]
    ],
    "3-2": [
      [
        2796200,
        2.721763079985976
      ],
      [
        5596500,
        4.650971200093627
      ],
      [
        8396800,
        6.623709319867194
      ],
      [
        11193000,
        8.5757325200364
      ]
    ]
  },
  "combine_ms_per_edge": {
    "3-0": [
      [
        2797568,
        2.2092331599444153
      ],
      [
        5595136,
        4.10432928018272
      ],
      [
        8388608,
        5.989548560082913
      ],
      [
        11186176,
        7.879777640067041
      ]
    ],
    "3-1": [
      [
        2797568,
        2.2092331599444153
      ],
      [
        5591040,
        4.10432928018272
      ],
      [
        8388608,
        5.989548560082913
      ],
      [
        11186176,
        7.879777640067041
      ]
    ],
    "3-2": [
      [
        2793472,
        2.2092331599444153
      ],
      [
        5591040,
        4.10432928018272
      ],
      [
        8388608,
        5.989548560082913
      ],
      [
        11182080,
        7.879777640067041
      ]
    ]
  }
}