{
  "run_id": "20250910_074154",
  "timestamp_unix": 1757490134.2710698,
  "timestamp_iso": "2025-09-10T07:42:14+0000",
  "preprocess_ms_per_rank": {
    "1": [
      1.1401019598543645,
      2.3679249999672174,
      3.4616681998968124,
      4.586128119938076
    ]
  },
  "dispatch_ms_per_edge": {
    "1-0": [
      [
        2800300,
        2.7301280400529504
      ],
      [
        5600600,
        4.653914599716663
      ],
      [
        8396800,
        6.625202200077474
      ],
      [
        11197100,
        8.57870300002396
      ]
    ],
    "1-2": [
      [
        2800300,
        2.7301280400529504
      ],
      [
        5596500,
        4.653914599716663
      ],
      [
        8396800,
        6.625202200077474
      ],
      [
        11197100,
        8.57870300002396
      ]
    ],
    "1-3": [
      [
        2796200,
        2.7301280400529504
      ],
      [
        5596500,
        4.653914599716663
      ],
      [
        8396800,
        6.625202200077474
      ],
      [
        11193000,
        8.57870300002396
      ]
    ]
  },
  "combine_ms_per_edge": {
    "1-0": [
      [
        2797568,
        2.2074114399030806
      ],
      [
        5595136,
        4.096366439945996
      ],
      [
        8388608,
        5.963543239980936
      ],
      [
        11186176,
        7.839189880155027
      ]
    ],
    "1-2": [
      [
        2797568,
        2.2074114399030806
      ],
      [
        5591040,
        4.096366439945996
      ],
      [
        8388608,
        5.963543239980936
      ],
      [
        11186176,
        7.839189880155027
      ]
    ],
    "1-3": [
      [
        2793472,
        2.2074114399030806
      ],
      [
        5591040,
        4.096366439945996
      ],
      [
        8388608,
        5.963543239980936
      ],
      [
        11182080,
        7.839189880155027
      ]
    ]
  }
}