{
  "run_id": "20250910_074154",
  "timestamp_unix": 1757490134.2710686,
  "timestamp_iso": "2025-09-10T07:42:14+0000",
  "preprocess_ms_per_rank": {
    "0": [
      1.1498392798006534,
      2.041035840027034,
      3.259734039828181,
      4.5341761601343755
    ]
  },
  "dispatch_ms_per_edge": {
    "0-1": [
      [
        2800300,
        2.731170239970088
      ],
      [
        5600600,
        4.654256639890373
      ],
      [
        8396800,
        6.625950720198452
      ],
      [
        11197100,
        8.577364760115742
      ]
    ],
    "0-2": [
      [
        2800300,
        2.731170239970088
      ],
      [
        5596500,
        4.654256639890373
      ],
      [
        8396800,
        6.625950720198452
      ],
      [
        11197100,
        8.577364760115742
      ]
    ],
    "0-3": [
      [
        2796200,
        2.731170239970088
      ],
      [
        5596500,
        4.654256639890373
      ],
      [
        8396800,
        6.625950720198452
      ],
      [
        11193000,
        8.577364760115742
      ]
    ]
  },
  "combine_ms_per_edge": {
    "0-1": [
      [
        2797568,
        2.2059251599386336
      ],
      [
        5595136,
        4.0906814401596785
      ],
      [
        8388608,
        5.970108680054546
      ],
      [
        11186176,
        7.84664995983243
      ]
    ],
    "0-2": [
      [
        2797568,
        2.2059251599386336
      ],
      [
        5591040,
        4.0906814401596785
      ],
      [
        8388608,
        5.970108680054546
      ],
      [
        11186176,
        7.84664995983243
      ]
    ],
    "0-3": [
      [
        2793472,
        2.2059251599386336
      ],
      [
        5591040,
        4.0906814401596785
      ],
      [
        8388608,
        5.970108680054546
      ],
      [
        11182080,
        7.84664995983243
      ]
    ]
  }
}