{
  "run_id": "20250910_074154",
  "timestamp_unix": 1757490134.2710373,
  "timestamp_iso": "2025-09-10T07:42:14+0000",
  "preprocess_ms_per_rank": {
    "2": [
      0.2805768799781799,
      0.2311776000633836,
      0.23502052012830973,
      0.2402861997485161
    ]
  },
  "dispatch_ms_per_edge": {
    "2-0": [
      [
        2800300,
        2.6362092401087285
      ],
      [
        5600600,
        4.56167152017355
      ],
      [
        8396800,
        6.532018240131438
      ],
      [
        11197100,
        8.487864279970527
      ]
    ],
    "2-1": [
      [
        2800300,
        2.6362092401087285
      ],
      [
        5596500,
        4.56167152017355
      ],
      [
        8396800,
        6.532018240131438
      ],
      [
        11197100,
        8.487864279970527
      ]
    ],
    "2-3": [
      [
        2796200,
        2.6362092401087285
      ],
      [
        5596500,
        4.56167152017355
      ],
      [
        8396800,
        6.532018240131438
      ],
      [
        11193000,
        8.487864279970527
      ]
    ]
  },
  "combine_ms_per_edge": {
    "2-0": [
      [
        2797568,
        2.188198359906673
      ],
      [
        5595136,
        4.071298959814012
      ],
      [
        8388608,
        5.9215823600441215
      ],
      [
        11186176,
        7.79768348004669
      ]
    ],
    "2-1": [
      [
        2797568,
        2.188198359906673
      ],
      [
        5591040,
        4.071298959814012
      ],
      [
        8388608,
        5.9215823600441215
      ],
      [
        11186176,
        7.79768348004669
      ]
    ],
    "2-3": [
      [
        2793472,
        2.188198359906673
      ],
      [
        5591040,
        4.071298959814012
      ],
      [
        8388608,
        5.9215823600441215
      ],
      [
        11182080,
        7.79768348004669
      ]
    ]
  }
}