{
  "run_id": "20250910_064244",
  "timestamp_unix": 1757486567.7304423,
  "timestamp_iso": "2025-09-10T06:42:47+0000",
  "preprocess_ms_per_rank": {
    "1": [
      0.3363678000634536,
      0.25115740010514853,
      0.3877765000797808,
      0.463601899985224,
      0.24439719999209047,
      0.5846627000253648,
      0.21805120001081377,
      0.22697240002453328,
      0.25839609999675306,
      0.2534177999710664,
      0.22236690002027898,
      0.2613586999475956
    ]
  },
  "dispatch_ms_per_edge": {
    "1-0": [
      [
        8396800,
        3.091818799963221
      ],
      [
        16793600,
        5.152108899946325
      ],
      [
        25715200,
        7.7121218999614936
      ],
      [
        33587200,
        9.944504700019024
      ]
    ],
    "1-2": [
      [
        8396800,
        2.341396300052293
      ],
      [
        16793600,
        3.7471570000285284
      ],
      [
        25715200,
        5.552847999939695
      ],
      [
        33587200,
        7.0252626000437886
      ]
    ],
    "1-3": [
      [
        8396800,
        1.6199665000662207
      ],
      [
        16793600,
        2.885691100009717
      ],
      [
        25715200,
        4.81816480003763
      ],
      [
        33587200,
        6.4910860999953
      ]
    ]
  },
  "combine_ms_per_edge": {
    "1-0": [
      [
        8388608,
        2.286257500015199
      ],
      [
        16777216,
        4.163139800005593
      ],
      [
        25690112,
        6.941462999931536
      ],
      [
        33554432,
        8.995902700000443
      ]
    ],
    "1-2": [
      [
        8388608,
        1.7528409999795258
      ],
      [
        16777216,
        3.1775802999734877
      ],
      [
        25690112,
        4.932120900065638
      ],
      [
        33554432,
        6.37308429996483
      ]
    ],
    "1-3": [
      [
        8388608,
        3.6200184000190347
      ],
      [
        16777216,
        6.3685343999648465
      ],
      [
        25690112,
        10.232578699989244
      ],
      [
        33554432,
        12.858753800019622
      ]
    ]
  }
}