{
  "run_id": "20250910_064244",
  "timestamp_unix": 1757486567.7305408,
  "timestamp_iso": "2025-09-10T06:42:47+0000",
  "preprocess_ms_per_rank": {
    "3": [
      0.28937420004513115,
      0.2543165999930352,
      0.24351759997662156,
      0.2334240000229329,
      0.37551259994506836,
      0.23479609994683415,
      0.21843709994573146,
      0.23044080000836403,
      0.23449510005302726,
      0.2533654998522252,
      0.23005340001545846,
      0.23091959999874234
    ]
  },
  "dispatch_ms_per_edge": {
    "3-0": [
      [
        8396800,
        2.8463559999363497
      ],
      [
        16793600,
        4.905834500002674
      ],
      [
        25715200,
        7.316025300021283
      ],
      [
        33587200,
        9.399340700008906
      ]
    ],
    "3-1": [
      [
        8396800,
        1.4563133000629023
      ],
      [
        16793600,
        2.55777339998167
      ],
      [
        25715200,
        3.911470699985512
      ],
      [
        33587200,
        5.188619899982586
      ]
    ],
    "3-2": [
      [
        8396800,
        2.990651099989191
      ],
      [
        16793600,
        5.149139599991031
      ],
      [
        25715200,
        7.851380900060758
      ],
      [
        33587200,
        10.016200700029732
      ]
    ]
  },
  "combine_ms_per_edge": {
    "3-0": [
      [
        8388608,
        2.536687699938193
      ],
      [
        16777216,
        4.603552600042894
      ],
      [
        25690112,
        7.241116199991666
      ],
      [
        33554432,
        9.39203210005071
      ]
    ],
    "3-1": [
      [
        8388608,
        2.5918557000346483
      ],
      [
        16777216,
        4.154026800021529
      ],
      [
        25690112,
        6.448367399955169
      ],
      [
        33554432,
        8.01326329994481
      ]
    ],
    "3-2": [
      [
        8388608,
        2.333892299979925
      ],
      [
        16777216,
        4.392356800031848
      ],
      [
        25690112,
        7.105859599984251
      ],
      [
        33554432,
        9.196794000058436
      ]
    ]
  }
}