{
  "run_id": "20250910_064244",
  "timestamp_unix": 1757486567.7305596,
  "timestamp_iso": "2025-09-10T06:42:47+0000",
  "preprocess_ms_per_rank": {
    "0": [
      0.28556350003927944,
      0.25373459993861613,
      0.24513920003082604,
      0.23995099996682256,
      0.24413850002456455,
      0.23475919999182224,
      0.2166359999915585,
      0.22878320002928376,
      0.2350363000528887,
      0.25384060002397746,
      0.2729091000044718,
      0.2318390000378713
    ]
  },
  "dispatch_ms_per_edge": {
    "0-1": [
      [
        8396800,
        3.0270116000203418
      ],
      [
        16793600,
        5.137211199966259
      ],
      [
        25715200,
        7.869598599988967
      ],
      [
        33587200,
        10.136311600008048
      ]
    ],
    "0-2": [
      [
        8396800,
        1.4448938999557868
      ],
      [
        16793600,
        2.635709000052884
      ],
      [
        25715200,
        4.035417900048197
      ],
      [
        33587200,
        5.551786300051026
      ]
    ],
    "0-3": [
      [
        8396800,
        2.820454799919389
      ],
      [
        16793600,
        4.918228100030683
      ],
      [
        25715200,
        7.396364500024356
      ],
      [
        33587200,
        9.44503969999496
      ]
    ]
  },
  "combine_ms_per_edge": {
    "0-1": [
      [
        8388608,
        2.3632301999954506
      ],
      [
        16777216,
        4.361497499980032
      ],
      [
        25690112,
        6.695979200000875
      ],
      [
        33554432,
        8.650476900022477
      ]
    ],
    "0-2": [
      [
        8388608,
        2.6193701001117007
      ],
      [
        16777216,
        4.247738499962725
      ],
      [
        25690112,
        6.360935599962249
      ],
      [
        33554432,
        7.665929200034588
      ]
    ],
    "0-3": [
      [
        8388608,
        2.52211670007091
      ],
      [
        16777216,
        4.638835099991411
      ],
      [
        25690112,
        7.579509399994277
      ],
      [
        33554432,
        9.798183000064455
      ]
    ]
  }
}