{
  "run_id": "20250910_064244",
  "timestamp_unix": 1757486567.7305608,
  "timestamp_iso": "2025-09-10T06:42:47+0000",
  "preprocess_ms_per_rank": {
    "2": [
      0.38710710001178084,
      0.26035629990510645,
      0.31190699997823684,
      0.563025000016205,
      0.23700040001422168,
      0.4839222999522462,
      0.4894740000599995,
      0.23387919995002449,
      0.2391616999870166,
      0.6149863000726328,
      0.2289753000251949,
      0.23695760003756733
    ]
  },
  "dispatch_ms_per_edge": {
    "2-0": [
      [
        8396800,
        1.709719800017774
      ],
      [
        16793600,
        2.8990707000019027
      ],
      [
        25715200,
        5.514585200068541
      ],
      [
        33587200,
        7.5622210000175984
      ]
    ],
    "2-1": [
      [
        8396800,
        2.3429945999523625
      ],
      [
        16793600,
        3.733572500059381
      ],
      [
        25715200,
        5.562125199986622
      ],
      [
        33587200,
        7.013295999984257
      ]
    ],
    "2-3": [
      [
        8396800,
        3.034143600030802
      ],
      [
        16793600,
        5.154145000036806
      ],
      [
        25715200,
        7.68278999987524
      ],
      [
        33587200,
        9.809783099917695
      ]
    ]
  },
  "combine_ms_per_edge": {
    "2-0": [
      [
        8388608,
        3.6030442999443038
      ],
      [
        16777216,
        6.286775199999101
      ],
      [
        25690112,
        8.79751979992725
      ],
      [
        33554432,
        10.923846900044008
      ]
    ],
    "2-1": [
      [
        8388608,
        1.7165174999507145
      ],
      [
        16777216,
        3.098446400021203
      ],
      [
        25690112,
        4.852713100030087
      ],
      [
        33554432,
        6.305463100015186
      ]
    ],
    "2-3": [
      [
        8388608,
        2.24112789996434
      ],
      [
        16777216,
        4.155148999975063
      ],
      [
        25690112,
        7.300580699997954
      ],
      [
        33554432,
        9.463401199970395
      ]
    ]
  }
}