{
  "run_id": "20250910_073537",
  "timestamp_unix": 1757489741.6080656,
  "timestamp_iso": "2025-09-10T07:35:41+0000",
  "preprocess_ms_per_rank": {
    "2": [
      0.4789870001375675,
      0.3406987999565899,
      0.35174600025638936,
      0.555521900113672,
      0.22530839992687107,
      0.4492775001563132,
      0.5199596002697945,
      0.2368664002045989,
      0.22713819993659853,
      0.5729152002371848,
      0.23319439990445973,
      0.2388083001598716
    ]
  },
  "dispatch_ms_per_edge": {
    "2-0": [
      [
        8396800,
        1.7953540001064539
      ],
      [
        16793600,
        2.9607397998683154
      ],
      [
        25715200,
        5.568836700171232
      ],
      [
        33587200,
        7.6142840999178585
      ]
    ],
    "2-1": [
      [
        8396800,
        2.3299905000254513
      ],
      [
        16793600,
        3.72070199996233
      ],
      [
        25715200,
        5.500437500327825
      ],
      [
        33587200,
        7.006194899976253
      ]
    ],
    "2-3": [
      [
        8396800,
        2.9732268002815543
      ],
      [
        16793600,
        5.121242900006473
      ],
      [
        25715200,
        7.697378899995238
      ],
      [
        33587200,
        9.87635540002957
      ]
    ]
  },
  "combine_ms_per_edge": {
    "2-0": [
      [
        8388608,
        3.636801699642092
      ],
      [
        16777216,
        6.321283399965614
      ],
      [
        25690112,
        8.797889899928123
      ],
      [
        33554432,
        11.026254199910909
      ]
    ],
    "2-1": [
      [
        8388608,
        1.7427252000197768
      ],
      [
        16777216,
        3.150961299892515
      ],
      [
        25690112,
        4.918505099974572
      ],
      [
        33554432,
        6.3637837000191215
      ]
    ],
    "2-3": [
      [
        8388608,
        2.3544851996935905
      ],
      [
        16777216,
        4.185801699850709
      ],
      [
        25690112,
        7.360417499765754
      ],
      [
        33554432,
        9.57760780006647
      ]
    ]
  }
}