{
  "run_id": "20250910_073537",
  "timestamp_unix": 1757489741.6080496,
  "timestamp_iso": "2025-09-10T07:35:41+0000",
  "preprocess_ms_per_rank": {
    "3": [
      0.3381710001267493,
      0.3368246001191437,
      0.265036900062114,
      0.25281189996749165,
      0.22310320036485792,
      0.21596710002049804,
      0.21552219977602363,
      0.2305582999251783,
      0.22074620025232433,
      0.23635529978200792,
      0.2273311000317335,
      0.2305372997187078
    ]
  },
  "dispatch_ms_per_edge": {
    "3-0": [
      [
        8396800,
        2.828549999650568
      ],
      [
        16793600,
        4.912537399679422
      ],
      [
        25715200,
        7.313218699861318
      ],
      [
        33587200,
        9.414434999972581
      ]
    ],
    "3-1": [
      [
        8396800,
        1.486823100131005
      ],
      [
        16793600,
        2.5198843996971845
      ],
      [
        25715200,
        3.87430199990049
      ],
      [
        33587200,
        5.230406499840319
      ]
    ],
    "3-2": [
      [
        8396800,
        2.9408616001717744
      ],
      [
        16793600,
        5.1289712999947366
      ],
      [
        25715200,
        7.860875400155782
      ],
      [
        33587200,
        10.08957619983703
      ]
    ]
  },
  "combine_ms_per_edge": {
    "3-0": [
      [
        8388608,
        2.6941809999756514
      ],
      [
        16777216,
        4.721229099854827
      ],
      [
        25690112,
        7.421527100261301
      ],
      [
        33554432,
        9.600841600168497
      ]
    ],
    "3-1": [
      [
        8388608,
        2.6140087998472152
      ],
      [
        16777216,
        4.396753700077534
      ],
      [
        25690112,
        6.659315099846571
      ],
      [
        33554432,
        8.166091599781065
      ]
    ],
    "3-2": [
      [
        8388608,
        2.3993277003057303
      ],
      [
        16777216,
        4.440075400006026
      ],
      [
        25690112,
        7.240764499921352
      ],
      [
        33554432,
        9.411750300321728
      ]
    ]
  }
}