{
  "run_id": "20250910_073537",
  "timestamp_unix": 1757489741.608066,
  "timestamp_iso": "2025-09-10T07:35:41+0000",
  "preprocess_ms_per_rank": {
    "0": [
      0.319535599835217,
      0.3334508003666997,
      0.2574048995040357,
      0.248460799921304,
      0.2151500999927521,
      0.21508809998631478,
      0.21429710034281016,
      0.24585850015282631,
      0.21864720033481716,
      0.23410520022734999,
      0.3169567001983523,
      0.23198750000447035
    ]
  },
  "dispatch_ms_per_edge": {
    "0-1": [
      [
        8396800,
        3.0623076000250875
      ],
      [
        16793600,
        5.167553999926895
      ],
      [
        25715200,
        7.885387899912894
      ],
      [
        33587200,
        10.134540200047194
      ]
    ],
    "0-2": [
      [
        8396800,
        1.4756084998138248
      ],
      [
        16793600,
        2.6798339001834393
      ],
      [
        25715200,
        4.103375499974936
      ],
      [
        33587200,
        5.581494500022382
      ]
    ],
    "0-3": [
      [
        8396800,
        2.766615100298077
      ],
      [
        16793600,
        4.878152500092983
      ],
      [
        25715200,
        7.4688208001665775
      ],
      [
        33587200,
        9.62568150004372
      ]
    ]
  },
  "combine_ms_per_edge": {
    "0-1": [
      [
        8388608,
        2.434088300075382
      ],
      [
        16777216,
        4.5088942998088894
      ],
      [
        25690112,
        6.895490399748087
      ],
      [
        33554432,
        8.94606420006603
      ]
    ],
    "0-2": [
      [
        8388608,
        2.6537080998532474
      ],
      [
        16777216,
        4.273903900198638
      ],
      [
        25690112,
        6.441080199647695
      ],
      [
        33554432,
        7.793992299772799
      ]
    ],
    "0-3": [
      [
        8388608,
        2.6191799997352065
      ],
      [
        16777216,
        4.7374136001802984
      ],
      [
        25690112,
        7.692430899944156
      ],
      [
        33554432,
        9.968364599719644
      ]
    ]
  }
}