{
  "run_id": "20250910_073537",
  "timestamp_unix": 1757489741.6079357,
  "timestamp_iso": "2025-09-10T07:35:41+0000",
  "preprocess_ms_per_rank": {
    "1": [
      0.3507501001469791,
      0.27454599998891355,
      0.45787549978122116,
      0.48336479999125004,
      0.2154303001239896,
      0.6815169002860785,
      0.21456810021772982,
      0.22854620004072784,
      0.23151820013299584,
      0.2358303999528289,
      0.22554820030927658,
      0.25527160000056026
    ]
  },
  "dispatch_ms_per_edge": {
    "1-0": [
      [
        8396800,
        3.138672399986535
      ],
      [
        16793600,
        5.176250700186938
      ],
      [
        25715200,
        7.730859500076622
      ],
      [
        33587200,
        9.945587600115687
      ]
    ],
    "1-2": [
      [
        8396800,
        2.352788000088185
      ],
      [
        16793600,
        3.7460943998768927
      ],
      [
        25715200,
        5.527287900261581
      ],
      [
        33587200,
        7.025965299550444
      ]
    ],
    "1-3": [
      [
        8396800,
        1.5977540999650954
      ],
      [
        16793600,
        2.888203699979931
      ],
      [
        25715200,
        4.870158300083131
      ],
      [
        33587200,
        6.477395300101489
      ]
    ]
  },
  "combine_ms_per_edge": {
    "1-0": [
      [
        8388608,
        2.3111082999035717
      ],
      [
        16777216,
        4.1890103001147505
      ],
      [
        25690112,
        6.9742414999753235
      ],
      [
        33554432,
        9.04020830001682
      ]
    ],
    "1-2": [
      [
        8388608,
        1.7474131000228226
      ],
      [
        16777216,
        3.143051299918443
      ],
      [
        25690112,
        4.923295900225639
      ],
      [
        33554432,
        6.368369799852371
      ]
    ],
    "1-3": [
      [
        8388608,
        3.654160799831152
      ],
      [
        16777216,
        6.181171300262212
      ],
      [
        25690112,
        10.184613000135869
      ],
      [
        33554432,
        12.914436899963766
      ]
    ]
  }
}