{
  "run_id": "20250915_142721",
  "timestamp_unix": 1757946574.266072,
  "timestamp_iso": "2025-09-15T14:29:34+0000",
  "rank": 0,
  "dispatch": {
    "alpha_ms": [
      [
        2.1154785156249356
      ]
    ],
    "beta_ms_per_byte": [
      [
        1.1171616159860791e-05
      ]
    ],
    "r_squared": [
      [
        0.9999993267844899
      ]
    ]
  },
  "combine": {
    "alpha_ms": [
      [
        2.1154785156249356
      ]
    ],
    "beta_ms_per_byte": [
      [
        1.1171616159860791e-05
      ]
    ],
    "r_squared": [
      [
        0.9999993267844899
      ]
    ]
  },
  "preprocess": {
    "latency_ms": [
      [
        0.0
      ]
    ]
  }
}