{
  "run_id": "20250915_142721",
  "timestamp_unix": 1757946574.2656019,
  "timestamp_iso": "2025-09-15T14:29:34+0000",
  "dispatch": {
    "alpha_ms": [
      [
        2.7477315962314406
      ]
    ],
    "beta_ms_per_byte": [
      [
        6.417705000458031e-06
      ]
    ],
    "r_squared": [
      [
        0.4457842535986032
      ]
    ]
  },
  "combine": {
    "alpha_ms": [
      [
        2.7477315962314406
      ]
    ],
    "beta_ms_per_byte": [
      [
        6.417705000458031e-06
      ]
    ],
    "r_squared": [
      [
        0.4457842535986032
      ]
    ]
  },
  "preprocess": {
    "latency_ms": [
      [
        0.0,
        0.0,
        0.0,
        0.0
      ]
    ]
  }
}