{
  "run_id": "20250915_142721",
  "timestamp_unix": 1757946574.2673771,
  "timestamp_iso": "2025-09-15T14:29:34+0000",
  "rank": 2,
  "dispatch": {
    "alpha_ms": [
      [
        2.7041228883795845
      ]
    ],
    "beta_ms_per_byte": [
      [
        4.841127315547784e-06
      ]
    ],
    "r_squared": [
      [
        0.3398797826963391
      ]
    ]
  },
  "combine": {
    "alpha_ms": [
      [
        2.7041228883795845
      ]
    ],
    "beta_ms_per_byte": [
      [
        4.841127315547784e-06
      ]
    ],
    "r_squared": [
      [
        0.3398797826963391
      ]
    ]
  },
  "preprocess": {
    "latency_ms": [
      [
        0.0
      ]
    ]
  }
}