{
  "run_id": "20250915_142721",
  "timestamp_unix": 1757946574.2664719,
  "timestamp_iso": "2025-09-15T14:29:34+0000",
  "rank": 1,
  "dispatch": {
    "alpha_ms": [
      [
        2.9455302808019797
      ]
    ],
    "beta_ms_per_byte": [
      [
        4.841552406311805e-06
      ]
    ],
    "r_squared": [
      [
        0.34009608612718123
      ]
    ]
  },
  "combine": {
    "alpha_ms": [
      [
        2.9455302808019797
      ]
    ],
    "beta_ms_per_byte": [
      [
        4.841552406311805e-06
      ]
    ],
    "r_squared": [
      [
        0.34009608612718123
      ]
    ]
  },
  "preprocess": {
    "latency_ms": [
      [
        0.0
      ]
    ]
  }
}