{
  "run_id": "20250915_142721",
  "timestamp_unix": 1757946574.2677524,
  "timestamp_iso": "2025-09-15T14:29:34+0000",
  "rank": 3,
  "dispatch": {
    "alpha_ms": [
      [
        3.225794700119196
      ]
    ],
    "beta_ms_per_byte": [
      [
        4.8165241201117505e-06
      ]
    ],
    "r_squared": [
      [
        0.33741583479728654
      ]
    ]
  },
  "combine": {
    "alpha_ms": [
      [
        3.225794700119196
      ]
    ],
    "beta_ms_per_byte": [
      [
        4.8165241201117505e-06
      ]
    ],
    "r_squared": [
      [
        0.33741583479728654
      ]
    ]
  },
  "preprocess": {
    "latency_ms": [
      [
        0.0
      ]
    ]
  }
}