{
  "run_id": "20250908_150200",
  "timestamp_unix": 1757344847.541108,
  "timestamp_iso": "2025-09-08T15:20:47+0000",
  "preprocess_ms_per_rank": {
    "0": [
      0.28583970069885256,
      0.2373837947845459,
      0.21796493530273436,
      0.2262641429901123,
      0.21905784606933593,
      0.2664754867553711,
      0.22490501403808594,
      0.22052950859069825
    ]
  },
  "dispatch_ms_per_edge": {
    "0-1": [
      [
        971700,
        1.8761947631835938
      ],
      [
        1976200,
        2.756564712524414
      ],
      [
        3017600,
        3.688400459289551
      ],
      [
        4194300,
        4.750250911712646
      ],
      [
        5219300,
        5.8541961193084715
      ],
      [
        6568200,
        7.011556625366211
      ],
      [
        7515300,
        7.918944692611694
      ],
      [
        8515700,
        8.978118133544921
      ]
    ]
  },
  "combine_ms_per_edge": {
    "0-1": [
      [
        970752,
        1.3043514728546142
      ],
      [
        1974272,
        2.236574077606201
      ],
      [
        3014656,
        3.1944929122924806
      ],
      [
        4190208,
        4.248557996749878
      ],
      [
        5214208,
        5.291165733337403
      ],
      [
        6561792,
        6.4096959114074705
      ],
      [
        7507968,
        7.3037025928497314
      ],
      [
        8507392,
        8.342819881439208
      ]
    ]
  }
}