{
  "run_id": "20250908_150200",
  "timestamp_unix": 1757344847.541116,
  "timestamp_iso": "2025-09-08T15:20:47+0000",
  "preprocess_ms_per_rank": {
    "1": [
      0.28041276931762693,
      0.23609261512756347,
      0.3286604404449463,
      0.2174147605895996,
      0.23812570571899414,
      0.24646368026733398,
      0.22515010833740234,
      0.24678664207458495,
      0.21630964279174805,
      0.2186509132385254,
      0.23854141235351561,
      0.24747176170349122,
      0.24889378547668456,
      0.25110511779785155,
      0.22154583930969238,
      0.23155083656311035,
      0.21691446304321288,
      0.22365479469299315,
      0.2587903022766113,
      0.22460699081420898
    ]
  },
  "dispatch_ms_per_edge": {
    "1-0": [
      [
        963500,
        1.891526746749878
      ],
      [
        2066400,
        2.7567076683044434
      ],
      [
        3239000,
        3.6855654239654543
      ],
      [
        4104100,
        4.779746150970459
      ],
      [
        5448900,
        5.840914964675903
      ],
      [
        6539500,
        7.056609106063843
      ],
      [
        7494800,
        7.89994215965271
      ],
      [
        8544400,
        8.944719648361206
      ]
    ],
    "1-3": [
      [
        2283700,
        2.7243347644805906
      ],
      [
        3444000,
        3.8345540046691893
      ],
      [
        4526400,
        4.784131669998169
      ],
      [
        6883900,
        7.0741127014160154
      ],
      [
        7880200,
        7.8812257766723635
      ],
      [
        9032300,
        8.825952339172364
      ]
    ],
    "1-2": [
      [
        3386600,
        3.7690759658813477
      ],
      [
        4346000,
        4.835157632827759
      ],
      [
        5608800,
        5.917251443862915
      ],
      [
        6711700,
        7.0427014350891115
      ],
      [
        7699800,
        7.945054244995117
      ],
      [
        8577200,
        9.052151012420655
      ]
    ]
  },
  "combine_ms_per_edge": {
    "1-0": [
      [
        962560,
        1.303370189666748
      ],
      [
        2064384,
        2.2647704601287844
      ],
      [
        3235840,
        3.237058687210083
      ],
      [
        4100096,
        4.288254451751709
      ],
      [
        5443584,
        5.372052812576294
      ],
      [
        6533120,
        6.516749334335327
      ],
      [
        7487488,
        7.398161220550537
      ],
      [
        8536064,
        8.448388862609864
      ]
    ],
    "1-3": [
      [
        2281472,
        2.2481157779693604
      ],
      [
        3440640,
        3.3054357051849363
      ],
      [
        4521984,
        4.292436838150024
      ],
      [
        6877184,
        6.521195411682129
      ],
      [
        7872512,
        7.3503423690795895
      ],
      [
        9023488,
        8.33265585899353
      ]
    ],
    "1-2": [
      [
        3383296,
        3.2787351608276367
      ],
      [
        4341760,
        4.325191402435303
      ],
      [
        5603328,
        5.386209154129029
      ],
      [
        6705152,
        6.52632851600647
      ],
      [
        7692288,
        7.418280172348022
      ],
      [
        8568832,
        8.464766120910644
      ]
    ]
  }
}