{
  "run_id": "20250908_150200",
  "timestamp_unix": 1757344847.5411232,
  "timestamp_iso": "2025-09-08T15:20:47+0000",
  "preprocess_ms_per_rank": {
    "2": [
      0.2827135562896729,
      0.23724284172058105,
      0.23983802795410156,
      0.22276721000671387,
      0.21856083869934081,
      0.21926803588867189,
      0.21814956665039062,
      0.2267730712890625,
      0.2176818370819092,
      0.2512936592102051,
      0.22034811973571777,
      0.2327913761138916,
      0.25375046730041506,
      0.2475161075592041,
      0.231394624710083,
      0.24473085403442382,
      0.22214875221252442,
      0.25035905838012695,
      0.22148847579956055,
      0.2195035457611084,
      0.2398982524871826,
      0.2680546283721924
    ]
  },
  "dispatch_ms_per_edge": {
    "2-0": [
      [
        1016800,
        1.8793258190155029
      ],
      [
        2316500,
        2.7681108474731446
      ],
      [
        3124200,
        3.6949748039245605
      ],
      [
        4288600,
        4.733441257476807
      ],
      [
        5321800,
        5.841685962677002
      ],
      [
        6629700,
        7.046919822692871
      ],
      [
        7630100,
        7.929014587402344
      ],
      [
        8347600,
        8.981472826004028
      ]
    ],
    "2-3": [
      [
        2332900,
        2.7952080249786375
      ],
      [
        3185700,
        3.741167974472046
      ],
      [
        4419800,
        4.835147380828857
      ],
      [
        5219300,
        5.872629642486572
      ],
      [
        6605100,
        7.085310459136963
      ],
      [
        7527600,
        7.981925439834595
      ],
      [
        8511600,
        8.964200258255005
      ]
    ],
    "2-1": [
      [
        2386200,
        2.697969150543213
      ],
      [
        3300500,
        3.72445125579834
      ],
      [
        4239400,
        4.7254791259765625
      ],
      [
        5358700,
        5.832712411880493
      ],
      [
        6494400,
        7.051744842529297
      ],
      [
        7503000,
        7.908968591690064
      ],
      [
        8446000,
        9.03370509147644
      ]
    ]
  },
  "combine_ms_per_edge": {
    "2-0": [
      [
        1015808,
        1.2916409015655517
      ],
      [
        2314240,
        2.2446135520935058
      ],
      [
        3121152,
        3.2223021507263185
      ],
      [
        4284416,
        4.309293985366821
      ],
      [
        5316608,
        5.373617839813233
      ],
      [
        6623232,
        6.5465795516967775
      ],
      [
        7622656,
        7.403927421569824
      ],
      [
        8339456,
        8.414820384979247
      ]
    ],
    "2-3": [
      [
        2330624,
        2.2842167377471925
      ],
      [
        3182592,
        3.2820481300354003
      ],
      [
        4415488,
        4.31159815788269
      ],
      [
        5214208,
        5.3415686130523685
      ],
      [
        6598656,
        6.540506410598755
      ],
      [
        7520256,
        7.444447040557861
      ],
      [
        8503296,
        8.45247278213501
      ]
    ],
    "2-1": [
      [
        2383872,
        2.2616254329681396
      ],
      [
        3297280,
        3.277271366119385
      ],
      [
        4235264,
        4.258730697631836
      ],
      [
        5353472,
        5.328029012680053
      ],
      [
        6488064,
        6.493455219268799
      ],
      [
        7495680,
        7.402762603759766
      ],
      [
        8437760,
        8.447057819366455
      ]
    ]
  }
}