{
  "run_id": "20250908_150200",
  "timestamp_unix": 1757344847.5411148,
  "timestamp_iso": "2025-09-08T15:20:47+0000",
  "preprocess_ms_per_rank": {
    "3": [
      0.27722721099853515,
      0.2352269172668457,
      0.23413448333740233,
      0.21473274230957032,
      0.21544785499572755,
      0.2165508270263672,
      0.22419610023498535,
      0.23048319816589355,
      0.21630778312683105,
      0.21521463394165039,
      0.24511499404907228,
      0.25695323944091797,
      0.22436199188232422,
      0.22428717613220214,
      0.22263193130493164,
      0.2330333709716797,
      0.2486236572265625
    ]
  },
  "dispatch_ms_per_edge": {
    "3-0": [
      [
        1070100,
        1.8918954372406005
      ],
      [
        2189400,
        2.7554083824157716
      ],
      [
        3062700,
        3.703192377090454
      ],
      [
        4296800,
        4.703280973434448
      ],
      [
        5543200,
        5.8247700214385985
      ],
      [
        6580500,
        7.0938177585601805
      ],
      [
        7482500,
        7.878940057754517
      ],
      [
        8515700,
        8.985901117324829
      ]
    ],
    "3-2": [
      [
        1131600,
        1.7738078594207765
      ],
      [
        2177100,
        2.729014015197754
      ],
      [
        3193900,
        3.74825234413147
      ],
      [
        4313200,
        4.794886684417724
      ],
      [
        5403800,
        5.866404867172241
      ],
      [
        6408300,
        7.049315738677978
      ],
      [
        7183200,
        7.938630676269531
      ],
      [
        8286100,
        8.956308460235595
      ]
    ],
    "3-1": [
      [
        8753500,
        9.002947759628295
      ]
    ]
  },
  "combine_ms_per_edge": {
    "3-0": [
      [
        1069056,
        1.3042553901672362
      ],
      [
        2187264,
        2.2654586315155028
      ],
      [
        3059712,
        3.232533597946167
      ],
      [
        4292608,
        4.2625609874725345
      ],
      [
        5537792,
        5.316744709014893
      ],
      [
        6574080,
        6.54429817199707
      ],
      [
        7475200,
        7.348257398605346
      ],
      [
        8507392,
        8.432522106170655
      ]
    ],
    "3-2": [
      [
        1130496,
        1.3113607883453369
      ],
      [
        2174976,
        2.265797328948975
      ],
      [
        3190784,
        3.2809893608093263
      ],
      [
        4308992,
        4.254326915740966
      ],
      [
        5398528,
        5.3504468441009525
      ],
      [
        6402048,
        6.503342819213867
      ],
      [
        7176192,
        7.384794092178344
      ],
      [
        8278016,
        8.438191604614257
      ]
    ],
    "3-1": [
      [
        8744960,
        8.408015203475951
      ]
    ]
  }
}