{
  "run_id": "20250915_063431",
  "timestamp_unix": 1757918210.3040416,
  "timestamp_iso": "2025-09-15T06:36:50+0000",
  "dispatch": {
    "alpha_ms": [
      [
        0.0,
        2.0493430793285583,
        2.5190994792751273,
        1.302412991935292
      ],
      [
        1.3487555057520515,
        0.0,
        1.9705690771341542,
        1.7683219934503747
      ],
      [
        1.3819261064842177,
        0.8017045669612882,
        0.0,
        0.623530273565258
      ],
      [
        2.5087207593378826,
        2.5123610097028664,
        0.5790320773919732,
        0.0
      ]
    ],
    "beta_ms_per_byte": [
      [
        0.0,
        5.578928847324295e-06,
        5.554411388034559e-06,
        5.592091972590829e-06
      ],
      [
        5.588132258070333e-06,
        0.0,
        5.583982716086079e-06,
        5.584374870365131e-06
      ],
      [
        5.578657925389032e-06,
        5.581010776005219e-06,
        0.0,
        5.588925351247277e-06
      ],
      [
        5.580801937486733e-06,
        5.561748245352001e-06,
        5.60886193113212e-06,
        0.0
      ]
    ],
    "r_squared": [
      [
        1.0,
        0.9999989384756821,
        0.9999985484424281,
        0.9999975242033883
      ],
      [
        0.9999993351664885,
        1.0,
        0.9999999013621016,
        0.9999998814814993
      ],
      [
        0.9999997246508492,
        0.9999999097540552,
        1.0,
        0.9999985998103981
      ],
      [
        0.9999992666750315,
        0.9999995632225162,
        0.9999972829650862,
        1.0
      ]
    ]
  },
  "combine": {
    "alpha_ms": [
      [
        0.0,
        -29.06725301472913,
        0.452424076838152,
        -0.33429172564119725
      ],
      [
        0.5649439565482486,
        0.0,
        1.3980893235830976,
        -0.37649114075160867
      ],
      [
        -0.19849325893892264,
        2.6753548376616965,
        0.0,
        -0.3323646457422472
      ],
      [
        -0.020125948815161596,
        2.593514644602932,
        -0.2991088395317409,
        0.0
      ]
    ],
    "beta_ms_per_byte": [
      [
        0.0,
        5.1447969049716e-06,
        1.0777420448287026e-06,
        1.6208050219967425e-06
      ],
      [
        5.5987312931238965e-06,
        0.0,
        1.0883023680914702e-06,
        1.6211096413332e-06
      ],
      [
        5.601965730473947e-06,
        1.074643890212603e-06,
        0.0,
        1.6191303886321367e-06
      ],
      [
        5.5999467620487e-06,
        1.0803410093037274e-06,
        1.6268366753280355e-06,
        0.0
      ]
    ],
    "r_squared": [
      [
        1.0,
        0.9815141467589739,
        0.9993758564178621,
        0.9987381073293978
      ],
      [
        0.9999998491027674,
        1.0,
        0.999293210745773,
        0.9987762992246957
      ],
      [
        0.9999997375950825,
        0.9993322897226549,
        1.0,
        0.9987291850797506
      ],
      [
        0.999999636380972,
        0.9993253902307818,
        0.9988022542010633,
        1.0
      ]
    ]
  },
  "preprocess": {
    "latency_ms": [
      [
        14.66644803269042,
        1.616738032301267,
        2.36007204287582,
        1.2847700520522065
      ]
    ]
  }
}