{
  "run_id": "20250908_132733",
  "timestamp_unix": 1757338059.6082811,
  "timestamp_iso": "2025-09-08T13:27:39+0000",
  "dispatch": {
    "alpha_ms": [
      [
        0.7051778375981024,
        0.8244781632400556,
        0.1641704704651131,
        0.46421511161755763
      ],
      [
        1.1194629062328167,
        0.2571546328001422,
        0.7034267588358478,
        0.8197307405126865
      ],
      [
        0.5097715164626994,
        0.7134594626351098,
        0.9164116450754819,
        0.7272650575355109
      ],
      [
        0.7218976458598612,
        1.0594578113012716,
        0.7038053247005974,
        0.9565429104283477
      ]
    ],
    "beta_ms_per_byte": [
      [
        9.70812064503628e-07,
        9.600340940621211e-07,
        1.0944911407157563e-06,
        1.0452234539836234e-06
      ],
      [
        8.993232976833954e-07,
        1.0864524934766653e-06,
        9.599084095384241e-07,
        9.311013733592918e-07
      ],
      [
        9.90387368086897e-07,
        9.772705007935617e-07,
        9.650688507510077e-07,
        9.57656697198532e-07
      ],
      [
        9.564700775731887e-07,
        9.142488504375313e-07,
        9.6817206074593e-07,
        9.097432985871886e-07
      ]
    ],
    "r_squared": [
      [
        0.9962275522861931,
        0.9981991677060731,
        0.9972502512439804,
        0.9914646656643942
      ],
      [
        0.9977046043411795,
        0.9986521848739938,
        0.9972852462527501,
        0.9915481657684315
      ],
      [
        0.9992187097471169,
        0.998725481499075,
        0.9990335220406256,
        0.9984641699258675
      ],
      [
        0.9997378645028981,
        0.9991533571720397,
        0.999658349924768,
        0.9977053141172624
      ]
    ]
  },
  "combine": {
    "alpha_ms": [
      [
        0.14767989223855907,
        0.318568736497726,
        -0.36318267899453693,
        -0.023619686312022048
      ],
      [
        0.5871404729563505,
        -0.22800605555595369,
        0.20652463594018547,
        0.36675204629155184
      ],
      [
        -0.03525810374207467,
        0.24419474260959342,
        0.4211005547552311,
        0.27335485500652207
      ],
      [
        0.21323827933733333,
        0.573532699610138,
        0.14712620169730115,
        0.515571431286052
      ]
    ],
    "beta_ms_per_byte": [
      [
        9.658357086221216e-07,
        9.486625691884756e-07,
        1.0859635874279981e-06,
        1.0320685416088307e-06
      ],
      [
        9.001855065841947e-07,
        1.0790562991883926e-06,
        9.52526810241855e-07,
        9.214058444520004e-07
      ],
      [
        9.936975060210602e-07,
        9.670430845070517e-07,
        9.630272010397475e-07,
        9.483619700487932e-07
      ],
      [
        9.510607883093663e-07,
        9.054706770244919e-07,
        9.654337013606697e-07,
        8.943983451026481e-07
      ]
    ],
    "r_squared": [
      [
        0.9971403565735905,
        0.9982172048335101,
        0.9977893447522388,
        0.9904848153990105
      ],
      [
        0.9979239547696186,
        0.9980153612089604,
        0.9977535718098112,
        0.9928366262879152
      ],
      [
        0.9995963169490526,
        0.9991841204555421,
        0.9995453541819749,
        0.9989878671828721
      ],
      [
        0.9999919297806787,
        0.9990355953375613,
        0.9991752744388074,
        0.9962243348890012
      ]
    ]
  },
  "preprocess": {
    "latency_ms": [
      [
        0.23782287687063217,
        0.2405534043908119,
        0.24358161538839337,
        0.24112061262130735
      ]
    ]
  }
}