{
  "run_id": "20250908_120346",
  "timestamp_unix": 1757333091.8135188,
  "timestamp_iso": "2025-09-08T12:04:51+0000",
  "preprocess_ms_per_rank": {
    "0": [
      0.3074787139892578,
      0.23551459312438966,
      0.22870936393737792,
      0.23256609439849854,
      0.2510937452316284,
      0.2381140947341919,
      0.23474910259246826,
      0.23689625263214112,
      0.23579158782958984,
      0.2414776563644409,
      0.24351229667663574,
      0.24267010688781737,
      0.2485569477081299,
      0.3200099468231201,
      0.24194033145904542,
      0.23830924034118653,
      0.24409003257751466,
      0.5117346525192261,
      0.25405566692352294,
      0.24135408401489258
    ]
  },
  "dispatch_ms_per_edge": {
    "0-0": [
      [
        4198400,
        9.64364001750946
      ],
      [
        8396800,
        18.62209310531616
      ],
      [
        16793600,
        36.58388524055481
      ],
      [
        33587200,
        72.62401177883149
      ],
      [
        67174400,
        144.76242723464966
      ]
    ],
    "0-1": [
      [
        4198400,
        9.141261887550353
      ],
      [
        8396800,
        17.681121301651
      ],
      [
        16793600,
        34.69965841770172
      ],
      [
        33587200,
        69.03339910507202
      ],
      [
        67174400,
        137.64971334934233
      ]
    ],
    "0-2": [
      [
        4198400,
        9.14765408039093
      ],
      [
        8396800,
        17.66488652229309
      ],
      [
        16793600,
        34.83097627162933
      ],
      [
        33587200,
        68.97632789611816
      ],
      [
        67174400,
        137.55213105678558
      ]
    ],
    "0-3": [
      [
        4198400,
        9.309807109832764
      ],
      [
        8396800,
        18.047556591033935
      ],
      [
        16793600,
        35.48637237548828
      ],
      [
        33587200,
        70.6627403974533
      ],
      [
        67174400,
        140.52633488178253
      ]
    ]
  },
  "combine_ms_per_edge": {
    "0-0": [
      [
        4194304,
        9.04123010635376
      ],
      [
        8388608,
        17.866704726219176
      ],
      [
        16777216,
        35.871600437164304
      ],
      [
        33554432,
        71.6440152168274
      ],
      [
        67108864,
        143.2933403491974
      ]
    ],
    "0-1": [
      [
        4194304,
        9.522498488426208
      ],
      [
        8388608,
        18.82663288116455
      ],
      [
        16777216,
        37.681254863739014
      ],
      [
        33554432,
        75.36014189720154
      ],
      [
        67108864,
        149.18554668426515
      ]
    ],
    "0-2": [
      [
        4194304,
        9.49432053565979
      ],
      [
        8388608,
        18.797182941436766
      ],
      [
        16777216,
        37.410667181015015
      ],
      [
        33554432,
        75.60249454975128
      ],
      [
        67108864,
        150.44195945262908
      ]
    ],
    "0-3": [
      [
        4194304,
        10.056563186645509
      ],
      [
        8388608,
        19.98637158870697
      ],
      [
        16777216,
        40.16531276702881
      ],
      [
        33554432,
        79.88239731788636
      ],
      [
        67108864,
        159.95295765399933
      ]
    ]
  }
}