{
  "run_id": "20250908_120346",
  "timestamp_unix": 1757333091.8135138,
  "timestamp_iso": "2025-09-08T12:04:51+0000",
  "preprocess_ms_per_rank": {
    "3": [
      0.3080416679382324,
      0.23559956550598143,
      0.23032612800598146,
      0.233345627784729,
      0.2524548530578613,
      0.2389838457107544,
      0.23565871715545655,
      0.23739976882934571,
      0.2354886293411255,
      0.23164236545562744,
      0.24446349143981932,
      0.2418447732925415,
      0.3232980251312256,
      0.23478140830993652,
      0.24030668735504152,
      0.2397990942001343,
      0.4258608818054199,
      0.2524909019470215,
      0.24624600410461425,
      0.23575665950775146
    ]
  },
  "dispatch_ms_per_edge": {
    "3-0": [
      [
        4198400,
        9.224853944778442
      ],
      [
        8396800,
        17.766934394836426
      ],
      [
        16793600,
        34.963729572296145
      ],
      [
        33587200,
        69.37618751525879
      ],
      [
        67174400,
        137.852099108696
      ]
    ],
    "3-1": [
      [
        4198400,
        9.152050399780274
      ],
      [
        8396800,
        17.69559242725372
      ],
      [
        16793600,
        34.745633935928346
      ],
      [
        33587200,
        68.87430348396302
      ],
      [
        67174400,
        137.31033127307893
      ]
    ],
    "3-2": [
      [
        4198400,
        9.165741395950317
      ],
      [
        8396800,
        17.761131238937377
      ],
      [
        16793600,
        34.97463119029999
      ],
      [
        33587200,
        69.4381902217865
      ],
      [
        67174400,
        138.21685514450073
      ]
    ],
    "3-3": [
      [
        4198400,
        9.74209966659546
      ],
      [
        8396800,
        18.88775634765625
      ],
      [
        16793600,
        37.12593262195587
      ],
      [
        33587200,
        73.89420127868652
      ],
      [
        67174400,
        146.9281145095825
      ]
    ]
  },
  "combine_ms_per_edge": {
    "3-0": [
      [
        4194304,
        9.450158309936523
      ],
      [
        8388608,
        18.777743411064147
      ],
      [
        16777216,
        37.461040663719174
      ],
      [
        33554432,
        74.95360519886017
      ],
      [
        67108864,
        150.17439744472503
      ]
    ],
    "3-1": [
      [
        4194304,
        9.487560796737672
      ],
      [
        8388608,
        18.76356029510498
      ],
      [
        16777216,
        37.53259124755859
      ],
      [
        33554432,
        75.37835302352906
      ],
      [
        67108864,
        150.51189630031587
      ]
    ],
    "3-2": [
      [
        4194304,
        9.449575829505921
      ],
      [
        8388608,
        18.701804327964783
      ],
      [
        16777216,
        37.46812107563019
      ],
      [
        33554432,
        75.02436895370484
      ],
      [
        67108864,
        149.54827909469606
      ]
    ],
    "3-3": [
      [
        4194304,
        9.680443215370179
      ],
      [
        8388608,
        19.1468722820282
      ],
      [
        16777216,
        38.49273228645325
      ],
      [
        33554432,
        76.71932761669159
      ],
      [
        67108864,
        153.68299934864044
      ]
    ]
  }
}