{
  "run_id": "20250908_120346",
  "timestamp_unix": 1757333091.8135176,
  "timestamp_iso": "2025-09-08T12:04:51+0000",
  "preprocess_ms_per_rank": {
    "2": [
      0.31229066848754883,
      0.24041831493377686,
      0.2340944528579712,
      0.23791520595550536,
      0.258469557762146,
      0.24296605587005615,
      0.24002063274383545,
      0.24237394332885742,
      0.24053771495819093,
      0.23692333698272705,
      0.24757170677185059,
      0.25295238494873046,
      0.27674729824066163,
      0.24012322425842286,
      0.24855523109436034,
      0.24284615516662597,
      0.24779694080352782,
      0.26644918918609617,
      0.2475308895111084,
      0.24910180568695067
    ]
  },
  "dispatch_ms_per_edge": {
    "2-0": [
      [
        4198400,
        9.202865743637085
      ],
      [
        8396800,
        17.783729720115662
      ],
      [
        16793600,
        34.9538419008255
      ],
      [
        33587200,
        69.3781229019165
      ],
      [
        67174400,
        138.16951460838317
      ]
    ],
    "2-1": [
      [
        4198400,
        9.178213047981263
      ],
      [
        8396800,
        17.71583366394043
      ],
      [
        16793600,
        34.84470312595367
      ],
      [
        33587200,
        69.27954483032227
      ],
      [
        67174400,
        137.96058628559112
      ]
    ],
    "2-2": [
      [
        4198400,
        9.549919629096985
      ],
      [
        8396800,
        18.519293713569642
      ],
      [
        16793600,
        36.4880969285965
      ],
      [
        33587200,
        72.51097536087036
      ],
      [
        67174400,
        144.45754816532136
      ]
    ],
    "2-3": [
      [
        4198400,
        9.327246475219727
      ],
      [
        8396800,
        18.058458256721497
      ],
      [
        16793600,
        35.536419200897214
      ],
      [
        33587200,
        70.58509039878845
      ],
      [
        67174400,
        140.28356809616088
      ]
    ]
  },
  "combine_ms_per_edge": {
    "2-0": [
      [
        4194304,
        9.439758610725402
      ],
      [
        8388608,
        18.62764115333557
      ],
      [
        16777216,
        37.273426580429074
      ],
      [
        33554432,
        74.15417470932007
      ],
      [
        67108864,
        149.3123141527176
      ]
    ],
    "2-1": [
      [
        4194304,
        9.432472610473633
      ],
      [
        8388608,
        18.55520133972168
      ],
      [
        16777216,
        37.308999633789064
      ],
      [
        33554432,
        74.7570870399475
      ],
      [
        67108864,
        149.52283189296722
      ]
    ],
    "2-2": [
      [
        4194304,
        9.02573311328888
      ],
      [
        8388608,
        17.87541205883026
      ],
      [
        16777216,
        35.84030032157898
      ],
      [
        33554432,
        71.6297324180603
      ],
      [
        67108864,
        143.10044281482698
      ]
    ],
    "2-3": [
      [
        4194304,
        10.033561873435975
      ],
      [
        8388608,
        19.86372492313385
      ],
      [
        16777216,
        39.917554187774655
      ],
      [
        33554432,
        79.56821885108948
      ],
      [
        67108864,
        158.85526490211487
      ]
    ]
  }
}