{
  "run_id": "20250908_120346",
  "timestamp_unix": 1757333091.8135202,
  "timestamp_iso": "2025-09-08T12:04:51+0000",
  "preprocess_ms_per_rank": {
    "1": [
      0.26508615016937254,
      0.23425686359405518,
      0.22948076725006103,
      0.23364505767822266,
      0.2533127784729004,
      0.23907253742218018,
      0.23521413803100585,
      0.23751680850982665,
      0.2373985767364502,
      0.23247482776641845,
      0.24916315078735352,
      0.24203829765319823,
      0.2729766368865967,
      0.23559420108795165,
      0.2976290464401245,
      0.23970975875854492,
      0.24651458263397216,
      0.24477944374084473,
      0.4432699203491211,
      0.23820581436157226
    ]
  },
  "dispatch_ms_per_edge": {
    "1-0": [
      [
        4198400,
        9.211838173866273
      ],
      [
        8396800,
        17.814944243431093
      ],
      [
        16793600,
        35.004863905906674
      ],
      [
        33587200,
        69.3940673828125
      ],
      [
        67174400,
        138.31375346183776
      ]
    ],
    "1-1": [
      [
        4198400,
        9.592079257965088
      ],
      [
        8396800,
        18.53020050525665
      ],
      [
        16793600,
        36.431340193748476
      ],
      [
        33587200,
        72.43226227760314
      ],
      [
        67174400,
        144.3366044282913
      ]
    ],
    "1-2": [
      [
        4198400,
        9.125834846496582
      ],
      [
        8396800,
        17.614435529708864
      ],
      [
        16793600,
        34.74148855209351
      ],
      [
        33587200,
        68.80391681194305
      ],
      [
        67174400,
        137.2898375272751
      ]
    ],
    "1-3": [
      [
        4198400,
        9.3078857421875
      ],
      [
        8396800,
        18.069959664344786
      ],
      [
        16793600,
        35.4766277551651
      ],
      [
        33587200,
        70.48763973712921
      ],
      [
        67174400,
        140.18739783763885
      ]
    ]
  },
  "combine_ms_per_edge": {
    "1-0": [
      [
        4194304,
        9.439673948287965
      ],
      [
        8388608,
        18.69948890209198
      ],
      [
        16777216,
        37.41359431743622
      ],
      [
        33554432,
        74.96000647544861
      ],
      [
        67108864,
        149.77771480083464
      ]
    ],
    "1-1": [
      [
        4194304,
        9.062282347679139
      ],
      [
        8388608,
        17.941679310798644
      ],
      [
        16777216,
        35.98056902885437
      ],
      [
        33554432,
        71.89511542320251
      ],
      [
        67108864,
        143.7193222761154
      ]
    ],
    "1-2": [
      [
        4194304,
        9.513373422622681
      ],
      [
        8388608,
        18.888831877708434
      ],
      [
        16777216,
        37.818061566352846
      ],
      [
        33554432,
        75.8749247789383
      ],
      [
        67108864,
        150.9612610578537
      ]
    ],
    "1-3": [
      [
        4194304,
        10.120146870613098
      ],
      [
        8388608,
        19.966999888420105
      ],
      [
        16777216,
        40.17274239063263
      ],
      [
        33554432,
        80.04715030193329
      ],
      [
        67108864,
        160.5022593021393
      ]
    ]
  }
}