{
  "run_id": "20250910_030925",
  "timestamp_unix": 1757473767.0204043,
  "timestamp_iso": "2025-09-10T03:09:27+0000",
  "dispatch": {
    "alpha_ms": [
      [
        0.0
      ],
      [
        0.0
      ],
      [
        0.0
      ],
      [
        0.0
      ]
    ],
    "beta_ms_per_byte": [
      [
        0.0
      ],
      [
        0.0
      ],
      [
        0.0
      ],
      [
        0.0
      ]
    ],
    "r_squared": [
      [
        0.0
      ],
      [
        0.0
      ],
      [
        0.0
      ],
      [
        0.0
      ]
    ]
  },
  "combine": {
    "alpha_ms": [
      [
        0.0
      ],
      [
        0.0
      ],
      [
        0.0
      ],
      [
        0.0
      ]
    ],
    "beta_ms_per_byte": [
      [
        0.0
      ],
      [
        0.0
      ],
      [
        0.0
      ],
      [
        0.0
      ]
    ],
    "r_squared": [
      [
        0.0
      ],
      [
        0.0
      ],
      [
        0.0
      ],
      [
        0.0
      ]
    ]
  },
  "preprocess": {
    "latency_ms": [
      [
        0.3371537685394287,
        0.28073749542236326,
        0.9631212234497071,
        0.6528526782989502
      ]
    ]
  }
}