{
  "run_id": "20250908_141703",
  "timestamp_unix": 1757341027.1624866,
  "timestamp_iso": "2025-09-08T14:17:07+0000",
  "preprocess_ms_per_rank": {
    "0": [
      0.26670217514038086,
      0.2779683589935303,
      0.2613570213317871,
      0.27618231773376467,
      0.24418821334838867,
      0.235319185256958,
      0.23235583305358887,
      0.23037428855895997
    ]
  },
  "dispatch_ms_per_edge": {
    "0-1": [
      [
        971700,
        1.8518229484558106
      ],
      [
        1976200,
        2.539605951309204
      ],
      [
        3017600,
        3.351444053649902
      ],
      [
        4194300,
        3.4706350803375243
      ],
      [
        5219300,
        4.507416486740112
      ],
      [
        6568200,
        4.803261709213257
      ],
      [
        7515300,
        5.607851171493531
      ],
      [
        8515700,
        6.032676315307617
      ]
    ]
  },
  "combine_ms_per_edge": {
    "0-1": [
      [
        970752,
        1.3140358448028564
      ],
      [
        1974272,
        1.915360403060913
      ],
      [
        3014656,
        2.7215809345245363
      ],
      [
        4190208,
        2.8332241058349608
      ],
      [
        5214208,
        3.720082902908325
      ],
      [
        6561792,
        4.026969242095947
      ],
      [
        7507968,
        4.700360536575317
      ],
      [
        8507392,
        5.191978168487549
      ]
    ]
  }
}