{
  "run_id": "20250909_052802",
  "timestamp_unix": 1757396266.4901104,
  "timestamp_iso": "2025-09-09T05:37:46+0000",
  "dispatch": {
    "alpha_ms": [
      [
        0.0,
        0.6132007701852036,
        0.0,
        0.0
      ],
      [
        0.7517258002083221,
        0.0,
        0.47366768993200326,
        0.0
      ],
      [
        0.8424595524148498,
        0.8178518340718379,
        0.0,
        0.5413342804151962
      ],
      [
        0.8323956020040392,
        0.7315115265913146,
        0.6577462630121274,
        0.0
      ]
    ],
    "beta_ms_per_byte": [
      [
        0.0,
        3.3403006637294953e-06,
        0.0,
        0.0
      ],
      [
        3.0718061421556314e-07,
        0.0,
        1.0731076218871604e-06,
        0.0
      ],
      [
        3.0009017053051126e-07,
        2.2985611654152573e-07,
        0.0,
        1.066736747264623e-06
      ],
      [
        2.990743240247774e-07,
        2.3519717639670514e-07,
        1.7480955948393333e-07,
        0.0
      ]
    ],
    "r_squared": [
      [
        1.0,
        0.990851375091706,
        1.0,
        1.0
      ],
      [
        0.9991174069312583,
        1.0,
        0.998725522990506,
        0.0
      ],
      [
        0.9979167315381231,
        0.9966872526852543,
        1.0,
        0.9795000154212046
      ],
      [
        0.9963076550279533,
        0.9982028179608999,
        0.9987610730488229,
        1.0
      ]
    ]
  },
  "combine": {
    "alpha_ms": [
      [
        0.0,
        0.1778723747186818,
        0.0,
        0.0
      ],
      [
        0.2537554748366604,
        0.0,
        0.09773117050273245,
        0.0
      ],
      [
        0.2051251003435309,
        0.3502958363253769,
        0.0,
        0.20999721776196922
      ],
      [
        0.3054674283812552,
        0.2818042238762173,
        0.24518763885069036,
        0.0
      ]
    ],
    "beta_ms_per_byte": [
      [
        0.0,
        3.1191596572975006e-06,
        0.0,
        0.0
      ],
      [
        3.0507812866826417e-07,
        0.0,
        1.032769718164156e-06,
        0.0
      ],
      [
        3.062471595929519e-07,
        2.3224852079620783e-07,
        0.0,
        1.0037009019138048e-06
      ],
      [
        2.9993562473981555e-07,
        2.3714834087314733e-07,
        1.7662238247545906e-07,
        0.0
      ]
    ],
    "r_squared": [
      [
        1.0,
        0.990473608929807,
        1.0,
        1.0
      ],
      [
        0.9995069148046188,
        1.0,
        0.9887150538498517,
        0.0
      ],
      [
        0.9988625253797505,
        0.9986233121557668,
        1.0,
        0.9936945068689974
      ],
      [
        0.9974680673694001,
        0.9985990195367039,
        0.9989341375926759,
        1.0
      ]
    ]
  },
  "preprocess": {
    "latency_ms": [
      [
        0.23898464441299438,
        0.23931451638539633,
        0.2417098346509432,
        0.2361902912457784
      ]
    ]
  }
}