{
  "run_id": "20250908_144711",
  "timestamp_unix": 1757343391.2318347,
  "timestamp_iso": "2025-09-08T14:56:31+0000",
  "preprocess_ms_per_rank": {
    "2": [
      0.26192245483398435,
      0.2241039276123047,
      0.2377544403076172,
      0.22024741172790527,
      0.23712949752807616,
      0.21736593246459962,
      0.23383822441101074,
      0.2188565731048584,
      0.2331763744354248,
      0.22942700386047363,
      0.24856648445129395,
      0.21855077743530274,
      0.2281280517578125,
      0.22247252464294434,
      0.2227837085723877,
      0.25916309356689454,
      0.22919015884399413,
      0.24028749465942384,
      0.21837964057922363,
      0.21583642959594726,
      0.21515307426452637,
      0.2496628761291504
    ]
  },
  "dispatch_ms_per_edge": {
    "2-0": [
      [
        1016800,
        1.8479040622711183
      ],
      [
        2316500,
        2.6978829860687257
      ],
      [
        3124200,
        3.743451547622681
      ],
      [
        4288600,
        4.732491064071655
      ],
      [
        5321800,
        5.919595766067505
      ],
      [
        6629700,
        7.023187685012817
      ],
      [
        7630100,
        7.929792022705078
      ],
      [
        8347600,
        8.933413076400758
      ]
    ],
    "2-3": [
      [
        2332900,
        2.743320655822754
      ],
      [
        3185700,
        3.723704290390015
      ],
      [
        4419800,
        4.791733455657959
      ],
      [
        5219300,
        5.804152488708496
      ],
      [
        6605100,
        7.126576662063599
      ],
      [
        7527600,
        7.997850561141968
      ],
      [
        8511600,
        8.967665576934815
      ]
    ],
    "2-1": [
      [
        2386200,
        2.6882817268371584
      ],
      [
        3300500,
        3.744967317581177
      ],
      [
        4239400,
        4.742187404632569
      ],
      [
        5358700,
        5.842747211456299
      ],
      [
        6494400,
        7.001320791244507
      ],
      [
        7503000,
        7.9100524425506595
      ],
      [
        8446000,
        9.032682991027832
      ]
    ]
  },
  "combine_ms_per_edge": {
    "2-0": [
      [
        1015808,
        1.2910923480987548
      ],
      [
        2314240,
        2.238122749328613
      ],
      [
        3121152,
        3.268523406982422
      ],
      [
        4284416,
        4.289018440246582
      ],
      [
        5316608,
        5.3732850551605225
      ],
      [
        6623232,
        6.52676830291748
      ],
      [
        7622656,
        7.39572491645813
      ],
      [
        8339456,
        8.397051048278808
      ]
    ],
    "2-3": [
      [
        2330624,
        2.272359848022461
      ],
      [
        3182592,
        3.2823009490966797
      ],
      [
        4415488,
        4.300104856491089
      ],
      [
        5214208,
        5.322305822372437
      ],
      [
        6598656,
        6.55575532913208
      ],
      [
        7520256,
        7.44024977684021
      ],
      [
        8503296,
        8.410235261917114
      ]
    ],
    "2-1": [
      [
        2383872,
        2.263694334030151
      ],
      [
        3297280,
        3.3049214363098143
      ],
      [
        4235264,
        4.268998765945435
      ],
      [
        5353472,
        5.3251899719238285
      ],
      [
        6488064,
        6.498925638198853
      ],
      [
        7495680,
        7.375639915466309
      ],
      [
        8437760,
        8.47278389930725
      ]
    ]
  }
}