{
  "run_id": "20250908_144711",
  "timestamp_unix": 1757343391.2318296,
  "timestamp_iso": "2025-09-08T14:56:31+0000",
  "preprocess_ms_per_rank": {
    "1": [
      0.2652426719665527,
      0.2222072124481201,
      0.23484740257263184,
      0.22143974304199218,
      0.21964893341064454,
      0.22438592910766603,
      0.25432820320129396,
      0.22286376953125,
      0.22314062118530273,
      0.2546840190887451,
      0.23304371833801268,
      0.2316831111907959,
      0.23281726837158204,
      0.22594819068908692,
      0.24438271522521973
    ]
  },
  "dispatch_ms_per_edge": {
    "1-0": [
      [
        963500,
        1.8407139301300048
      ],
      [
        2066400,
        2.697315979003906
      ],
      [
        3239000,
        3.7439560890197754
      ],
      [
        4104100,
        4.750795602798462
      ],
      [
        5448900,
        5.903194093704224
      ],
      [
        6539500,
        7.0128922939300535
      ],
      [
        7494800,
        7.908840751647949
      ],
      [
        8544400,
        8.93332543373108
      ]
    ],
    "1-2": [
      [
        3386600,
        3.7184091567993165
      ],
      [
        4346000,
        4.766839265823364
      ],
      [
        5608800,
        5.848705863952636
      ],
      [
        6711700,
        7.070714664459229
      ],
      [
        7699800,
        7.9152974605560305
      ],
      [
        8577200,
        9.04428219795227
      ]
    ],
    "1-3": [
      [
        6883900,
        6.993234634399414
      ]
    ]
  },
  "combine_ms_per_edge": {
    "1-0": [
      [
        962560,
        1.2809417247772217
      ],
      [
        2064384,
        2.2119617462158203
      ],
      [
        3235840,
        3.2125759601593016
      ],
      [
        4100096,
        4.215463781356812
      ],
      [
        5443584,
        5.2757062911987305
      ],
      [
        6533120,
        6.379722309112549
      ],
      [
        7487488,
        7.260420846939087
      ],
      [
        8536064,
        8.287940979003906
      ]
    ],
    "1-2": [
      [
        3383296,
        3.2234581470489503
      ],
      [
        4341760,
        4.216314458847046
      ],
      [
        5603328,
        5.277625322341919
      ],
      [
        6705152,
        6.404454088211059
      ],
      [
        7692288,
        7.269127035140992
      ],
      [
        8568832,
        8.320265960693359
      ]
    ],
    "1-3": [
      [
        6877184,
        6.376384353637695
      ]
    ]
  }
}