{
  "run_id": "20250908_144711",
  "timestamp_unix": 1757343391.231848,
  "timestamp_iso": "2025-09-08T14:56:31+0000",
  "preprocess_ms_per_rank": {
    "0": [
      0.26287174224853516,
      0.21979775428771972,
      0.23312525749206542,
      0.21726155281066895,
      0.24561285972595215,
      0.22020206451416016,
      0.21686868667602538,
      0.2155546188354492
    ]
  },
  "dispatch_ms_per_edge": {
    "0-1": [
      [
        971700,
        1.849363374710083
      ],
      [
        1976200,
        2.7132296562194824
      ],
      [
        3017600,
        3.763093852996826
      ],
      [
        4194300,
        4.7525646686553955
      ],
      [
        5219300,
        5.933251810073853
      ],
      [
        6568200,
        7.009166240692139
      ],
      [
        7515300,
        7.910909700393677
      ],
      [
        8515700,
        8.960445785522461
      ]
    ]
  },
  "combine_ms_per_edge": {
    "0-1": [
      [
        970752,
        1.3055169105529785
      ],
      [
        1974272,
        2.248289108276367
      ],
      [
        3014656,
        3.267039155960083
      ],
      [
        4190208,
        4.293370723724365
      ],
      [
        5214208,
        5.391111183166504
      ],
      [
        6561792,
        6.484235572814941
      ],
      [
        7507968,
        7.4030674457550045
      ],
      [
        8507392,
        8.429299306869506
      ]
    ]
  }
}