{
  "run_id": "20250908_144711",
  "timestamp_unix": 1757343391.2318408,
  "timestamp_iso": "2025-09-08T14:56:31+0000",
  "preprocess_ms_per_rank": {
    "3": [
      0.26708259582519533,
      0.2578148365020752,
      0.2222827911376953,
      0.2590476036071777,
      0.23504624366760254,
      0.23057498931884765,
      0.21811871528625487,
      0.21615428924560548,
      0.24671478271484376,
      0.27216663360595705,
      0.21610946655273439,
      0.25672407150268556,
      0.23115983009338378,
      0.23172917366027831,
      0.22367773056030274,
      0.21785364151000977,
      0.25842819213867185
    ]
  },
  "dispatch_ms_per_edge": {
    "3-0": [
      [
        1070100,
        1.8465960502624512
      ],
      [
        2189400,
        2.6937188625335695
      ],
      [
        3062700,
        3.7718310832977293
      ],
      [
        4296800,
        4.683036994934082
      ],
      [
        5543200,
        5.896591424942017
      ],
      [
        6580500,
        7.12960205078125
      ],
      [
        7482500,
        7.867991876602173
      ],
      [
        8515700,
        8.94150424003601
      ]
    ],
    "3-2": [
      [
        1131600,
        1.820997953414917
      ],
      [
        2177100,
        2.8334842681884767
      ],
      [
        3193900,
        3.7944838047027587
      ],
      [
        4313200,
        4.767758417129516
      ],
      [
        5403800,
        5.924349021911621
      ],
      [
        6408300,
        7.002863025665283
      ],
      [
        7183200,
        7.9140606880187985
      ],
      [
        8286100,
        8.925545930862427
      ]
    ],
    "3-1": [
      [
        8753500,
        9.018934488296509
      ]
    ]
  },
  "combine_ms_per_edge": {
    "3-0": [
      [
        1069056,
        1.302755308151245
      ],
      [
        2187264,
        2.2460877895355225
      ],
      [
        3059712,
        3.2614731788635254
      ],
      [
        4292608,
        4.230742120742798
      ],
      [
        5537792,
        5.336771726608276
      ],
      [
        6574080,
        6.561617612838745
      ],
      [
        7475200,
        7.329786157608032
      ],
      [
        8507392,
        8.437211656570435
      ]
    ],
    "3-2": [
      [
        1130496,
        1.3198058605194092
      ],
      [
        2174976,
        2.290830612182617
      ],
      [
        3190784,
        3.29500732421875
      ],
      [
        4308992,
        4.261344242095947
      ],
      [
        5398528,
        5.388612985610962
      ],
      [
        6402048,
        6.487377882003784
      ],
      [
        7176192,
        7.388301944732666
      ],
      [
        8278016,
        8.41280918121338
      ]
    ],
    "3-1": [
      [
        8744960,
        8.442018461227416
      ]
    ]
  }
}