{
  "run_id": "20250915_051752",
  "timestamp_unix": 1757913542.0507612,
  "timestamp_iso": "2025-09-15T05:19:02+0000",
  "preprocess_ms_per_rank": {
    "2": [
      2.467157332102458,
      2.484012297789256,
      2.5073670665423076,
      3.38194960753123,
      3.550049293041229,
      4.063750012715658,
      3.4557979305585227,
      4.270436735947927
    ]
  },
  "dispatch_ms_per_edge": {
    "2-0": [
      [
        1402200,
        10.432347361246745
      ],
      [
        2800300,
        17.564765828847886
      ],
      [
        4198400,
        25.86022647023201
      ],
      [
        5600600,
        33.47149086793264
      ],
      [
        6998700,
        40.97820243239403
      ],
      [
        8396800,
        48.77354481021563
      ],
      [
        9799000,
        56.80223602851232
      ],
      [
        11197100,
        64.60126452843348
      ]
    ],
    "2-1": [
      [
        1398100,
        10.432347361246745
      ],
      [
        2800300,
        17.564765828847886
      ],
      [
        4198400,
        25.86022647023201
      ],
      [
        5596500,
        33.47149086793264
      ],
      [
        6998700,
        40.97820243239403
      ],
      [
        8396800,
        48.77354481021563
      ],
      [
        9794900,
        56.80223602851232
      ],
      [
        11197100,
        64.60126452843348
      ]
    ],
    "2-3": [
      [
        1398100,
        10.432347361246745
      ],
      [
        2796200,
        17.564765828847886
      ],
      [
        4198400,
        25.86022647023201
      ],
      [
        5596500,
        33.47149086793264
      ],
      [
        6994600,
        40.97820243239403
      ],
      [
        8396800,
        48.77354481021563
      ],
      [
        9794900,
        56.80223602851232
      ],
      [
        11193000,
        64.60126452843348
      ]
    ]
  },
  "combine_ms_per_edge": {
    "2-0": [
      [
        1400832,
        7.969253162542979
      ],
      [
        2797568,
        15.38970330953598
      ],
      [
        4194304,
        23.86813313762347
      ],
      [
        5595136,
        31.622786235809325
      ],
      [
        6991872,
        39.29203191399574
      ],
      [
        8388608,
        47.388118622700375
      ],
      [
        9789440,
        55.11578709085782
      ],
      [
        11186176,
        62.87326014637947
      ]
    ],
    "2-1": [
      [
        1396736,
        7.969253162542979
      ],
      [
        2797568,
        15.38970330953598
      ],
      [
        4194304,
        23.86813313762347
      ],
      [
        5591040,
        31.622786235809325
      ],
      [
        6991872,
        39.29203191399574
      ],
      [
        8388608,
        47.388118622700375
      ],
      [
        9785344,
        55.11578709085782
      ],
      [
        11186176,
        62.87326014637947
      ]
    ],
    "2-3": [
      [
        1396736,
        7.969253162542979
      ],
      [
        2793472,
        15.38970330953598
      ],
      [
        4194304,
        23.86813313762347
      ],
      [
        5591040,
        31.622786235809325
      ],
      [
        6987776,
        39.29203191399574
      ],
      [
        8388608,
        47.388118622700375
      ],
      [
        9785344,
        55.11578709085782
      ],
      [
        11182080,
        62.87326014637947
      ]
    ]
  }
}