{
  "run_id": "20250915_051752",
  "timestamp_unix": 1757913542.025575,
  "timestamp_iso": "2025-09-15T05:19:02+0000",
  "preprocess_ms_per_rank": {
    "0": [
      2.1964880267779034,
      2.588369490702947,
      4.042681127786636,
      6.524476595719656,
      11.32883035937945,
      15.667055102189382,
      16.679632099469504,
      24.265187555551528
    ]
  },
  "dispatch_ms_per_edge": {
    "0-1": [
      [
        1402200,
        10.274257544676463
      ],
      [
        2800300,
        17.598943028847376
      ],
      [
        4198400,
        25.97538296778997
      ],
      [
        5600600,
        34.14335426489512
      ],
      [
        6998700,
        42.044934594631194
      ],
      [
        8396800,
        49.54634599685669
      ],
      [
        9799000,
        57.61939503351847
      ],
      [
        11197100,
        65.2663597981135
      ]
    ],
    "0-2": [
      [
        1398100,
        10.274257544676463
      ],
      [
        2800300,
        17.598943028847376
      ],
      [
        4198400,
        25.97538296778997
      ],
      [
        5596500,
        34.14335426489512
      ],
      [
        6998700,
        42.044934594631194
      ],
      [
        8396800,
        49.54634599685669
      ],
      [
        9794900,
        57.61939503351847
      ],
      [
        11197100,
        65.2663597981135
      ]
    ],
    "0-3": [
      [
        1398100,
        10.274257544676463
      ],
      [
        2796200,
        17.598943028847376
      ],
      [
        4198400,
        25.97538296778997
      ],
      [
        5596500,
        34.14335426489512
      ],
      [
        6994600,
        42.044934594631194
      ],
      [
        8396800,
        49.54634599685669
      ],
      [
        9794900,
        57.61939503351847
      ],
      [
        11193000,
        65.2663597981135
      ]
    ]
  },
  "combine_ms_per_edge": {
    "0-1": [
      [
        1400832,
        8.480450646082561
      ],
      [
        2797568,
        15.377741193771362
      ],
      [
        4194304,
        22.432068953911465
      ],
      [
        5595136,
        27.408492199579875
      ],
      [
        6991872,
        31.230624802907307
      ],
      [
        8388608,
        35.72461142539978
      ],
      [
        9789440,
        41.12926582892736
      ],
      [
        11186176,
        40.63345858852069
      ]
    ],
    "0-2": [
      [
        1396736,
        8.480450646082561
      ],
      [
        2797568,
        15.377741193771362
      ],
      [
        4194304,
        22.432068953911465
      ],
      [
        5591040,
        27.408492199579875
      ],
      [
        6991872,
        31.230624802907307
      ],
      [
        8388608,
        35.72461142539978
      ],
      [
        9785344,
        41.12926582892736
      ],
      [
        11186176,
        40.63345858852069
      ]
    ],
    "0-3": [
      [
        1396736,
        8.480450646082561
      ],
      [
        2793472,
        15.377741193771362
      ],
      [
        4194304,
        22.432068953911465
      ],
      [
        5591040,
        27.408492199579875
      ],
      [
        6987776,
        31.230624802907307
      ],
      [
        8388608,
        35.72461142539978
      ],
      [
        9785344,
        41.12926582892736
      ],
      [
        11182080,
        40.63345858852069
      ]
    ]
  }
}