{
  "run_id": "20250915_051752",
  "timestamp_unix": 1757913542.0508442,
  "timestamp_iso": "2025-09-15T05:19:02+0000",
  "preprocess_ms_per_rank": {
    "3": [
      1.8609488288561502,
      1.5897457718849182,
      1.554071166117986,
      0.998607869942983,
      0.6018116931120555,
      1.324909367163976,
      0.9013549625873566,
      0.9531174997488657
    ]
  },
  "dispatch_ms_per_edge": {
    "3-0": [
      [
        1402200,
        10.731828963756561
      ],
      [
        2800300,
        18.123142661650977
      ],
      [
        4198400,
        26.487807703018188
      ],
      [
        5600600,
        34.67448117136955
      ],
      [
        6998700,
        42.65839464068413
      ],
      [
        8396800,
        50.159942338864006
      ],
      [
        9799000,
        58.260628400246304
      ],
      [
        11197100,
        65.9723517994086
      ]
    ],
    "3-1": [
      [
        1398100,
        10.731828963756561
      ],
      [
        2800300,
        18.123142661650977
      ],
      [
        4198400,
        26.487807703018188
      ],
      [
        5596500,
        34.67448117136955
      ],
      [
        6998700,
        42.65839464068413
      ],
      [
        8396800,
        50.159942338864006
      ],
      [
        9794900,
        58.260628400246304
      ],
      [
        11197100,
        65.9723517994086
      ]
    ],
    "3-2": [
      [
        1398100,
        10.731828963756561
      ],
      [
        2796200,
        18.123142661650977
      ],
      [
        4198400,
        26.487807703018188
      ],
      [
        5596500,
        34.67448117136955
      ],
      [
        6994600,
        42.65839464068413
      ],
      [
        8396800,
        50.159942338864006
      ],
      [
        9794900,
        58.260628400246304
      ],
      [
        11193000,
        65.9723517994086
      ]
    ]
  },
  "combine_ms_per_edge": {
    "3-0": [
      [
        1400832,
        8.145258069038391
      ],
      [
        2797568,
        15.479850498835246
      ],
      [
        4194304,
        24.014397180080415
      ],
      [
        5595136,
        31.686598767836887
      ],
      [
        6991872,
        39.3367276608944
      ],
      [
        8388608,
        47.40419230461121
      ],
      [
        9789440,
        55.132600502173105
      ],
      [
        11186176,
        62.90163386464119
      ]
    ],
    "3-1": [
      [
        1396736,
        8.145258069038391
      ],
      [
        2797568,
        15.479850498835246
      ],
      [
        4194304,
        24.014397180080415
      ],
      [
        5591040,
        31.686598767836887
      ],
      [
        6991872,
        39.3367276608944
      ],
      [
        8388608,
        47.40419230461121
      ],
      [
        9785344,
        55.132600502173105
      ],
      [
        11186176,
        62.90163386464119
      ]
    ],
    "3-2": [
      [
        1396736,
        8.145258069038391
      ],
      [
        2793472,
        15.479850498835246
      ],
      [
        4194304,
        24.014397180080415
      ],
      [
        5591040,
        31.686598767836887
      ],
      [
        6987776,
        39.3367276608944
      ],
      [
        8388608,
        47.40419230461121
      ],
      [
        9785344,
        55.132600502173105
      ],
      [
        11182080,
        62.90163386464119
      ]
    ]
  }
}