{
  "run_id": "20250915_051752",
  "timestamp_unix": 1757913542.0508559,
  "timestamp_iso": "2025-09-15T05:19:02+0000",
  "preprocess_ms_per_rank": {
    "1": [
      0.9228589693705241,
      1.2056528707345326,
      1.3187366326649983,
      1.5873954037825266,
      2.256990663210551,
      1.7522200326124826,
      1.9754096388816833,
      1.7559811353683472
    ]
  },
  "dispatch_ms_per_edge": {
    "1-0": [
      [
        1402200,
        11.095865492026011
      ],
      [
        2800300,
        18.204806731144586
      ],
      [
        4198400,
        26.467930295070012
      ],
      [
        5600600,
        34.20667929649353
      ],
      [
        6998700,
        41.71159068544706
      ],
      [
        8396800,
        49.51399073402087
      ],
      [
        9799000,
        57.49942146341006
      ],
      [
        11197100,
        65.3326616346836
      ]
    ],
    "1-2": [
      [
        1398100,
        11.095865492026011
      ],
      [
        2800300,
        18.204806731144586
      ],
      [
        4198400,
        26.467930295070012
      ],
      [
        5596500,
        34.20667929649353
      ],
      [
        6998700,
        41.71159068544706
      ],
      [
        8396800,
        49.51399073402087
      ],
      [
        9794900,
        57.49942146341006
      ],
      [
        11197100,
        65.3326616346836
      ]
    ],
    "1-3": [
      [
        1398100,
        11.095865492026011
      ],
      [
        2796200,
        18.204806731144586
      ],
      [
        4198400,
        26.467930295070012
      ],
      [
        5596500,
        34.20667929649353
      ],
      [
        6994600,
        41.71159068544706
      ],
      [
        8396800,
        49.51399073402087
      ],
      [
        9794900,
        57.49942146341006
      ],
      [
        11193000,
        65.3326616346836
      ]
    ]
  },
  "combine_ms_per_edge": {
    "1-0": [
      [
        1400832,
        8.28007670044899
      ],
      [
        2797568,
        15.458321466048558
      ],
      [
        4194304,
        23.793018527825673
      ],
      [
        5595136,
        31.577132534980773
      ],
      [
        6991872,
        39.24461599389712
      ],
      [
        8388608,
        47.39975686868032
      ],
      [
        9789440,
        55.11244632999102
      ],
      [
        11186176,
        62.87780997355779
      ]
    ],
    "1-2": [
      [
        1396736,
        8.28007670044899
      ],
      [
        2797568,
        15.458321466048558
      ],
      [
        4194304,
        23.793018527825673
      ],
      [
        5591040,
        31.577132534980773
      ],
      [
        6991872,
        39.24461599389712
      ],
      [
        8388608,
        47.39975686868032
      ],
      [
        9785344,
        55.11244632999102
      ],
      [
        11186176,
        62.87780997355779
      ]
    ],
    "1-3": [
      [
        1396736,
        8.28007670044899
      ],
      [
        2793472,
        15.458321466048558
      ],
      [
        4194304,
        23.793018527825673
      ],
      [
        5591040,
        31.577132534980773
      ],
      [
        6987776,
        39.24461599389712
      ],
      [
        8388608,
        47.39975686868032
      ],
      [
        9785344,
        55.11244632999102
      ],
      [
        11182080,
        62.87780997355779
      ]
    ]
  }
}