{
  "run_id": "20250915_073727",
  "timestamp_unix": 1757922030.2499633,
  "timestamp_iso": "2025-09-15T07:40:30+0000",
  "preprocess_ms_per_rank": {
    "2": [
      2.6095159967740376,
      16.794228935241698,
      15.175481170415878,
      2.436728898684184,
      36.52651550571124,
      34.96505043109258,
      2.6797568678855894,
      54.56973771850268,
      52.36187706987063,
      2.6137230058511096,
      54.72074756026268,
      69.36325437029203,
      2.574469856421153,
      55.03550007343292,
      86.70411886970201,
      3.112159562110901,
      55.6962508002917,
      104.12418267329534,
      2.6453305701414744,
      55.81411843895912,
      122.6712775627772,
      2.5827671686808267,
      55.28715877135595,
      141.3302176296711
    ]
  },
  "dispatch_ms_per_edge": {
    "2-0": [
      [
        4198400,
        26.056543467442193
      ],
      [
        8396800,
        49.56354783773422
      ],
      [
        12595200,
        73.0166351377964
      ],
      [
        16793600,
        96.42236563563347
      ],
      [
        20992000,
        119.87349049448967
      ],
      [
        25190400,
        143.62870640357335
      ],
      [
        29388800,
        166.57560973564784
      ],
      [
        33587200,
        190.0252352674802
      ]
    ],
    "2-1": [
      [
        4198400,
        24.060948928197224
      ],
      [
        8396800,
        47.49080987373988
      ],
      [
        12595200,
        70.93745206991831
      ],
      [
        16793600,
        94.35353068908056
      ],
      [
        20992000,
        117.78048547705015
      ],
      [
        25190400,
        141.23255996902785
      ],
      [
        29388800,
        164.70062796473502
      ],
      [
        33587200,
        188.16419213811557
      ]
    ],
    "2-3": [
      [
        4198400,
        24.172724729776384
      ],
      [
        8396800,
        47.55889203151067
      ],
      [
        12595200,
        70.99451903700829
      ],
      [
        16793600,
        94.44139089783033
      ],
      [
        20992000,
        117.8955962717533
      ],
      [
        25190400,
        141.2937861641248
      ],
      [
        29388800,
        164.68125546773274
      ],
      [
        33587200,
        188.22167995174726
      ]
    ]
  },
  "combine_ms_per_edge": {
    "2-0": [
      [
        4194304,
        22.73919250369072
      ],
      [
        8388608,
        46.12180406848589
      ],
      [
        12582912,
        69.52530806660653
      ],
      [
        16777216,
        92.96826436718305
      ],
      [
        20971520,
        116.45401556094488
      ],
      [
        25165824,
        140.07639035979906
      ],
      [
        29360128,
        163.48058305978776
      ],
      [
        33554432,
        186.96970474123955
      ]
    ],
    "2-1": [
      [
        4194304,
        7.913542475303014
      ],
      [
        8388608,
        11.586976661284764
      ],
      [
        12582912,
        16.913430056969325
      ],
      [
        16777216,
        40.19361590544383
      ],
      [
        20971520,
        63.319349143902464
      ],
      [
        25165824,
        86.10306093096733
      ],
      [
        29360128,
        109.44674606521924
      ],
      [
        33554432,
        133.3731623351574
      ]
    ],
    "2-3": [
      [
        4194304,
        9.391412796576818
      ],
      [
        8388608,
        13.247425025701522
      ],
      [
        12582912,
        19.311491763591768
      ],
      [
        16777216,
        25.79607513944308
      ],
      [
        20971520,
        32.07007547020912
      ],
      [
        25165824,
        38.03173937002818
      ],
      [
        29360128,
        43.03623799284299
      ],
      [
        33554432,
        48.01474116245905
      ]
    ]
  }
}