{
  "run_id": "20250915_073727",
  "timestamp_unix": 1757922030.2505202,
  "timestamp_iso": "2025-09-15T07:40:30+0000",
  "preprocess_ms_per_rank": {
    "1": [
      1.4652438362439473,
      16.72687022089958,
      14.02810170253118,
      1.5287242273489634,
      36.354875065883,
      33.791908303896584,
      1.6697936038176218,
      54.878589695692064,
      51.1690324763457,
      1.5697741687297821,
      73.34565713206926,
      68.21444380482038,
      1.5296002308527628,
      91.68747557202975,
      85.50445356567701,
      2.024658413728078,
      110.02820271253586,
      102.89410473704338,
      1.3797499656677246,
      128.2987762649854,
      121.42306653261184,
      1.4622984985510508,
      147.15821532607077,
      140.09484940767288
    ]
  },
  "dispatch_ms_per_edge": {
    "1-0": [
      [
        4198400,
        26.895844904581704
      ],
      [
        8396800,
        50.39304760495822
      ],
      [
        12595200,
        73.85312195618947
      ],
      [
        16793600,
        97.30041871269545
      ],
      [
        20992000,
        120.76710043350856
      ],
      [
        25190400,
        144.57611963152885
      ],
      [
        29388800,
        167.57890773415565
      ],
      [
        33587200,
        190.92817299962044
      ]
    ],
    "1-2": [
      [
        4198400,
        25.41274961034457
      ],
      [
        8396800,
        48.8591826081276
      ],
      [
        12595200,
        72.29017090002695
      ],
      [
        16793600,
        95.71186403632164
      ],
      [
        20992000,
        119.14734392762185
      ],
      [
        25190400,
        142.60413552323976
      ],
      [
        29388800,
        166.06966282327969
      ],
      [
        33587200,
        189.53867039879162
      ]
    ],
    "1-3": [
      [
        4198400,
        25.32927099466324
      ],
      [
        8396800,
        48.713382470607755
      ],
      [
        12595200,
        72.13126329580943
      ],
      [
        16793600,
        95.5685576915741
      ],
      [
        20992000,
        119.02290338873863
      ],
      [
        25190400,
        142.39756300052008
      ],
      [
        29388800,
        165.79110006093978
      ],
      [
        33587200,
        189.30541590452194
      ]
    ]
  },
  "combine_ms_per_edge": {
    "1-0": [
      [
        4194304,
        22.983189433813095
      ],
      [
        8388608,
        46.18946912089984
      ],
      [
        12582912,
        69.71860259970029
      ],
      [
        16777216,
        93.14305590391159
      ],
      [
        20971520,
        116.60554480353991
      ],
      [
        25165824,
        140.20254223744075
      ],
      [
        29360128,
        163.70747523307801
      ],
      [
        33554432,
        187.16796576976776
      ]
    ],
    "1-2": [
      [
        4194304,
        6.650525132815043
      ],
      [
        8388608,
        10.387745900948842
      ],
      [
        12582912,
        15.251225966215134
      ],
      [
        16777216,
        20.202126107613246
      ],
      [
        20971520,
        25.2464029053847
      ],
      [
        25165824,
        30.402064895629884
      ],
      [
        29360128,
        35.51083740393321
      ],
      [
        33554432,
        40.069058032830554
      ]
    ],
    "1-3": [
      [
        4194304,
        9.36839073896408
      ],
      [
        8388608,
        13.25962406595548
      ],
      [
        12582912,
        19.35099770029386
      ],
      [
        16777216,
        25.822120487689972
      ],
      [
        20971520,
        32.13150320847829
      ],
      [
        25165824,
        38.14063740173976
      ],
      [
        29360128,
        43.172531368335086
      ],
      [
        33554432,
        48.13689696192741
      ]
    ]
  }
}