{
  "run_id": "20250915_073727",
  "timestamp_unix": 1757922030.3874135,
  "timestamp_iso": "2025-09-15T07:40:30+0000",
  "preprocess_ms_per_rank": {
    "0": [
      1.3146162748336792,
      0.2701516032218933,
      0.269227667649587,
      1.0792779982089997,
      0.2714497665564219,
      0.2647413372993469,
      0.8977956036726634,
      0.26846563021341957,
      0.2671118974685669,
      1.0492837329705555,
      0.2654749393463135,
      0.2665197630723318,
      1.3254785656929016,
      0.2691843350728353,
      0.26855193376541137,
      1.1761746366818746,
      0.26751093864440917,
      0.2683928330739339,
      1.4608420570691427,
      0.2704175611337026,
      0.2665784994761149,
      1.5480047047138215,
      0.2756058931350708,
      0.2824607690175374
    ]
  },
  "dispatch_ms_per_edge": {
    "0-1": [
      [
        4198400,
        26.153443094094595
      ],
      [
        8396800,
        49.63758256236712
      ],
      [
        12595200,
        73.32408525943757
      ],
      [
        16793600,
        96.66082356969515
      ],
      [
        20992000,
        119.883539134264
      ],
      [
        25190400,
        143.94297950466475
      ],
      [
        29388800,
        166.6964235941569
      ],
      [
        33587200,
        190.13630990386008
      ]
    ],
    "0-2": [
      [
        4198400,
        25.925108299652734
      ],
      [
        8396800,
        49.315067899227145
      ],
      [
        12595200,
        72.71533237894376
      ],
      [
        16793600,
        96.12276743650436
      ],
      [
        20992000,
        119.53609600464503
      ],
      [
        25190400,
        142.97732993364335
      ],
      [
        29388800,
        166.4137818992138
      ],
      [
        33587200,
        189.86572420398394
      ]
    ],
    "0-3": [
      [
        4198400,
        25.940138991673788
      ],
      [
        8396800,
        49.28223297198613
      ],
      [
        12595200,
        72.69637121359507
      ],
      [
        16793600,
        96.13832580248514
      ],
      [
        20992000,
        119.59984986583392
      ],
      [
        25190400,
        142.97911694248518
      ],
      [
        29388800,
        166.3874859948953
      ],
      [
        33587200,
        189.88561833898225
      ]
    ]
  },
  "combine_ms_per_edge": {
    "0-1": [
      [
        4194304,
        23.94401729106903
      ],
      [
        8388608,
        47.33652953306834
      ],
      [
        12582912,
        70.94880460103353
      ],
      [
        16777216,
        94.31017916003863
      ],
      [
        20971520,
        117.70037092765172
      ],
      [
        25165824,
        141.50898732542993
      ],
      [
        29360128,
        164.5283018330733
      ],
      [
        33554432,
        187.8909488240878
      ]
    ],
    "0-2": [
      [
        4194304,
        22.598502504825593
      ],
      [
        8388608,
        45.99403163989385
      ],
      [
        12582912,
        69.45216263532639
      ],
      [
        16777216,
        92.90675293803216
      ],
      [
        20971520,
        116.34850699901581
      ],
      [
        25165824,
        139.82629112402597
      ],
      [
        29360128,
        163.26829563180607
      ],
      [
        33554432,
        186.71463792920113
      ]
    ],
    "0-3": [
      [
        4194304,
        22.724175562461216
      ],
      [
        8388608,
        46.205834833780926
      ],
      [
        12582912,
        69.67336049874623
      ],
      [
        16777216,
        93.22856100201606
      ],
      [
        20971520,
        116.78374717235565
      ],
      [
        25165824,
        140.289155570666
      ],
      [
        29360128,
        163.80024130543072
      ],
      [
        33554432,
        187.25747092962266
      ]
    ]
  }
}