{
  "run_id": "20250915_073727",
  "timestamp_unix": 1757922030.3348558,
  "timestamp_iso": "2025-09-15T07:40:30+0000",
  "preprocess_ms_per_rank": {
    "3": [
      2.216155167420705,
      17.01117708881696,
      15.173833207289379,
      2.37453564008077,
      36.66702643831571,
      34.93008237083753,
      2.588327892621358,
      55.23281569480896,
      52.29833150307338,
      2.4685157358646395,
      73.80717239777248,
      53.78051819006602,
      2.4316648582617444,
      92.20473587115606,
      54.24338982701302,
      2.9181056380271913,
      110.7260789970557,
      54.53179213007291,
      2.3600112974643705,
      128.96879193584124,
      54.87114139000575,
      2.2550399084885915,
      147.86963515877724,
      54.35381982127826
    ]
  },
  "dispatch_ms_per_edge": {
    "3-0": [
      [
        4198400,
        26.156124931573867
      ],
      [
        8396800,
        49.480810262759526
      ],
      [
        12595200,
        72.92849155664445
      ],
      [
        16793600,
        96.40422788659731
      ],
      [
        20992000,
        119.86305932601293
      ],
      [
        25190400,
        143.72080920139948
      ],
      [
        29388800,
        166.72644203305245
      ],
      [
        33587200,
        190.20475042462348
      ]
    ],
    "3-1": [
      [
        4198400,
        23.991414324442545
      ],
      [
        8396800,
        47.39846149285634
      ],
      [
        12595200,
        70.82840096751849
      ],
      [
        16793600,
        94.23100993434588
      ],
      [
        20992000,
        117.63348503311475
      ],
      [
        25190400,
        141.06538279652597
      ],
      [
        29388800,
        164.50088443160058
      ],
      [
        33587200,
        187.93815632661185
      ]
    ],
    "3-2": [
      [
        4198400,
        23.9781387368838
      ],
      [
        8396800,
        47.410277634859085
      ],
      [
        12595200,
        70.87125262618065
      ],
      [
        16793600,
        94.34422984321913
      ],
      [
        20992000,
        117.80082550644875
      ],
      [
        25190400,
        141.22457266052564
      ],
      [
        29388800,
        164.63778974413873
      ],
      [
        33587200,
        188.1840958714485
      ]
    ]
  },
  "combine_ms_per_edge": {
    "3-0": [
      [
        4194304,
        23.032659804821016
      ],
      [
        8388608,
        46.24525269269943
      ],
      [
        12582912,
        69.69911050200463
      ],
      [
        16777216,
        93.14591893752416
      ],
      [
        20971520,
        116.61121299862862
      ],
      [
        25165824,
        140.16429276466368
      ],
      [
        29360128,
        163.60240516463915
      ],
      [
        33554432,
        187.10987990895907
      ]
    ],
    "3-1": [
      [
        4194304,
        7.796856158971787
      ],
      [
        8388608,
        11.535997227827709
      ],
      [
        12582912,
        16.343162504831948
      ],
      [
        16777216,
        21.26359225908915
      ],
      [
        20971520,
        26.267253402868906
      ],
      [
        25165824,
        31.256550163030624
      ],
      [
        29360128,
        36.43312639991442
      ],
      [
        33554432,
        41.04283962249756
      ]
    ],
    "3-2": [
      [
        4194304,
        9.585648133357365
      ],
      [
        8388608,
        13.373111534118653
      ],
      [
        12582912,
        19.484266330798466
      ],
      [
        16777216,
        41.50760367115338
      ],
      [
        20971520,
        64.58339323600133
      ],
      [
        25165824,
        87.78141795992852
      ],
      [
        29360128,
        110.9104784031709
      ],
      [
        33554432,
        134.89646513660747
      ]
    ]
  }
}