{
  "run_id": "20250908_135112",
  "timestamp_unix": 1757339476.9539464,
  "timestamp_iso": "2025-09-08T13:51:16+0000",
  "preprocess_ms_per_rank": {
    "0": [
      0.30924334526062014,
      0.2617773691813151,
      0.2201825459798177,
      0.21761800448099772,
      0.22265488306681316,
      0.2259518305460612,
      0.22068694432576497,
      0.24106095631917318
    ]
  },
  "dispatch_ms_per_edge": {
    "0-1": [
      [
        971700,
        1.8607654253641763
      ],
      [
        1976200,
        2.5341358025868734
      ],
      [
        3017600,
        3.2437153657277427
      ],
      [
        4194300,
        3.453110996882121
      ],
      [
        5219300,
        4.485457261403401
      ],
      [
        6568200,
        4.816455554962158
      ],
      [
        7515300,
        5.58878428141276
      ],
      [
        8515700,
        6.0675094763437905
      ]
    ]
  },
  "combine_ms_per_edge": {
    "0-1": [
      [
        970752,
        1.3002816836039226
      ],
      [
        1974272,
        1.9033405780792236
      ],
      [
        3014656,
        2.6878445784250897
      ],
      [
        4190208,
        2.8144871870676678
      ],
      [
        5214208,
        3.7077701568603514
      ],
      [
        6561792,
        4.013660462697347
      ],
      [
        7507968,
        4.728220256169637
      ],
      [
        8507392,
        5.153038088480631
      ]
    ]
  }
}