{
  "run_id": "20250910_064001",
  "timestamp_unix": 1757486420.7728784,
  "timestamp_iso": "2025-09-10T06:40:20+0000",
  "dispatch": {
    "alpha_ms": [
      [
        0.0,
        0.655732013140119,
        0.6571619940895189,
        0.658596576477274
      ],
      [
        0.7549668167518506,
        0.0,
        0.7563975811864626,
        0.757831004736163
      ],
      [
        0.7547190065347825,
        0.7561500736195195,
        0.0,
        0.7575835829697708
      ],
      [
        0.7527677725605488,
        0.7541982645057139,
        0.755631706147591,
        0.0
      ]
    ],
    "beta_ms_per_byte": [
      [
        0.0,
        6.973903949110782e-07,
        6.972881958528742e-07,
        6.972874608811945e-07
      ],
      [
        6.970170607727348e-07,
        0.0,
        6.969146950659364e-07,
        6.969140162953024e-07
      ],
      [
        6.972015436413016e-07,
        6.97099161706944e-07,
        0.0,
        6.970985247275817e-07
      ],
      [
        6.971627598621534e-07,
        6.970604544369505e-07,
        6.970598157934726e-07,
        0.0
      ]
    ],
    "r_squared": [
      [
        1.0,
        0.9999964839126543,
        0.999996391274092,
        0.9999942831969894
      ],
      [
        0.9999952471160996,
        1.0,
        0.9999945192272833,
        0.9999925713085842
      ],
      [
        0.999995832710111,
        0.9999951359958116,
        1.0,
        0.9999933084911815
      ],
      [
        0.9999964509603491,
        0.9999959574233599,
        0.9999941250411053,
        1.0
      ]
    ]
  },
  "combine": {
    "alpha_ms": [
      [
        0.0,
        0.3128933304375138,
        0.31428615975154134,
        0.31566690689563426
      ],
      [
        0.3199745857451063,
        0.0,
        0.32135000877605613,
        0.3227064051436067
      ],
      [
        0.3175396778181628,
        0.31892041222273637,
        0.0,
        0.3202878779969325
      ],
      [
        0.31312810464263613,
        0.3145166720402384,
        0.3158968985256588,
        0.0
      ]
    ],
    "beta_ms_per_byte": [
      [
        0.0,
        6.758818667711307e-07,
        6.75781631966647e-07,
        6.757820975169812e-07
      ],
      [
        6.668954200343907e-07,
        0.0,
        6.667963587873383e-07,
        6.667976755477613e-07
      ],
      [
        6.708090626071491e-07,
        6.70709814858598e-07,
        0.0,
        6.707106945413238e-07
      ],
      [
        6.748875172988374e-07,
        6.747877464870721e-07,
        6.747879952879226e-07,
        0.0
      ]
    ],
    "r_squared": [
      [
        1.0,
        0.9999900196642378,
        0.9999864119916735,
        0.9999877897863522
      ],
      [
        0.9999866722580765,
        1.0,
        0.9999825872400746,
        0.9999865366881404
      ],
      [
        0.9999938180509287,
        0.9999909103558011,
        1.0,
        0.9999935334732422
      ],
      [
        0.9999945033408553,
        0.9999918338013093,
        0.9999925712150101,
        1.0
      ]
    ]
  },
  "preprocess": {
    "latency_ms": [
      [
        0.23607843998586758,
        2.9239369999757034,
        1.578338480007369,
        3.007292330006603
      ]
    ]
  }
}