{
  "run_id": "20250910_055115",
  "timestamp_unix": 1757483495.3569047,
  "timestamp_iso": "2025-09-10T05:51:35+0000",
  "preprocess_ms_per_rank": {
    "1": [
      1.3754322814941407,
      2.533464469909668,
      4.154854316711425,
      5.0885020446777345
    ]
  },
  "dispatch_ms_per_edge": {
    "1-0": [
      [
        2099200,
        2.854771385192871
      ],
      [
        4198400,
        4.933336639404297
      ],
      [
        6297600,
        7.119260368347168
      ],
      [
        8396800,
        9.245453491210938
      ]
    ],
    "1-1": [
      [
        2099200,
        2.854771385192871
      ],
      [
        4198400,
        4.933336639404297
      ],
      [
        6297600,
        7.119260368347168
      ],
      [
        8396800,
        9.245453491210938
      ]
    ],
    "1-2": [
      [
        2099200,
        2.854771385192871
      ],
      [
        4198400,
        4.933336639404297
      ],
      [
        6297600,
        7.119260368347168
      ],
      [
        8396800,
        9.245453491210938
      ]
    ],
    "1-3": [
      [
        2099200,
        2.854771385192871
      ],
      [
        4198400,
        4.933336639404297
      ],
      [
        6297600,
        7.119260368347168
      ],
      [
        8396800,
        9.245453491210938
      ]
    ]
  },
  "combine_ms_per_edge": {
    "1-0": [
      [
        2097152,
        2.3758663177490233
      ],
      [
        4194304,
        4.453575935363769
      ],
      [
        6291456,
        6.54573501586914
      ],
      [
        8388608,
        8.59931541442871
      ]
    ],
    "1-1": [
      [
        2097152,
        2.3758663177490233
      ],
      [
        4194304,
        4.453575935363769
      ],
      [
        6291456,
        6.54573501586914
      ],
      [
        8388608,
        8.59931541442871
      ]
    ],
    "1-2": [
      [
        2097152,
        2.3758663177490233
      ],
      [
        4194304,
        4.453575935363769
      ],
      [
        6291456,
        6.54573501586914
      ],
      [
        8388608,
        8.59931541442871
      ]
    ],
    "1-3": [
      [
        2097152,
        2.3758663177490233
      ],
      [
        4194304,
        4.453575935363769
      ],
      [
        6291456,
        6.54573501586914
      ],
      [
        8388608,
        8.59931541442871
      ]
    ]
  }
}