{
  "run_id": "20250910_055115",
  "timestamp_unix": 1757483495.3568919,
  "timestamp_iso": "2025-09-10T05:51:35+0000",
  "preprocess_ms_per_rank": {
    "0": [
      1.4948662948608398,
      2.8370732498168945,
      4.905147018432618,
      6.1420848846435545
    ]
  },
  "dispatch_ms_per_edge": {
    "0-0": [
      [
        2099200,
        2.8550367736816407
      ],
      [
        4198400,
        4.933671646118164
      ],
      [
        6297600,
        7.119254112243652
      ],
      [
        8396800,
        9.244702835083007
      ]
    ],
    "0-1": [
      [
        2099200,
        2.8550367736816407
      ],
      [
        4198400,
        4.933671646118164
      ],
      [
        6297600,
        7.119254112243652
      ],
      [
        8396800,
        9.244702835083007
      ]
    ],
    "0-2": [
      [
        2099200,
        2.8550367736816407
      ],
      [
        4198400,
        4.933671646118164
      ],
      [
        6297600,
        7.119254112243652
      ],
      [
        8396800,
        9.244702835083007
      ]
    ],
    "0-3": [
      [
        2099200,
        2.8550367736816407
      ],
      [
        4198400,
        4.933671646118164
      ],
      [
        6297600,
        7.119254112243652
      ],
      [
        8396800,
        9.244702835083007
      ]
    ]
  },
  "combine_ms_per_edge": {
    "0-0": [
      [
        2097152,
        2.3713762283325197
      ],
      [
        4194304,
        4.450705413818359
      ],
      [
        6291456,
        6.5456876373291015
      ],
      [
        8388608,
        8.600696525573731
      ]
    ],
    "0-1": [
      [
        2097152,
        2.3713762283325197
      ],
      [
        4194304,
        4.450705413818359
      ],
      [
        6291456,
        6.5456876373291015
      ],
      [
        8388608,
        8.600696525573731
      ]
    ],
    "0-2": [
      [
        2097152,
        2.3713762283325197
      ],
      [
        4194304,
        4.450705413818359
      ],
      [
        6291456,
        6.5456876373291015
      ],
      [
        8388608,
        8.600696525573731
      ]
    ],
    "0-3": [
      [
        2097152,
        2.3713762283325197
      ],
      [
        4194304,
        4.450705413818359
      ],
      [
        6291456,
        6.5456876373291015
      ],
      [
        8388608,
        8.600696525573731
      ]
    ]
  }
}