{
  "run_id": "20250910_055115",
  "timestamp_unix": 1757483495.3569076,
  "timestamp_iso": "2025-09-10T05:51:35+0000",
  "preprocess_ms_per_rank": {
    "3": [
      1.0528984069824219,
      2.055491485595703,
      3.3453057861328124,
      3.3347336196899415
    ]
  },
  "dispatch_ms_per_edge": {
    "3-0": [
      [
        2099200,
        2.849433250427246
      ],
      [
        4198400,
        4.9351546096801755
      ],
      [
        6297600,
        7.120741844177246
      ],
      [
        8396800,
        9.247064781188964
      ]
    ],
    "3-1": [
      [
        2099200,
        2.849433250427246
      ],
      [
        4198400,
        4.9351546096801755
      ],
      [
        6297600,
        7.120741844177246
      ],
      [
        8396800,
        9.247064781188964
      ]
    ],
    "3-2": [
      [
        2099200,
        2.849433250427246
      ],
      [
        4198400,
        4.9351546096801755
      ],
      [
        6297600,
        7.120741844177246
      ],
      [
        8396800,
        9.247064781188964
      ]
    ],
    "3-3": [
      [
        2099200,
        2.849433250427246
      ],
      [
        4198400,
        4.9351546096801755
      ],
      [
        6297600,
        7.120741844177246
      ],
      [
        8396800,
        9.247064781188964
      ]
    ]
  },
  "combine_ms_per_edge": {
    "3-0": [
      [
        2097152,
        2.3966224670410154
      ],
      [
        4194304,
        4.48889591217041
      ],
      [
        6291456,
        6.607585906982422
      ],
      [
        8388608,
        8.675104293823242
      ]
    ],
    "3-1": [
      [
        2097152,
        2.3966224670410154
      ],
      [
        4194304,
        4.48889591217041
      ],
      [
        6291456,
        6.607585906982422
      ],
      [
        8388608,
        8.675104293823242
      ]
    ],
    "3-2": [
      [
        2097152,
        2.3966224670410154
      ],
      [
        4194304,
        4.48889591217041
      ],
      [
        6291456,
        6.607585906982422
      ],
      [
        8388608,
        8.675104293823242
      ]
    ],
    "3-3": [
      [
        2097152,
        2.3966224670410154
      ],
      [
        4194304,
        4.48889591217041
      ],
      [
        6291456,
        6.607585906982422
      ],
      [
        8388608,
        8.675104293823242
      ]
    ]
  }
}