{
  "run_id": "20250910_055115",
  "timestamp_unix": 1757483495.3569062,
  "timestamp_iso": "2025-09-10T05:51:35+0000",
  "preprocess_ms_per_rank": {
    "2": [
      0.3409614181518555,
      0.22820175170898438,
      0.23077922821044922,
      0.23762096405029298
    ]
  },
  "dispatch_ms_per_edge": {
    "2-0": [
      [
        2099200,
        2.762179069519043
      ],
      [
        4198400,
        4.843224678039551
      ],
      [
        6297600,
        7.028145523071289
      ],
      [
        8396800,
        9.156048736572266
      ]
    ],
    "2-1": [
      [
        2099200,
        2.762179069519043
      ],
      [
        4198400,
        4.843224678039551
      ],
      [
        6297600,
        7.028145523071289
      ],
      [
        8396800,
        9.156048736572266
      ]
    ],
    "2-2": [
      [
        2099200,
        2.762179069519043
      ],
      [
        4198400,
        4.843224678039551
      ],
      [
        6297600,
        7.028145523071289
      ],
      [
        8396800,
        9.156048736572266
      ]
    ],
    "2-3": [
      [
        2099200,
        2.762179069519043
      ],
      [
        4198400,
        4.843224678039551
      ],
      [
        6297600,
        7.028145523071289
      ],
      [
        8396800,
        9.156048736572266
      ]
    ]
  },
  "combine_ms_per_edge": {
    "2-0": [
      [
        2097152,
        2.380546875
      ],
      [
        4194304,
        4.47044261932373
      ],
      [
        6291456,
        6.604491004943847
      ],
      [
        8388608,
        8.660009765625
      ]
    ],
    "2-1": [
      [
        2097152,
        2.380546875
      ],
      [
        4194304,
        4.47044261932373
      ],
      [
        6291456,
        6.604491004943847
      ],
      [
        8388608,
        8.660009765625
      ]
    ],
    "2-2": [
      [
        2097152,
        2.380546875
      ],
      [
        4194304,
        4.47044261932373
      ],
      [
        6291456,
        6.604491004943847
      ],
      [
        8388608,
        8.660009765625
      ]
    ],
    "2-3": [
      [
        2097152,
        2.380546875
      ],
      [
        4194304,
        4.47044261932373
      ],
      [
        6291456,
        6.604491004943847
      ],
      [
        8388608,
        8.660009765625
      ]
    ]
  }
}