{
  "run_id": "20250908_124051",
  "timestamp_unix": 1757335258.4869735,
  "timestamp_iso": "2025-09-08T12:40:58+0000",
  "dispatch": {
    "alpha_ms": [
      [
        0.0,
        0.7992716294390281,
        0.5654192526170011,
        0.6012833793475346
      ],
      [
        0.807322983864027,
        0.0,
        0.6724034906559766,
        0.6947907122201464
      ],
      [
        0.823006127495197,
        0.6646421295428602,
        0.0,
        0.6861559420622996
      ],
      [
        0.748230172104521,
        0.5795325359030492,
        0.6867678478179201,
        0.0
      ]
    ],
    "beta_ms_per_byte": [
      [
        0.0,
        3.391296724971122e-07,
        3.1884738906000956e-07,
        3.2054561408214385e-07
      ],
      [
        3.33009644834273e-07,
        0.0,
        3.378772248871524e-07,
        3.1982632333625914e-07
      ],
      [
        3.1675602169825876e-07,
        3.379760371144402e-07,
        0.0,
        3.359666554276989e-07
      ],
      [
        3.178675472974589e-07,
        3.19354611795776e-07,
        3.417707109381422e-07,
        0.0
      ]
    ],
    "r_squared": [
      [
        1.0,
        0.9999709737683449,
        0.9999882656327219,
        0.9998187692039406
      ],
      [
        0.9999732830446322,
        1.0,
        0.9999848402369271,
        0.9999882904862967
      ],
      [
        0.9999660615013151,
        0.9999845066157743,
        1.0,
        0.9999875963882574
      ],
      [
        0.999946432086036,
        0.9999682918590178,
        0.9999851392579325,
        1.0
      ]
    ]
  },
  "combine": {
    "alpha_ms": [
      [
        0.0,
        0.16235188080070984,
        0.37757009359506444,
        0.17443885294853306
      ],
      [
        0.11181531698919167,
        0.0,
        0.22025001354706106,
        0.13824834051401974
      ],
      [
        0.15549351058990787,
        0.20410337016971278,
        0.0,
        0.10326478079102486
      ],
      [
        0.18281656830256288,
        0.3160624336134517,
        0.08909674778319095,
        0.0
      ]
    ],
    "beta_ms_per_byte": [
      [
        0.0,
        3.3648873217830676e-07,
        3.496252227725543e-07,
        3.699192131711194e-07
      ],
      [
        3.385222330348848e-07,
        0.0,
        3.2822524736486784e-07,
        3.645119760238168e-07
      ],
      [
        3.5646428737947017e-07,
        3.319359288674225e-07,
        0.0,
        3.522044857472514e-07
      ],
      [
        3.5822003125438077e-07,
        3.5129847143640015e-07,
        3.4871933841581853e-07,
        0.0
      ]
    ],
    "r_squared": [
      [
        1.0,
        0.9999652162779016,
        0.9999944832704747,
        0.999866117509573
      ],
      [
        0.9999966661565537,
        1.0,
        0.999993229928507,
        0.9999041627553377
      ],
      [
        0.99994552168791,
        0.9999987248342644,
        1.0,
        0.9999500121042958
      ],
      [
        0.9999729221967047,
        0.9999339624884409,
        0.9999647321796284,
        1.0
      ]
    ]
  },
  "preprocess": {
    "latency_ms": [
      [
        0.2641249537467957,
        0.2426029086112976,
        0.24726564089457193,
        0.24390053749084473
      ]
    ]
  }
}