{
  "run_id": "20250910_055115",
  "timestamp_unix": 1757483495.3604665,
  "timestamp_iso": "2025-09-10T05:51:35+0000",
  "dispatch": {
    "alpha_ms": [
      [
        0.6995211791992195,
        0.6995211791992195,
        0.6995211791992195,
        0.6995211791992195
      ],
      [
        0.6987129592895508,
        0.6987129592895508,
        0.6987129592895508,
        0.6987129592895508
      ],
      [
        0.6057670402526839,
        0.6057670402526839,
        0.6057670402526839,
        0.6057670402526839
      ],
      [
        0.6934781646728491,
        0.6934781646728491,
        0.6934781646728491,
        0.6934781646728491
      ]
    ],
    "beta_ms_per_byte": [
      [
        1.0172723251871946e-06,
        1.0172723251871946e-06,
        1.0172723251871946e-06,
        1.0172723251871946e-06
      ],
      [
        1.0174337865375893e-06,
        1.0174337865375893e-06,
        1.0174337865375893e-06,
        1.0174337865375893e-06
      ],
      [
        1.017841551362015e-06,
        1.017841551362015e-06,
        1.017841551362015e-06,
        1.017841551362015e-06
      ],
      [
        1.0184109101935136e-06,
        1.0184109101935136e-06,
        1.0184109101935136e-06,
        1.0184109101935136e-06
      ]
    ],
    "r_squared": [
      [
        0.9999147609682909,
        0.9999147609682909,
        0.9999147609682909,
        0.9999147609682909
      ],
      [
        0.99991393983854,
        0.99991393983854,
        0.99991393983854,
        0.99991393983854
      ],
      [
        0.9999192565059152,
        0.9999192565059152,
        0.9999192565059152,
        0.9999192565059152
      ],
      [
        0.9999265656716136,
        0.9999265656716136,
        0.9999265656716136,
        0.9999265656716136
      ]
    ]
  },
  "combine": {
    "alpha_ms": [
      [
        0.29638067245483124,
        0.29638067245483124,
        0.29638067245483124,
        0.29638067245483124
      ],
      [
        0.3029965782165518,
        0.3029965782165518,
        0.3029965782165518,
        0.3029965782165518
      ],
      [
        0.28576330184936477,
        0.28576330184936477,
        0.28576330184936477,
        0.28576330184936477
      ],
      [
        0.303518276214601,
        0.303518276214601,
        0.303518276214601,
        0.303518276214601
      ]
    ],
    "beta_ms_per_byte": [
      [
        9.91007953416557e-07,
        9.91007953416557e-07,
        9.91007953416557e-07,
        9.91007953416557e-07
      ],
      [
        9.90033453490469e-07,
        9.90033453490469e-07,
        9.90033453490469e-07,
        9.90033453490469e-07
      ],
      [
        1.0000437287089884e-06,
        1.0000437287089884e-06,
        1.0000437287089884e-06,
        1.0000437287089884e-06
      ],
      [
        9.99171041257796e-07,
        9.99171041257796e-07,
        9.99171041257796e-07,
        9.99171041257796e-07
      ]
    ],
    "r_squared": [
      [
        0.999985989436352,
        0.999985989436352,
        0.999985989436352,
        0.999985989436352
      ],
      [
        0.9999867240835912,
        0.9999867240835912,
        0.9999867240835912,
        0.9999867240835912
      ],
      [
        0.9999523493174,
        0.9999523493174,
        0.9999523493174,
        0.9999523493174
      ],
      [
        0.9999793115472019,
        0.9999793115472019,
        0.9999793115472019,
        0.9999793115472019
      ]
    ]
  },
  "preprocess": {
    "latency_ms": [
      [
        3.844792861938477,
        3.2880632781982424,
        0.2593908405303955,
        2.44710732460022
      ]
    ]
  }
}