{
  "run_id": "20250915_063431",
  "timestamp_unix": 1757918210.2991893,
  "timestamp_iso": "2025-09-15T06:36:50+0000",
  "preprocess_ms_per_rank": {
    "3": [
      1.010543692111969,
      0.4688799341519674,
      2.1292840282122296,
      1.1638692617416382,
      0.582023537158966,
      2.0835076769193015,
      1.0900188088417053,
      0.7111005306243896,
      1.994992341597875,
      1.109729125102361,
      0.7243776341279348,
      1.997651034593582,
      1.113409407933553,
      0.7547268708546956,
      1.9640755653381348,
      1.2016406973203024,
      0.9546078046162924,
      1.887885582447052,
      1.110553898413976,
      0.9869767010211945,
      1.7978295683860779,
      1.152958869934082,
      0.996967633565267,
      1.8468710442384084
    ]
  },
  "dispatch_ms_per_edge": {
    "3-0": [
      [
        4198400,
        25.97768363157908
      ],
      [
        8396800,
        49.40975283185641
      ],
      [
        12595200,
        72.75551050504049
      ],
      [
        16793600,
        96.14728386203448
      ],
      [
        20992000,
        119.69979679584503
      ],
      [
        25190400,
        143.05408344070116
      ],
      [
        29388800,
        166.524497371912
      ],
      [
        33587200,
        189.99695639212925
      ]
    ],
    "3-1": [
      [
        4198400,
        25.854885365565618
      ],
      [
        8396800,
        49.24288969635963
      ],
      [
        12595200,
        72.55484616756439
      ],
      [
        16793600,
        95.90900080402692
      ],
      [
        20992000,
        119.29880543351173
      ],
      [
        25190400,
        142.5475631713867
      ],
      [
        29388800,
        165.9400778333346
      ],
      [
        33587200,
        189.36679760416348
      ]
    ],
    "3-2": [
      [
        4198400,
        24.073807336886723
      ],
      [
        8396800,
        47.747921566168465
      ],
      [
        12595200,
        71.2609217385451
      ],
      [
        16793600,
        94.80596816937128
      ],
      [
        20992000,
        118.27945871154468
      ],
      [
        25190400,
        141.67862959901493
      ],
      [
        29388800,
        165.53725896875065
      ],
      [
        33587200,
        188.98514406879744
      ]
    ]
  },
  "combine_ms_per_edge": {
    "3-0": [
      [
        4194304,
        23.48589800198873
      ],
      [
        8388608,
        46.97871086001396
      ],
      [
        12582912,
        70.38050777117411
      ],
      [
        16777216,
        93.90275769432385
      ],
      [
        20971520,
        117.4714127600193
      ],
      [
        25165824,
        140.91256847778956
      ],
      [
        29360128,
        164.3918221135934
      ],
      [
        33554432,
        187.87896246910094
      ]
    ],
    "3-1": [
      [
        4194304,
        6.8589736719926195
      ],
      [
        8388608,
        11.534800668557486
      ],
      [
        12582912,
        16.262903632720313
      ],
      [
        16777216,
        20.965944530566535
      ],
      [
        20971520,
        25.5108780503273
      ],
      [
        25165824,
        29.876569962501527
      ],
      [
        29360128,
        34.56012377341588
      ],
      [
        33554432,
        38.30395306746165
      ]
    ],
    "3-2": [
      [
        4194304,
        6.912023703257243
      ],
      [
        8388608,
        13.509337842464447
      ],
      [
        12582912,
        19.487344694137573
      ],
      [
        16777216,
        27.140177128712335
      ],
      [
        20971520,
        33.267659268776576
      ],
      [
        25165824,
        40.499143064022064
      ],
      [
        29360128,
        48.55565986831983
      ],
      [
        33554432,
        53.87989640235901
      ]
    ]
  }
}