{
  "run_id": "20250915_063431",
  "timestamp_unix": 1757918210.299321,
  "timestamp_iso": "2025-09-15T06:36:50+0000",
  "preprocess_ms_per_rank": {
    "0": [
      19.528089535236358,
      2.61149626771609,
      1.5958111623922984,
      37.15538037220637,
      2.8707689662774403,
      1.6161890665690104,
      48.33990943829219,
      2.9802883009115857,
      1.5562953968842825,
      41.798921604951225,
      3.037432461977005,
      1.680343852440516,
      38.719322899977364,
      3.115849663813909,
      1.6594850281874338,
      43.338259063164394,
      3.085054099559784,
      1.6376604318618775,
      44.329724343617755,
      3.313680863380432,
      1.8283263405164083,
      40.590242010355,
      3.638329337040583,
      1.9678922772407532
    ]
  },
  "dispatch_ms_per_edge": {
    "0-1": [
      [
        4198400,
        25.477345567941665
      ],
      [
        8396800,
        48.94800263047218
      ],
      [
        12595200,
        72.31350269714991
      ],
      [
        16793600,
        95.74215665459633
      ],
      [
        20992000,
        119.10794486800829
      ],
      [
        25190400,
        142.50704059203466
      ],
      [
        29388800,
        165.97440486947696
      ],
      [
        33587200,
        189.5370421687762
      ]
    ],
    "0-2": [
      [
        4198400,
        25.778916400671005
      ],
      [
        8396800,
        49.15406113862991
      ],
      [
        12595200,
        72.49047572811445
      ],
      [
        16793600,
        95.81187410751978
      ],
      [
        20992000,
        119.19936573108038
      ],
      [
        25190400,
        142.4355586965879
      ],
      [
        29388800,
        165.83873893419903
      ],
      [
        33587200,
        188.95087287227312
      ]
    ],
    "0-3": [
      [
        4198400,
        24.62815980911255
      ],
      [
        8396800,
        48.31056026617686
      ],
      [
        12595200,
        71.83336398998897
      ],
      [
        16793600,
        95.27824651598931
      ],
      [
        20992000,
        118.71146940986316
      ],
      [
        25190400,
        142.10611423651378
      ],
      [
        29388800,
        165.71911156574885
      ],
      [
        33587200,
        189.03447990020115
      ]
    ]
  },
  "combine_ms_per_edge": {
    "0-1": [
      [
        4194304,
        5.330812293291092
      ],
      [
        8388608,
        11.392122534910838
      ],
      [
        12582912,
        23.53163616657257
      ],
      [
        16777216,
        53.309461039304736
      ],
      [
        20971520,
        80.54811509847642
      ],
      [
        25165824,
        99.36638313531876
      ],
      [
        29360128,
        121.79810573657353
      ],
      [
        33554432,
        149.0236604352792
      ]
    ],
    "0-2": [
      [
        4194304,
        4.762192523479461
      ],
      [
        8388608,
        9.342768172423044
      ],
      [
        12582912,
        14.05208216905594
      ],
      [
        16777216,
        18.764696019887925
      ],
      [
        20971520,
        23.26438053448995
      ],
      [
        25165824,
        27.79094050327937
      ],
      [
        29360128,
        32.29343256354332
      ],
      [
        33554432,
        36.08249983390172
      ]
    ],
    "0-3": [
      [
        4194304,
        6.9043235341707865
      ],
      [
        8388608,
        13.408773732185363
      ],
      [
        12582912,
        19.32640459338824
      ],
      [
        16777216,
        26.998452061414717
      ],
      [
        20971520,
        33.10680940548579
      ],
      [
        25165824,
        40.30291756590207
      ],
      [
        29360128,
        48.34934489528338
      ],
      [
        33554432,
        53.66200393835704
      ]
    ]
  }
}