{
  "run_id": "20250915_063431",
  "timestamp_unix": 1757918210.2988696,
  "timestamp_iso": "2025-09-15T06:36:50+0000",
  "preprocess_ms_per_rank": {
    "2": [
      2.3632656633853912,
      2.04830339550972,
      2.1100099960962932,
      2.4785799662272137,
      2.118959438800812,
      2.361744672060013,
      2.3655756612618766,
      2.0958824773629505,
      2.455857463677724,
      2.3556528985500336,
      2.1187140981356305,
      2.5614684402942656,
      2.4464441339174905,
      2.1839592337608336,
      2.561246911684672,
      2.4864958922068277,
      2.1408654789129895,
      2.5180313646793366,
      2.4326581060886383,
      2.2180988252162934,
      2.6841100653012595,
      2.567706235249837,
      2.2081506073474886,
      2.7599480032920836
    ]
  },
  "dispatch_ms_per_edge": {
    "2-0": [
      [
        4198400,
        24.791070572535197
      ],
      [
        8396800,
        48.27707923849424
      ],
      [
        12595200,
        71.6237818578879
      ],
      [
        16793600,
        95.02264376680056
      ],
      [
        20992000,
        118.51651986440022
      ],
      [
        25190400,
        141.89986444115638
      ],
      [
        29388800,
        165.33593316276867
      ],
      [
        33587200,
        188.76026357014973
      ]
    ],
    "2-1": [
      [
        4198400,
        24.218520762523017
      ],
      [
        8396800,
        47.66654453277588
      ],
      [
        12595200,
        71.12910206317902
      ],
      [
        16793600,
        94.51658881902695
      ],
      [
        20992000,
        117.9386280675729
      ],
      [
        25190400,
        141.40380956927936
      ],
      [
        29388800,
        164.81396033366522
      ],
      [
        33587200,
        188.25384549895924
      ]
    ],
    "2-3": [
      [
        4198400,
        24.134843204418818
      ],
      [
        8396800,
        47.609320400158566
      ],
      [
        12595200,
        70.98485963344574
      ],
      [
        16793600,
        94.41756569743157
      ],
      [
        20992000,
        117.89383145769438
      ],
      [
        25190400,
        141.31856640577317
      ],
      [
        29388800,
        164.96754703919092
      ],
      [
        33587200,
        188.38529935876528
      ]
    ]
  },
  "combine_ms_per_edge": {
    "2-0": [
      [
        4194304,
        23.326606623331706
      ],
      [
        8388608,
        46.81057062943776
      ],
      [
        12582912,
        70.23682363231977
      ],
      [
        16777216,
        93.75232339700064
      ],
      [
        20971520,
        117.31108214855195
      ],
      [
        25165824,
        140.79072182774544
      ],
      [
        29360128,
        164.2775875389576
      ],
      [
        33554432,
        187.77483989397686
      ]
    ],
    "2-1": [
      [
        4194304,
        6.914476629098257
      ],
      [
        8388608,
        11.569431638717651
      ],
      [
        12582912,
        16.27392496864001
      ],
      [
        16777216,
        20.958222530285518
      ],
      [
        20971520,
        25.470791469017666
      ],
      [
        25165824,
        29.818423634767534
      ],
      [
        29360128,
        34.46045863032341
      ],
      [
        33554432,
        38.20290322303772
      ]
    ],
    "2-3": [
      [
        4194304,
        6.887974502642949
      ],
      [
        8388608,
        13.388428974151612
      ],
      [
        12582912,
        19.316982195774713
      ],
      [
        16777216,
        27.004353497425715
      ],
      [
        20971520,
        33.05637258887291
      ],
      [
        25165824,
        40.26333646178246
      ],
      [
        29360128,
        48.30378440419833
      ],
      [
        33554432,
        53.60035256942113
      ]
    ]
  }
}