{
  "run_id": "20250915_063431",
  "timestamp_unix": 1757918210.2993824,
  "timestamp_iso": "2025-09-15T06:36:50+0000",
  "preprocess_ms_per_rank": {
    "1": [
      1.5966569979985554,
      2.0978078762690227,
      1.0325796027978262,
      1.6337556302547456,
      2.042706795533498,
      1.2934132317701976,
      1.523055092493693,
      1.9868583182493846,
      1.3164895971616108,
      1.5280651072661082,
      1.9216897249221803,
      1.4296039958794913,
      1.5760840435822805,
      1.903597472111384,
      1.3952391684055327,
      1.5029196600119272,
      1.7338473697503407,
      1.3723441978295645,
      1.494883841276169,
      1.7854597707589468,
      1.695878060658773,
      1.4912602961063386,
      1.726292465130488,
      1.7212244590123496
    ]
  },
  "dispatch_ms_per_edge": {
    "1-0": [
      [
        4198400,
        24.840997632344564
      ],
      [
        8396800,
        48.31422473390897
      ],
      [
        12595200,
        71.68183157245318
      ],
      [
        16793600,
        95.11053530971209
      ],
      [
        20992000,
        118.69255690375964
      ],
      [
        25190400,
        142.12476056019466
      ],
      [
        29388800,
        165.55634707013766
      ],
      [
        33587200,
        189.07251126567522
      ]
    ],
    "1-2": [
      [
        4198400,
        25.387008698781333
      ],
      [
        8396800,
        48.87731903394063
      ],
      [
        12595200,
        72.32050322492917
      ],
      [
        16793600,
        95.7335899690787
      ],
      [
        20992000,
        119.20626999338468
      ],
      [
        25190400,
        142.63407067855198
      ],
      [
        29388800,
        166.05774668455123
      ],
      [
        33587200,
        189.52459360162416
      ]
    ],
    "1-3": [
      [
        4198400,
        25.221427432696025
      ],
      [
        8396800,
        48.67233530680338
      ],
      [
        12595200,
        72.10230336785317
      ],
      [
        16793600,
        95.53476553559304
      ],
      [
        20992000,
        118.99709053039551
      ],
      [
        25190400,
        142.4006461282571
      ],
      [
        29388800,
        165.90278339982032
      ],
      [
        33587200,
        189.35104465285937
      ]
    ]
  },
  "combine_ms_per_edge": {
    "1-0": [
      [
        4194304,
        24.023602590958276
      ],
      [
        8388608,
        47.57652947505315
      ],
      [
        12582912,
        70.99129746158918
      ],
      [
        16777216,
        94.48648175795873
      ],
      [
        20971520,
        117.99324659903844
      ],
      [
        25165824,
        141.4618138531844
      ],
      [
        29360128,
        164.94186279773712
      ],
      [
        33554432,
        188.4248351931572
      ]
    ],
    "1-2": [
      [
        4194304,
        5.672946631908417
      ],
      [
        8388608,
        10.39750063419342
      ],
      [
        12582912,
        15.19310450553894
      ],
      [
        16777216,
        19.927096404631932
      ],
      [
        20971520,
        24.445145670572916
      ],
      [
        25165824,
        28.954823033014932
      ],
      [
        29360128,
        33.564241566260655
      ],
      [
        33554432,
        37.358011267582576
      ]
    ],
    "1-3": [
      [
        4194304,
        6.858589710791906
      ],
      [
        8388608,
        13.349217508236567
      ],
      [
        12582912,
        19.292036998271943
      ],
      [
        16777216,
        26.981914273897807
      ],
      [
        20971520,
        33.08501139879227
      ],
      [
        25165824,
        40.28429062366486
      ],
      [
        29360128,
        48.29319636225701
      ],
      [
        33554432,
        53.62317350904147
      ]
    ]
  }
}