{
  "run_id": "20250910_074154",
  "timestamp_unix": 1757490134.2743104,
  "timestamp_iso": "2025-09-10T07:42:14+0000",
  "dispatch": {
    "alpha_ms": [
      [
        0.0,
        0.7681925311899802,
        0.7696090984516524,
        0.7710483765133628
      ],
      [
        0.7663094342878608,
        0.0,
        0.7677266366537143,
        0.7691669156159946
      ],
      [
        0.6716874143572984,
        0.6731057507985931,
        0.0,
        0.6745468826684662
      ],
      [
        0.757956646690083,
        0.7593765187397141,
        0.7608155631231749,
        0.0
      ]
    ],
    "beta_ms_per_byte": [
      [
        0.0,
        6.971284751244775e-07,
        6.97028154578772e-07,
        6.970266721744375e-07
      ],
      [
        6.973691579407463e-07,
        0.0,
        6.972687818902773e-07,
        6.972672269242228e-07
      ],
      [
        6.976657673194681e-07,
        6.975652726509112e-07,
        0.0,
        6.975636826484543e-07
      ],
      [
        6.979992546195315e-07,
        6.978985893537616e-07,
        6.978973954253727e-07,
        0.0
      ]
    ],
    "r_squared": [
      [
        1.0,
        0.9999748382624899,
        0.9999800254421728,
        0.9999757720324988
      ],
      [
        0.9999751745510077,
        1.0,
        0.9999803018737453,
        0.9999758418040248
      ],
      [
        0.9999767744331085,
        0.9999816840808029,
        1.0,
        0.9999771254492748
      ],
      [
        0.999980351014093,
        0.9999849094578854,
        0.9999814880170955,
        1.0
      ]
    ]
  },
  "combine": {
    "alpha_ms": [
      [
        0.0,
        0.3265639198061772,
        0.32794309880274924,
        0.3293170939602812
      ],
      [
        0.33462356465323145,
        0.0,
        0.3360038680155316,
        0.3373731351336555
      ],
      [
        0.32363399926069314,
        0.32501012968499865,
        0.0,
        0.3263755709841557
      ],
      [
        0.3201241129226082,
        0.3215110244429175,
        0.3228932213429792,
        0.0
      ]
    ],
    "beta_ms_per_byte": [
      [
        0.0,
        6.724633102823028e-07,
        6.723645273353922e-07,
        6.72364957651677e-07
      ],
      [
        6.710655151214194e-07,
        0.0,
        6.709663665954014e-07,
        6.709670637108809e-07
      ],
      [
        6.680695514294571e-07,
        6.679705609774203e-07,
        0.0,
        6.679709276225843e-07
      ],
      [
        6.758702171817026e-07,
        6.757708271766681e-07,
        6.757710821208638e-07,
        0.0
      ]
    ],
    "r_squared": [
      [
        1.0,
        0.9999990188702621,
        0.9999982217703615,
        0.9999995017773805
      ],
      [
        0.9999957442762862,
        1.0,
        0.9999932454316217,
        0.9999953233632968
      ],
      [
        0.9999911975317989,
        0.9999878466549907,
        1.0,
        0.9999889444303431
      ],
      [
        0.9999994235053866,
        0.9999983109342431,
        0.9999990654616738,
        1.0
      ]
    ]
  },
  "preprocess": {
    "latency_ms": [
      [
        2.746196329947561,
        2.8889558199141177,
        0.24676529997959734,
        3.713292719935998
      ]
    ]
  }
}