{
  "run_id": "20250910_030925",
  "timestamp_unix": 1757473767.019704,
  "timestamp_iso": "2025-09-10T03:09:27+0000",
  "preprocess_ms_per_rank": {
    "1": [
      0.28073749542236326
    ]
  },
  "dispatch_ms_per_edge": {
    "1-0": [
      [
        56663928,
        15.697412538528443
      ]
    ]
  },
  "combine_ms_per_edge": {
    "1-0": [
      [
        56553472,
        15.112183141708375
      ]
    ]
  }
}