{
  "run_id": "20250910_030925",
  "timestamp_unix": 1757473767.0193286,
  "timestamp_iso": "2025-09-10T03:09:27+0000",
  "preprocess_ms_per_rank": {
    "3": [
      0.6528526782989502
    ]
  },
  "dispatch_ms_per_edge": {
    "3-0": [
      [
        52206984,
        15.813144063949585
      ]
    ]
  },
  "combine_ms_per_edge": {
    "3-0": [
      [
        52105216,
        14.530023956298828
      ]
    ]
  }
}