{
  "run_id": "20250910_030925",
  "timestamp_unix": 1757473767.0189717,
  "timestamp_iso": "2025-09-10T03:09:27+0000",
  "preprocess_ms_per_rank": {
    "2": [
      0.9631212234497071
    ]
  },
  "dispatch_ms_per_edge": {
    "2-0": [
      [
        49982616,
        15.811981391906738
      ]
    ]
  },
  "combine_ms_per_edge": {
    "2-0": [
      [
        49885184,
        14.192804431915283
      ]
    ]
  }
}