{
  "run_id": "20250910_030925",
  "timestamp_unix": 1757473767.0196452,
  "timestamp_iso": "2025-09-10T03:09:27+0000",
  "preprocess_ms_per_rank": {
    "0": [
      0.3371537685394287
    ]
  },
  "dispatch_ms_per_edge": {
    "0-0": [
      [
        51981264,
        16.317073345184326
      ]
    ]
  },
  "combine_ms_per_edge": {
    "0-0": [
      [
        51879936,
        14.723920822143555
      ]
    ]
  }
}