{
  "run_id": "20250915_144930",
  "timestamp_unix": 1757947904.0466037,
  "timestamp_iso": "2025-09-15T14:51:44+0000",
  "rank": 1,
  "preprocess": {
    "latency_ms": [
      [
        0.0
      ]
    ]
  },
  "coarse_total": {
    "alpha_ms": [
      [
        0.0,
        0.0,
        0.0,
        0.0
      ],
      [
        2.2119293689727972,
        0.0,
        3.2664747814337427,
        3.906455481052408
      ]
    ],
    "beta_ms_per_byte": [
      [
        0.0,
        0.0,
        0.0,
        0.0
      ],
      [
        1.117371413358576e-05,
        0.0,
        1.6715594549391077e-06,
        1.654882968369424e-06
      ]
    ],
    "r_squared": [
      [
        1.0,
        1.0,
        1.0,
        1.0
      ],
      [
        0.9999999427037293,
        1.0,
        0.9995890897899729,
        0.9988550858973947
      ]
    ]
  },
  "dispatch": {
    "alpha_ms": [],
    "beta_ms_per_byte": [],
    "r_squared": []
  },
  "combine": {
    "alpha_ms": [],
    "beta_ms_per_byte": [],
    "r_squared": []
  }
}