{
  "run_id": "20250915_144930",
  "timestamp_unix": 1757947904.045579,
  "timestamp_iso": "2025-09-15T14:51:44+0000",
  "coarse_total": {
    "alpha_ms": [
      [
        0.0,
        2.222476561864234,
        2.0653670231501566,
        2.097307610511773
      ],
      [
        2.2119293689727972,
        0.0,
        3.2664747814337427,
        3.906455481052408
      ],
      [
        2.045125850041721,
        3.249137024084732,
        0.0,
        3.247549939155575
      ],
      [
        2.0078271627426396,
        3.510003340244295,
        4.154306105772655,
        0.0
      ]
    ],
    "beta_ms_per_byte": [
      [
        0.0,
        1.1172048492812544e-05,
        1.1169975475059866e-05,
        1.117244658292205e-05
      ],
      [
        1.117371413358576e-05,
        0.0,
        1.6715594549391077e-06,
        1.654882968369424e-06
      ],
      [
        1.117208266194172e-05,
        1.6734780260360824e-06,
        0.0,
        1.6532442696042116e-06
      ],
      [
        1.1173980211761742e-05,
        1.6775132594155418e-06,
        1.6290173265642022e-06,
        0.0
      ]
    ],
    "r_squared": [
      [
        1.0,
        0.9999996603573431,
        0.9999997352929554,
        0.9999993393026628
      ],
      [
        0.9999999427037293,
        1.0,
        0.9995890897899729,
        0.9988550858973947
      ],
      [
        0.9999999232266832,
        0.9997682332869824,
        1.0,
        0.99910138034154
      ],
      [
        0.999999671299313,
        0.9990150022805282,
        0.9975968780768407,
        1.0
      ]
    ]
  },
  "dispatch": {
    "alpha_ms": [],
    "beta_ms_per_byte": [],
    "r_squared": []
  },
  "combine": {
    "alpha_ms": [],
    "beta_ms_per_byte": [],
    "r_squared": []
  },
  "preprocess": {
    "latency_ms": [
      [
        0.0,
        0.0,
        0.0,
        0.0
      ]
    ]
  }
}