{
  "run_id": "20250915_144930",
  "timestamp_unix": 1757947904.047559,
  "timestamp_iso": "2025-09-15T14:51:44+0000",
  "rank": 3,
  "preprocess": {
    "latency_ms": [
      [
        0.0
      ]
    ]
  },
  "coarse_total": {
    "alpha_ms": [
      [
        0.0,
        0.0,
        0.0
      ],
      [
        0.0,
        0.0,
        0.0
      ],
      [
        0.0,
        0.0,
        0.0
      ],
      [
        2.0078271627426396,
        3.510003340244295,
        4.154306105772655
      ]
    ],
    "beta_ms_per_byte": [
      [
        0.0,
        0.0,
        0.0
      ],
      [
        0.0,
        0.0,
        0.0
      ],
      [
        0.0,
        0.0,
        0.0
      ],
      [
        1.1173980211761742e-05,
        1.6775132594155418e-06,
        1.6290173265642022e-06
      ]
    ],
    "r_squared": [
      [
        1.0,
        1.0,
        1.0
      ],
      [
        1.0,
        1.0,
        1.0
      ],
      [
        1.0,
        1.0,
        1.0
      ],
      [
        0.999999671299313,
        0.9990150022805282,
        0.9975968780768407
      ]
    ]
  },
  "dispatch": {
    "alpha_ms": [],
    "beta_ms_per_byte": [],
    "r_squared": []
  },
  "combine": {
    "alpha_ms": [],
    "beta_ms_per_byte": [],
    "r_squared": []
  }
}