{
  "run_id": "20250915_144930",
  "timestamp_unix": 1757947904.0470712,
  "timestamp_iso": "2025-09-15T14:51:44+0000",
  "rank": 2,
  "preprocess": {
    "latency_ms": [
      [
        0.0
      ]
    ]
  },
  "coarse_total": {
    "alpha_ms": [
      [
        0.0,
        0.0,
        0.0,
        0.0
      ],
      [
        0.0,
        0.0,
        0.0,
        0.0
      ],
      [
        2.045125850041721,
        3.249137024084732,
        0.0,
        3.247549939155575
      ]
    ],
    "beta_ms_per_byte": [
      [
        0.0,
        0.0,
        0.0,
        0.0
      ],
      [
        0.0,
        0.0,
        0.0,
        0.0
      ],
      [
        1.117208266194172e-05,
        1.6734780260360824e-06,
        0.0,
        1.6532442696042116e-06
      ]
    ],
    "r_squared": [
      [
        1.0,
        1.0,
        1.0,
        1.0
      ],
      [
        1.0,
        1.0,
        1.0,
        1.0
      ],
      [
        0.9999999232266832,
        0.9997682332869824,
        1.0,
        0.99910138034154
      ]
    ]
  },
  "dispatch": {
    "alpha_ms": [],
    "beta_ms_per_byte": [],
    "r_squared": []
  },
  "combine": {
    "alpha_ms": [],
    "beta_ms_per_byte": [],
    "r_squared": []
  }
}