{
  "run_id": "20250915_144930",
  "timestamp_unix": 1757947904.0461402,
  "timestamp_iso": "2025-09-15T14:51:44+0000",
  "rank": 0,
  "preprocess": {
    "latency_ms": [
      [
        0.0
      ]
    ]
  },
  "coarse_total": {
    "alpha_ms": [
      [
        0.0,
        2.222476561864234,
        2.0653670231501566,
        2.097307610511773
      ]
    ],
    "beta_ms_per_byte": [
      [
        0.0,
        1.1172048492812544e-05,
        1.1169975475059866e-05,
        1.117244658292205e-05
      ]
    ],
    "r_squared": [
      [
        1.0,
        0.9999996603573431,
        0.9999997352929554,
        0.9999993393026628
      ]
    ]
  },
  "dispatch": {
    "alpha_ms": [],
    "beta_ms_per_byte": [],
    "r_squared": []
  },
  "combine": {
    "alpha_ms": [],
    "beta_ms_per_byte": [],
    "r_squared": []
  }
}