{
  "run_id": "20250910_053643",
  "timestamp_unix": 1757482622.7610264,
  "timestamp_iso": "2025-09-10T05:37:02+0000",
  "dispatch": {
    "alpha_ms": [
      [
        0.0,
        0.7438427898072126,
        0.7459330560068119,
        0.7480021743522368
      ],
      [
        0.743081689227255,
        0.0,
        0.7451714621759203,
        0.7472413156271294
      ],
      [
        0.7220293285177984,
        0.7241221003875722,
        0.0,
        0.7261885932287391
      ],
      [
        0.660455204438423,
        0.6625475078833168,
        0.6646228532903995,
        0.0
      ]
    ],
    "beta_ms_per_byte": [
      [
        0.0,
        1.0171579961145841e-06,
        1.0170082779219583e-06,
        1.0170105291324388e-06
      ],
      [
        1.0174353736394466e-06,
        0.0,
        1.0172857665641415e-06,
        1.0172879940091872e-06
      ],
      [
        1.0187087994299767e-06,
        1.0185589503229006e-06,
        0.0,
        1.018562031249479e-06
      ],
      [
        1.017920503706782e-06,
        1.0177706060724113e-06,
        1.017772190539184e-06,
        0.0
      ]
    ],
    "r_squared": [
      [
        1.0,
        0.9999869410827186,
        0.999985552900238,
        0.9999899799643975
      ],
      [
        0.9999862885137267,
        1.0,
        0.9999851990545005,
        0.999989578186873
      ],
      [
        0.9999728166690022,
        0.9999716196578537,
        1.0,
        0.9999776690746288
      ],
      [
        0.9999942050597761,
        0.9999926848026126,
        0.9999957983851944,
        1.0
      ]
    ]
  },
  "combine": {
    "alpha_ms": [
      [
        0.0,
        0.31844971994773213,
        0.32047939249343005,
        0.3224768554936791
      ],
      [
        0.3094205095434557,
        0.0,
        0.31145429871538655,
        0.3134544436389602
      ],
      [
        0.3097145623432312,
        0.3117584977659981,
        0.0,
        0.31376377201574485
      ],
      [
        0.3153867035749042,
        0.31740544410165067,
        0.31938306330759525,
        0.0
      ]
    ],
    "beta_ms_per_byte": [
      [
        0.0,
        9.833024408882268e-07,
        9.831561394887075e-07,
        9.83158434700106e-07
      ],
      [
        9.854356092383064e-07,
        0.0,
        9.85289031440009e-07,
        9.852915679287931e-07
      ],
      [
        9.888371849164682e-07,
        9.88689654009572e-07,
        0.0,
        9.886924530826124e-07
      ],
      [
        9.77529079150867e-07,
        9.773834958468535e-07,
        9.773869388118188e-07,
        0.0
      ]
    ],
    "r_squared": [
      [
        1.0,
        0.9999824283553914,
        0.9999778535790682,
        0.9999825225490412
      ],
      [
        0.9999811720676837,
        1.0,
        0.9999766804916537,
        0.9999818290984446
      ],
      [
        0.9999746836498545,
        0.9999692876120061,
        1.0,
        0.9999749496335006
      ],
      [
        0.9999696828663337,
        0.9999648198407035,
        0.9999718648745511,
        1.0
      ]
    ]
  },
  "preprocess": {
    "latency_ms": [
      [
        1.6090633296966552,
        3.9741357040405276,
        0.7546457862854005,
        0.2641033935546875
      ]
    ]
  }
}