{
  "run_id": "20250910_075106",
  "timestamp_unix": 1757490711.8662922,
  "timestamp_iso": "2025-09-10T07:51:51+0000",
  "preprocess_ms_per_rank": {
    "1": [
      0.7668920667221149,
      1.5027715334047873,
      2.239884499864032,
      3.0943775666567186,
      3.6622242999263106,
      4.556037233242145,
      5.353476666783293,
      5.586201166609923
    ]
  },
  "dispatch_ms_per_edge": {
    "1-0": [
      [
        1402200,
        1.7785115999480088
      ],
      [
        2800300,
        2.7192751333427925
      ],
      [
        4198400,
        3.672459333110601
      ],
      [
        5600600,
        4.660890899971127
      ],
      [
        6998700,
        5.635184700166186
      ],
      [
        8396800,
        6.623359333413343
      ],
      [
        9799000,
        7.602858066745102
      ],
      [
        11197100,
        8.589081133405367
      ]
    ],
    "1-2": [
      [
        1398100,
        1.7785115999480088
      ],
      [
        2800300,
        2.7192751333427925
      ],
      [
        4198400,
        3.672459333110601
      ],
      [
        5596500,
        4.660890899971127
      ],
      [
        6998700,
        5.635184700166186
      ],
      [
        8396800,
        6.623359333413343
      ],
      [
        9794900,
        7.602858066745102
      ],
      [
        11197100,
        8.589081133405367
      ]
    ],
    "1-3": [
      [
        1398100,
        1.7785115999480088
      ],
      [
        2796200,
        2.7192751333427925
      ],
      [
        4198400,
        3.672459333110601
      ],
      [
        5596500,
        4.660890899971127
      ],
      [
        6994600,
        5.635184700166186
      ],
      [
        8396800,
        6.623359333413343
      ],
      [
        9794900,
        7.602858066745102
      ],
      [
        11193000,
        8.589081133405367
      ]
    ]
  },
  "combine_ms_per_edge": {
    "1-0": [
      [
        1400832,
        1.248444666682432
      ],
      [
        2797568,
        2.1928121333010493
      ],
      [
        4194304,
        3.1341742000232142
      ],
      [
        5595136,
        4.071296566693733
      ],
      [
        6991872,
        5.0049763335846364
      ],
      [
        8388608,
        5.929078133342167
      ],
      [
        9789440,
        6.872977233305574
      ],
      [
        11186176,
        7.811577900095532
      ]
    ],
    "1-2": [
      [
        1396736,
        1.248444666682432
      ],
      [
        2797568,
        2.1928121333010493
      ],
      [
        4194304,
        3.1341742000232142
      ],
      [
        5591040,
        4.071296566693733
      ],
      [
        6991872,
        5.0049763335846364
      ],
      [
        8388608,
        5.929078133342167
      ],
      [
        9785344,
        6.872977233305574
      ],
      [
        11186176,
        7.811577900095532
      ]
    ],
    "1-3": [
      [
        1396736,
        1.248444666682432
      ],
      [
        2793472,
        2.1928121333010493
      ],
      [
        4194304,
        3.1341742000232142
      ],
      [
        5591040,
        4.071296566693733
      ],
      [
        6987776,
        5.0049763335846364
      ],
      [
        8388608,
        5.929078133342167
      ],
      [
        9785344,
        6.872977233305574
      ],
      [
        11182080,
        7.811577900095532
      ]
    ]
  }
}