{
  "run_id": "20250910_075106",
  "timestamp_unix": 1757490711.8662705,
  "timestamp_iso": "2025-09-10T07:51:51+0000",
  "preprocess_ms_per_rank": {
    "0": [
      0.35647103333224855,
      0.23409910009553034,
      0.2349139333392183,
      0.23428040000920494,
      0.2320259000485142,
      0.23500643325969578,
      0.23334100004285574,
      0.24238289995118975
    ]
  },
  "dispatch_ms_per_edge": {
    "0-1": [
      [
        1402200,
        1.6786270999970536
      ],
      [
        2800300,
        2.619556599979599
      ],
      [
        4198400,
        3.5712217999001346
      ],
      [
        5600600,
        4.561972199939191
      ],
      [
        6998700,
        5.538512333234151
      ],
      [
        8396800,
        6.524188333253066
      ],
      [
        9799000,
        7.5071110999211665
      ],
      [
        11197100,
        8.49148800012966
      ]
    ],
    "0-2": [
      [
        1398100,
        1.6786270999970536
      ],
      [
        2800300,
        2.619556599979599
      ],
      [
        4198400,
        3.5712217999001346
      ],
      [
        5596500,
        4.561972199939191
      ],
      [
        6998700,
        5.538512333234151
      ],
      [
        8396800,
        6.524188333253066
      ],
      [
        9794900,
        7.5071110999211665
      ],
      [
        11197100,
        8.49148800012966
      ]
    ],
    "0-3": [
      [
        1398100,
        1.6786270999970536
      ],
      [
        2796200,
        2.619556599979599
      ],
      [
        4198400,
        3.5712217999001346
      ],
      [
        5596500,
        4.561972199939191
      ],
      [
        6994600,
        5.538512333234151
      ],
      [
        8396800,
        6.524188333253066
      ],
      [
        9794900,
        7.5071110999211665
      ],
      [
        11193000,
        8.49148800012966
      ]
    ]
  },
  "combine_ms_per_edge": {
    "0-1": [
      [
        1400832,
        1.2446444668186207
      ],
      [
        2797568,
        2.195700866697977
      ],
      [
        4194304,
        3.1415078666061165
      ],
      [
        5595136,
        4.073720166645944
      ],
      [
        6991872,
        5.021297800044219
      ],
      [
        8388608,
        5.942921500156323
      ],
      [
        9789440,
        6.889923566703995
      ],
      [
        11186176,
        7.847929733339697
      ]
    ],
    "0-2": [
      [
        1396736,
        1.2446444668186207
      ],
      [
        2797568,
        2.195700866697977
      ],
      [
        4194304,
        3.1415078666061165
      ],
      [
        5591040,
        4.073720166645944
      ],
      [
        6991872,
        5.021297800044219
      ],
      [
        8388608,
        5.942921500156323
      ],
      [
        9785344,
        6.889923566703995
      ],
      [
        11186176,
        7.847929733339697
      ]
    ],
    "0-3": [
      [
        1396736,
        1.2446444668186207
      ],
      [
        2793472,
        2.195700866697977
      ],
      [
        4194304,
        3.1415078666061165
      ],
      [
        5591040,
        4.073720166645944
      ],
      [
        6987776,
        5.021297800044219
      ],
      [
        8388608,
        5.942921500156323
      ],
      [
        9785344,
        6.889923566703995
      ],
      [
        11182080,
        7.847929733339697
      ]
    ]
  }
}