{
  "run_id": "20250910_075106",
  "timestamp_unix": 1757490711.866272,
  "timestamp_iso": "2025-09-10T07:51:51+0000",
  "preprocess_ms_per_rank": {
    "2": [
      1.6551431668301424,
      2.4063910000026225,
      3.71936529998978,
      4.807847599871456,
      6.093367366710057,
      7.075765433317671,
      8.573844699934124,
      9.220154599938542
    ]
  },
  "dispatch_ms_per_edge": {
    "2-0": [
      [
        1402200,
        1.7795593334672353
      ],
      [
        2800300,
        2.7192037333113452
      ],
      [
        4198400,
        3.671887900152554
      ],
      [
        5600600,
        4.660905833200862
      ],
      [
        6998700,
        5.6348465665554
      ],
      [
        8396800,
        6.622897299813728
      ],
      [
        9799000,
        7.603477133313815
      ],
      [
        11197100,
        8.590240933342526
      ]
    ],
    "2-1": [
      [
        1398100,
        1.7795593334672353
      ],
      [
        2800300,
        2.7192037333113452
      ],
      [
        4198400,
        3.671887900152554
      ],
      [
        5596500,
        4.660905833200862
      ],
      [
        6998700,
        5.6348465665554
      ],
      [
        8396800,
        6.622897299813728
      ],
      [
        9794900,
        7.603477133313815
      ],
      [
        11197100,
        8.590240933342526
      ]
    ],
    "2-3": [
      [
        1398100,
        1.7795593334672353
      ],
      [
        2796200,
        2.7192037333113452
      ],
      [
        4198400,
        3.671887900152554
      ],
      [
        5596500,
        4.660905833200862
      ],
      [
        6994600,
        5.6348465665554
      ],
      [
        8396800,
        6.622897299813728
      ],
      [
        9794900,
        7.603477133313815
      ],
      [
        11193000,
        8.590240933342526
      ]
    ]
  },
  "combine_ms_per_edge": {
    "2-0": [
      [
        1400832,
        1.2450625334245464
      ],
      [
        2797568,
        2.19152486656482
      ],
      [
        4194304,
        3.1346974333437783
      ],
      [
        5595136,
        4.075698333171506
      ],
      [
        6991872,
        5.003366566666712
      ],
      [
        8388608,
        5.939236699976027
      ],
      [
        9789440,
        6.879275333508849
      ],
      [
        11186176,
        7.831114866739759
      ]
    ],
    "2-1": [
      [
        1396736,
        1.2450625334245464
      ],
      [
        2797568,
        2.19152486656482
      ],
      [
        4194304,
        3.1346974333437783
      ],
      [
        5591040,
        4.075698333171506
      ],
      [
        6991872,
        5.003366566666712
      ],
      [
        8388608,
        5.939236699976027
      ],
      [
        9785344,
        6.879275333508849
      ],
      [
        11186176,
        7.831114866739759
      ]
    ],
    "2-3": [
      [
        1396736,
        1.2450625334245464
      ],
      [
        2793472,
        2.19152486656482
      ],
      [
        4194304,
        3.1346974333437783
      ],
      [
        5591040,
        4.075698333171506
      ],
      [
        6987776,
        5.003366566666712
      ],
      [
        8388608,
        5.939236699976027
      ],
      [
        9785344,
        6.879275333508849
      ],
      [
        11182080,
        7.831114866739759
      ]
    ]
  }
}