{
  "run_id": "20250910_075106",
  "timestamp_unix": 1757490711.8662946,
  "timestamp_iso": "2025-09-10T07:51:51+0000",
  "preprocess_ms_per_rank": {
    "3": [
      0.8826824999103944,
      0.9766942001258333,
      1.4439248998649419,
      2.0443856664312383,
      2.5590020665588478,
      2.9168560998514295,
      3.506463833277424,
      4.00537216681987
    ]
  },
  "dispatch_ms_per_edge": {
    "3-0": [
      [
        1402200,
        1.7738867001918455
      ],
      [
        2800300,
        2.7187107666085164
      ],
      [
        4198400,
        3.6719938999352357
      ],
      [
        5600600,
        4.660292766802013
      ],
      [
        6998700,
        5.634335499970863
      ],
      [
        8396800,
        6.6228422666589415
      ],
      [
        9799000,
        7.602462133299559
      ],
      [
        11197100,
        8.588157700033237
      ]
    ],
    "3-1": [
      [
        1398100,
        1.7738867001918455
      ],
      [
        2800300,
        2.7187107666085164
      ],
      [
        4198400,
        3.6719938999352357
      ],
      [
        5596500,
        4.660292766802013
      ],
      [
        6998700,
        5.634335499970863
      ],
      [
        8396800,
        6.6228422666589415
      ],
      [
        9794900,
        7.602462133299559
      ],
      [
        11197100,
        8.588157700033237
      ]
    ],
    "3-2": [
      [
        1398100,
        1.7738867001918455
      ],
      [
        2796200,
        2.7187107666085164
      ],
      [
        4198400,
        3.6719938999352357
      ],
      [
        5596500,
        4.660292766802013
      ],
      [
        6994600,
        5.634335499970863
      ],
      [
        8396800,
        6.6228422666589415
      ],
      [
        9794900,
        7.602462133299559
      ],
      [
        11193000,
        8.588157700033237
      ]
    ]
  },
  "combine_ms_per_edge": {
    "3-0": [
      [
        1400832,
        1.2555133330635726
      ],
      [
        2797568,
        2.209881433285773
      ],
      [
        4194304,
        3.1591660998761655
      ],
      [
        5595136,
        4.101551533335199
      ],
      [
        6991872,
        5.045583233299355
      ],
      [
        8388608,
        5.98539109993726
      ],
      [
        9789440,
        6.934422466624528
      ],
      [
        11186176,
        7.891802333295345
      ]
    ],
    "3-1": [
      [
        1396736,
        1.2555133330635726
      ],
      [
        2797568,
        2.209881433285773
      ],
      [
        4194304,
        3.1591660998761655
      ],
      [
        5591040,
        4.101551533335199
      ],
      [
        6991872,
        5.045583233299355
      ],
      [
        8388608,
        5.98539109993726
      ],
      [
        9785344,
        6.934422466624528
      ],
      [
        11186176,
        7.891802333295345
      ]
    ],
    "3-2": [
      [
        1396736,
        1.2555133330635726
      ],
      [
        2793472,
        2.209881433285773
      ],
      [
        4194304,
        3.1591660998761655
      ],
      [
        5591040,
        4.101551533335199
      ],
      [
        6987776,
        5.045583233299355
      ],
      [
        8388608,
        5.98539109993726
      ],
      [
        9785344,
        6.934422466624528
      ],
      [
        11182080,
        7.891802333295345
      ]
    ]
  }
}