{
  "run_id": "20250914_150919",
  "timestamp_unix": 1757862623.1916888,
  "timestamp_iso": "2025-09-14T15:10:23+0000",
  "dispatch": {
    "alpha_ms": [
      [
        0.0,
        3.7896278039604656,
        3.79877210383757,
        3.802299996628573
      ],
      [
        3.8023184082159123,
        0.0,
        3.81147201120378,
        3.815007496116902
      ],
      [
        3.7863034269584146,
        3.795450321016529,
        0.0,
        3.798982546906554
      ],
      [
        3.749038548354948,
        3.758187203679153,
        3.7617132991442017,
        0.0
      ]
    ],
    "beta_ms_per_byte": [
      [
        0.0,
        4.06386512118164e-06,
        4.063405246427247e-06,
        4.0638371977897635e-06
      ],
      [
        4.0610439009734985e-06,
        0.0,
        4.0605818601976335e-06,
        4.061011916236134e-06
      ],
      [
        4.063519797831699e-06,
        4.063059426838159e-06,
        0.0,
        4.06349060552781e-06
      ],
      [
        4.062169361661386e-06,
        4.061708381298926e-06,
        4.062140203754815e-06,
        0.0
      ]
    ],
    "r_squared": [
      [
        1.0,
        0.9959835728724152,
        0.9959665864968663,
        0.9959698858315158
      ],
      [
        0.996137468842341,
        1.0,
        0.9961192604936153,
        0.9961217777685043
      ],
      [
        0.9959223216285767,
        0.995905073872479,
        1.0,
        0.9959080122790084
      ],
      [
        0.9958696241212579,
        0.9958520034436962,
        0.9958553276374544,
        1.0
      ]
    ]
  },
  "combine": {
    "alpha_ms": [
      [
        0.0,
        2.5034458871266825,
        2.512506895944158,
        2.5158780506883205
      ],
      [
        2.364616074067976,
        0.0,
        2.373482216277745,
        2.3767985812358865
      ],
      [
        2.3813377341180897,
        2.3902313900990255,
        0.0,
        2.393564335976624
      ],
      [
        2.3987344957966057,
        2.407796525653578,
        2.4112954443542596,
        0.0
      ]
    ],
    "beta_ms_per_byte": [
      [
        0.0,
        3.987353818961789e-06,
        3.986887085450252e-06,
        3.987324722784126e-06
      ],
      [
        4.006290768205866e-06,
        0.0,
        4.0058596311861014e-06,
        4.006310612348877e-06
      ],
      [
        3.985342546005765e-06,
        3.984901921477789e-06,
        0.0,
        3.985345148652981e-06
      ],
      [
        4.040599172800154e-06,
        4.040145276352723e-06,
        4.040575606856735e-06,
        0.0
      ]
    ],
    "r_squared": [
      [
        1.0,
        0.9966801493638576,
        0.9966553931486113,
        0.9966656036384426
      ],
      [
        0.9950487327226952,
        1.0,
        0.9950428022621647,
        0.9950585901890657
      ],
      [
        0.9976358459370132,
        0.9976240208811945,
        1.0,
        0.9976371489592643
      ],
      [
        0.9982467270599794,
        0.9982313552793299,
        0.9982350829664779,
        1.0
      ]
    ]
  },
  "preprocess": {
    "latency_ms": [
      [
        0.7413666600982348,
        0.6700853357712427,
        1.9275398900111516,
        1.979016931106647
      ]
    ]
  }
}