{
  "run_id": "20250915_144109",
  "timestamp_unix": 1757947402.2384663,
  "timestamp_iso": "2025-09-15T14:43:22+0000",
  "preprocess_ms_per_rank": {},
  "dispatch_ms_per_edge": {},
  "combine_ms_per_edge": {},
  "local_rank_measurements": [],
  "coarse_total_ms_per_edge": {
    "0-1": [
      [
        2097152.0,
        25.747558307647704
      ],
      [
        4194304.0,
        49.033573913574216
      ],
      [
        8388608.0,
        96.01131477355958
      ],
      [
        16777216.0,
        189.6008186340332
      ],
      [
        33554432.0,
        377.11739349365234
      ]
    ],
    "0-2": [
      [
        2097152.0,
        25.45930242538452
      ],
      [
        4194304.0,
        48.958771324157716
      ],
      [
        8388608.0,
        95.81726684570313
      ],
      [
        16777216.0,
        189.36350631713867
      ],
      [
        33554432.0,
        376.9205780029297
      ]
    ],
    "0-3": [
      [
        2097152.0,
        25.547622203826904
      ],
      [
        4194304.0,
        48.95283203125
      ],
      [
        8388608.0,
        95.84706573486328
      ],
      [
        16777216.0,
        189.51321716308593
      ],
      [
        33554432.0,
        377.06214752197263
      ]
    ]
  }
}