{
  "run_id": "20250915_144109",
  "timestamp_unix": 1757947402.2399487,
  "timestamp_iso": "2025-09-15T14:43:22+0000",
  "preprocess_ms_per_rank": {},
  "dispatch_ms_per_edge": {},
  "combine_ms_per_edge": {},
  "local_rank_measurements": [],
  "coarse_total_ms_per_edge": {
    "3-0": [
      [
        2097152.0,
        25.470719814300537
      ],
      [
        4194304.0,
        48.914073371887206
      ],
      [
        8388608.0,
        95.78583068847657
      ],
      [
        16777216.0,
        189.3769729614258
      ],
      [
        33554432.0,
        376.9775619506836
      ]
    ],
    "3-1": [
      [
        2097152.0,
        7.565414404869079
      ],
      [
        4194304.0,
        10.589081621170044
      ],
      [
        8388608.0,
        18.38725128173828
      ],
      [
        16777216.0,
        31.132313442230224
      ],
      [
        33554432.0,
        59.47386875152588
      ]
    ],
    "3-2": [
      [
        2097152.0,
        7.4858495712280275
      ],
      [
        4194304.0,
        9.050828790664672
      ],
      [
        8388608.0,
        16.433971214294434
      ],
      [
        16777216.0,
        30.359449577331542
      ],
      [
        33554432.0,
        58.44172763824463
      ]
    ]
  }
}