{
  "run_id": "20250915_144109",
  "timestamp_unix": 1757947402.2398462,
  "timestamp_iso": "2025-09-15T14:43:22+0000",
  "preprocess_ms_per_rank": {},
  "dispatch_ms_per_edge": {},
  "combine_ms_per_edge": {},
  "local_rank_measurements": [],
  "coarse_total_ms_per_edge": {
    "2-0": [
      [
        2097152.0,
        25.550745487213135
      ],
      [
        4194304.0,
        49.0040828704834
      ],
      [
        8388608.0,
        95.65957145690918
      ],
      [
        16777216.0,
        189.34737854003907
      ],
      [
        33554432.0,
        376.95897674560547
      ]
    ],
    "2-1": [
      [
        2097152.0,
        7.37464325428009
      ],
      [
        4194304.0,
        9.985177564620972
      ],
      [
        8388608.0,
        16.87792625427246
      ],
      [
        16777216.0,
        31.336191844940185
      ],
      [
        33554432.0,
        59.56136951446533
      ]
    ],
    "2-3": [
      [
        2097152.0,
        7.5054080247879025
      ],
      [
        4194304.0,
        9.71898889541626
      ],
      [
        8388608.0,
        17.51516160964966
      ],
      [
        16777216.0,
        30.133606338500975
      ],
      [
        33554432.0,
        58.683596801757815
      ]
    ]
  }
}