{
  "run_id": "20250915_144109",
  "timestamp_unix": 1757947402.2391603,
  "timestamp_iso": "2025-09-15T14:43:22+0000",
  "preprocess_ms_per_rank": {},
  "dispatch_ms_per_edge": {},
  "combine_ms_per_edge": {},
  "local_rank_measurements": [],
  "coarse_total_ms_per_edge": {
    "1-0": [
      [
        2097152.0,
        25.581158542633055
      ],
      [
        4194304.0,
        49.039564514160155
      ],
      [
        8388608.0,
        95.91347160339356
      ],
      [
        16777216.0,
        189.6195083618164
      ],
      [
        33554432.0,
        377.1760620117187
      ]
    ],
    "1-2": [
      [
        2097152.0,
        8.136396670341492
      ],
      [
        4194304.0,
        9.921433639526366
      ],
      [
        8388608.0,
        17.00577278137207
      ],
      [
        16777216.0,
        31.704832363128663
      ],
      [
        33554432.0,
        59.52691173553467
      ]
    ],
    "1-3": [
      [
        2097152.0,
        7.599974417686463
      ],
      [
        4194304.0,
        10.415462350845337
      ],
      [
        8388608.0,
        16.924210929870604
      ],
      [
        16777216.0,
        31.218175983428956
      ],
      [
        33554432.0,
        59.839641380310056
      ]
    ]
  }
}