{
  "run_id": "20250908_122945",
  "timestamp_unix": 1757334589.7973397,
  "timestamp_iso": "2025-09-08T12:29:49+0000",
  "preprocess_ms_per_rank": {
    "3": [
      0.2962164878845215,
      0.28661909103393557,
      0.27739386558532714,
      0.2615190982818604,
      0.255507755279541,
      0.22977399826049805,
      0.2295546531677246,
      0.2261913776397705,
      0.2443723201751709,
      0.2284168243408203,
      0.22772617340087892,
      0.2526127338409424
    ]
  },
  "dispatch_ms_per_edge": {
    "3-0": [
      [
        8396800,
        3.5523072242736817
      ],
      [
        16793600,
        6.150137853622437
      ],
      [
        25715200,
        8.860578298568726
      ],
      [
        33587200,
        11.388006687164307
      ]
    ],
    "3-1": [
      [
        8396800,
        3.434768867492676
      ],
      [
        16793600,
        6.0532959461212155
      ],
      [
        25715200,
        8.8272301197052
      ],
      [
        33587200,
        11.332454109191895
      ]
    ],
    "3-2": [
      [
        8396800,
        3.707487106323242
      ],
      [
        16793600,
        6.433635425567627
      ],
      [
        25715200,
        9.48795781135559
      ],
      [
        33587200,
        12.187703084945678
      ]
    ]
  },
  "combine_ms_per_edge": {
    "3-0": [
      [
        8388608,
        3.2935431957244874
      ],
      [
        16777216,
        6.173426532745362
      ],
      [
        25690112,
        9.394801902770997
      ],
      [
        33554432,
        12.221179533004761
      ]
    ],
    "3-1": [
      [
        8388608,
        3.335512971878052
      ],
      [
        16777216,
        6.168577194213867
      ],
      [
        25690112,
        9.265025091171264
      ],
      [
        33554432,
        12.042561244964599
      ]
    ],
    "3-2": [
      [
        8388608,
        3.1465837955474854
      ],
      [
        16777216,
        5.956739234924316
      ],
      [
        25690112,
        8.977751922607421
      ],
      [
        33554432,
        11.818842887878418
      ]
    ]
  }
}