{
  "run_id": "20250908_122945",
  "timestamp_unix": 1757334589.797351,
  "timestamp_iso": "2025-09-08T12:29:49+0000",
  "preprocess_ms_per_rank": {
    "1": [
      0.29530019760131837,
      0.286245059967041,
      0.279445743560791,
      0.2620404720306396,
      0.24765729904174805,
      0.22848281860351563,
      0.2514467716217041,
      0.22169733047485352,
      0.24337024688720704,
      0.22565741539001466,
      0.22336063385009766,
      0.2498157024383545
    ]
  },
  "dispatch_ms_per_edge": {
    "1-0": [
      [
        8396800,
        3.7211708068847655
      ],
      [
        16793600,
        6.403135490417481
      ],
      [
        25715200,
        9.314264726638793
      ],
      [
        33587200,
        11.945361614227295
      ]
    ],
    "1-2": [
      [
        8396800,
        3.6811692237854006
      ],
      [
        16793600,
        6.396201086044312
      ],
      [
        25715200,
        9.371590328216552
      ],
      [
        33587200,
        12.026336479187012
      ]
    ],
    "1-3": [
      [
        8396800,
        3.474168872833252
      ],
      [
        16793600,
        6.017114543914795
      ],
      [
        25715200,
        8.936657476425172
      ],
      [
        33587200,
        11.45868902206421
      ]
    ]
  },
  "combine_ms_per_edge": {
    "1-0": [
      [
        8388608,
        3.1127291679382325
      ],
      [
        16777216,
        5.887996482849121
      ],
      [
        25690112,
        8.923476696014404
      ],
      [
        33554432,
        11.636033725738525
      ]
    ],
    "1-2": [
      [
        8388608,
        3.0305420398712157
      ],
      [
        16777216,
        5.785301399230957
      ],
      [
        25690112,
        8.71077766418457
      ],
      [
        33554432,
        11.317624187469482
      ]
    ],
    "1-3": [
      [
        8388608,
        3.368108367919922
      ],
      [
        16777216,
        6.366291189193726
      ],
      [
        25690112,
        9.50140700340271
      ],
      [
        33554432,
        12.512479877471923
      ]
    ]
  }
}