{
  "run_id": "20250908_122945",
  "timestamp_unix": 1757334589.7973456,
  "timestamp_iso": "2025-09-08T12:29:49+0000",
  "preprocess_ms_per_rank": {
    "0": [
      0.2985076904296875,
      0.31699209213256835,
      0.27930212020874023,
      0.26034207344055177,
      0.24966278076171874,
      0.2303079128265381,
      0.22847771644592285,
      0.22945399284362794,
      0.2472616672515869,
      0.2274749755859375,
      0.22602505683898927,
      0.2498335838317871
    ]
  },
  "dispatch_ms_per_edge": {
    "0-1": [
      [
        8396800,
        3.7645426273345945
      ],
      [
        16793600,
        6.510767650604248
      ],
      [
        25715200,
        9.439786148071288
      ],
      [
        33587200,
        12.128595924377441
      ]
    ],
    "0-2": [
      [
        8396800,
        3.4839024543762207
      ],
      [
        16793600,
        6.05648021697998
      ],
      [
        25715200,
        8.871277666091919
      ],
      [
        33587200,
        11.419232606887817
      ]
    ],
    "0-3": [
      [
        8396800,
        3.493571662902832
      ],
      [
        16793600,
        6.051634931564331
      ],
      [
        25715200,
        8.949895524978638
      ],
      [
        33587200,
        11.53186092376709
      ]
    ]
  },
  "combine_ms_per_edge": {
    "0-1": [
      [
        8388608,
        3.0368613719940187
      ],
      [
        16777216,
        5.767256021499634
      ],
      [
        25690112,
        8.751717615127564
      ],
      [
        33554432,
        11.417958450317382
      ]
    ],
    "0-2": [
      [
        8388608,
        3.2273956775665282
      ],
      [
        16777216,
        6.115039110183716
      ],
      [
        25690112,
        9.156164073944092
      ],
      [
        33554432,
        11.893646860122681
      ]
    ],
    "0-3": [
      [
        8388608,
        3.329647731781006
      ],
      [
        16777216,
        6.302685737609863
      ],
      [
        25690112,
        9.444840049743652
      ],
      [
        33554432,
        12.399159336090088
      ]
    ]
  }
}