{
  "run_id": "20250908_122945",
  "timestamp_unix": 1757334589.7973545,
  "timestamp_iso": "2025-09-08T12:29:49+0000",
  "preprocess_ms_per_rank": {
    "2": [
      0.29894108772277833,
      0.290401029586792,
      0.278181791305542,
      0.26008014678955077,
      0.24793663024902343,
      0.22869586944580078,
      0.2366952896118164,
      0.22362174987792968,
      0.2427804946899414,
      0.22817602157592773,
      0.22489867210388184,
      0.24915456771850586
    ]
  },
  "dispatch_ms_per_edge": {
    "2-0": [
      [
        8396800,
        3.57926549911499
      ],
      [
        16793600,
        6.15879716873169
      ],
      [
        25715200,
        8.915225744247437
      ],
      [
        33587200,
        11.388730335235596
      ]
    ],
    "2-1": [
      [
        8396800,
        3.678090476989746
      ],
      [
        16793600,
        6.4057060241699215
      ],
      [
        25715200,
        9.368087196350098
      ],
      [
        33587200,
        12.021895742416381
      ]
    ],
    "2-3": [
      [
        8396800,
        3.6454962730407714
      ],
      [
        16793600,
        6.341715145111084
      ],
      [
        25715200,
        9.345558357238769
      ],
      [
        33587200,
        12.00461974143982
      ]
    ]
  },
  "combine_ms_per_edge": {
    "2-0": [
      [
        8388608,
        3.2432283401489257
      ],
      [
        16777216,
        6.139824056625367
      ],
      [
        25690112,
        9.319688510894775
      ],
      [
        33554432,
        12.174033594131469
      ]
    ],
    "2-1": [
      [
        8388608,
        3.0424912929534913
      ],
      [
        16777216,
        5.762662649154663
      ],
      [
        25690112,
        8.69439764022827
      ],
      [
        33554432,
        11.291155195236206
      ]
    ],
    "2-3": [
      [
        8388608,
        3.1923553943634033
      ],
      [
        16777216,
        6.038749027252197
      ],
      [
        25690112,
        9.09873857498169
      ],
      [
        33554432,
        11.961110925674438
      ]
    ]
  }
}